step,state,force_close,jpos_shoulder_pan,jpos_shoulder_lift,jpos_elbow_flex,jpos_wrist_flex,jpos_wrist_roll,jpos_gripper,jpos_left_proximal,jpos_right_proximal,jpos_left_distal,jpos_right_distal,jvel_shoulder_pan,jvel_shoulder_lift,jvel_elbow_flex,jvel_wrist_flex,jvel_wrist_roll,jvel_gripper,jvel_left_proximal,jvel_right_proximal,jvel_left_distal,jvel_right_distal,action_0,action_1,action_2,action_3,action_4,action_5,target_ee_x,target_ee_y,target_ee_z,current_ee_x,current_ee_y,current_ee_z,cube_x,cube_y,cube_z
0,APPROACH,0,0.0,0.0,0.0,1.5700000524520874,0.0,0.0,0.0,0.0,0.0,0.0,0.0,0.0,0.0,0.0,0.0,0.0,0.0,0.0,0.0,0.0,0.041411299258470535,0.017560258507728577,0.05327688902616501,0.02302630804479122,1.0704543154660406e-11,1.0,0.2112959921360016,-0.048994116485118866,0.1120000034570694,0.23218289017677307,-0.00017702672630548477,0.1732701063156128,0.2112959921360016,-0.048994116485118866,0.012000000104308128
1,APPROACH,0,0.0030096678528934717,0.0032967105507850647,0.004089331720024347,1.5717769861221313,1.5777301086927764e-05,-1.5813196585501288e-10,-3.4914746720460244e-06,0.022270388901233673,0.000255564518738538,-0.02140328474342823,0.14101341366767883,0.06975709646940231,0.20259173214435577,0.08395116776227951,-0.025145774707198143,-0.00013555277837440372,-0.6250224709510803,0.630754292011261,0.6248868703842163,-0.6250225305557251,0.041658610105514526,0.0196926798671484,0.05778161436319351,0.025198698043823242,1.051821163855493e-05,1.0,0.2104758322238922,-0.0454731322824955,0.11236373335123062,0.23202736675739288,-0.000758451409637928,0.17218279838562012,0.2104758322238922,-0.0454731322824955,0.012363729067146778
2,APPROACH,0,0.00591930840164423,0.007001708727329969,0.008516867645084858,1.5736408233642578,5.3472514991881326e-05,-9.730100059002211e-11,-5.526358108909335e-06,0.045521028339862823,0.00035346561344340444,-0.042449306696653366,0.1350417286157608,0.06823164224624634,0.20863431692123413,0.08800982683897018,-0.02400287054479122,-6.175401358632371e-05,-0.5935766696929932,0.6071205735206604,0.5935148596763611,-0.5935766696929932,0.043433479964733124,0.02269638329744339,0.06061873957514763,0.026001136749982834,3.5648354241857305e-05,1.0,0.21047969162464142,-0.044925156980752945,0.11214709281921387,0.23185986280441284,-0.0013196086511015892,0.17098760604858398,0.21047969162464142,-0.044925156980752945,0.012147095054388046
3,APPROACH,0,0.008815547451376915,0.010739962570369244,0.012928949669003487,1.5754694938659668,9.165457595372573e-05,-9.465515177220496e-11,-7.478663974325173e-06,0.06661827862262726,0.0004396884760353714,-0.05996069312095642,0.13550135493278503,0.07002538442611694,0.20800931751728058,0.08694639801979065,-0.020283591002225876,4.479878953134175e-06,-0.5011659264564514,0.5215210914611816,0.5011705160140991,-0.501166045665741,0.04565052688121796,0.025596758350729942,0.06315457820892334,0.026671171188354492,6.110306276241317e-05,1.0,0.21047869324684143,-0.045073751360177994,0.11199992895126343,0.23168638348579407,-0.0018771681934595108,0.16979336738586426,0.21047869324684143,-0.045073751360177994,0.011999930255115032
4,APPROACH,0,0.01173185184597969,0.014501354657113552,0.01729431003332138,1.5772545337677002,0.00012909005454275757,-3.198955544903015e-10,-9.256920748157427e-06,0.08455824851989746,0.0005173810059204698,-0.07320556789636612,0.1376723200082779,0.07135021686553955,0.2063555270433426,0.08544687181711197,-0.016099968925118446,4.7816516598686576e-05,-0.39887735247612,0.42450106143951416,0.39892518520355225,-0.3988773822784424,0.04785240814089775,0.02846282534301281,0.06571929156780243,0.027374109253287315,8.60600484884344e-05,1.0,0.2104785293340683,-0.045073214918375015,0.11199992895126343,0.2315087467432022,-0.0024375636130571365,0.16860580444335938,0.2104785293340683,-0.045073214918375015,0.011999926529824734
5,APPROACH,0,0.014666399918496609,0.018279748037457466,0.021616386249661446,1.5790003538131714,0.00016541175136808306,-6.090142279369104e-10,-1.0839649803529028e-05,0.0993369072675705,0.0005882224650122225,-0.08247260749340057,0.139643132686615,0.07248745113611221,0.20499050617218018,0.084084652364254,-0.012211239896714687,6.957114237593487e-05,-0.3048206567764282,0.33420684933662415,0.30489033460617065,-0.30482062697410583,0.05007021129131317,0.031334832310676575,0.0682523176074028,0.028053998947143555,0.0001102745154639706,1.0,0.2104785293340683,-0.04507320746779442,0.11199996620416641,0.23132620751857758,-0.0030003362335264683,0.16742545366287231,0.2104785293340683,-0.04507320746779442,0.011999961920082569
6,APPROACH,0,0.017619509249925613,0.022074859589338303,0.02589563839137554,1.5807071924209595,0.0002006013091886416,-8.681632079898804e-10,-1.2243200217199046e-05,0.11135812103748322,0.0006525636417791247,-0.08842679858207703,0.14146073162555695,0.07359346747398376,0.2036559134721756,0.0826277881860733,-0.008897018618881702,7.520963117713109e-05,-0.22529743611812592,0.2571623623371124,0.22537276148796082,-0.22529739141464233,0.052303850650787354,0.03421250730752945,0.07075423002243042,0.028711002320051193,0.0001337342255283147,1.0,0.21047867834568024,-0.04507331922650337,0.11199995130300522,0.23113884031772614,-0.0035656504333019257,0.1662522852420807,0.21047867834568024,-0.04507331922650337,0.011999950744211674
7,APPROACH,0,0.020591523498296738,0.025886433199048042,0.03013218194246292,1.5823761224746704,0.00023478633374907076,-1.283848471977933e-09,-1.3485648196365219e-05,0.12108464539051056,0.0007108923746272922,-0.09174441546201706,0.1431272178888321,0.07467194646596909,0.2023387998342514,0.08109240233898163,-0.00616409769281745,6.98516596457921e-05,-0.16011320054531097,0.19342459738254547,0.16018328070640564,-0.1601131409406662,0.05455350875854492,0.03709518909454346,0.07322565466165543,0.029346387833356857,0.00015652424190193415,1.0,0.21047855913639069,-0.04507321119308472,0.11199993640184402,0.2309466302394867,-0.004133448004722595,0.16508609056472778,0.21047855913639069,-0.04507321119308472,0.011999936774373055
8,APPROACH,0,0.023582762107253075,0.02971414290368557,0.03432614728808403,1.584006428718567,0.0002681193873286247,-1.831558016363033e-09,-1.4583977645088453e-05,0.1289377510547638,0.0007636656519025564,-0.09301500022411346,0.14466418325901031,0.075724296271801,0.20103074610233307,0.07950436323881149,-0.003943991381675005,5.743927613366395e-05,-0.1073957309126854,0.14134810864925385,0.10745338350534439,-0.10739573836326599,0.05681959539651871,0.03998274356126785,0.07566621899604797,0.02995952032506466,0.0001787462824722752,1.0,0.21047855913639069,-0.04507321119308472,0.11199992150068283,0.2307497262954712,-0.0047037648037076,0.16392704844474792,0.21047855913639069,-0.04507321119308472,0.011999920941889286
9,APPROACH,0,0.026593564078211784,0.03355766460299492,0.03847761079668999,1.5855988264083862,0.0003007394843734801,-2.3611876898144146e-09,-1.5555793652310967e-05,0.13527408242225647,0.0008112937794066966,-0.09272503852844238,0.14609667658805847,0.07675416022539139,0.19972282648086548,0.07787659764289856,-0.002154134213924408,4.082349187228829e-05,-0.0650293305516243,0.09900610893964767,0.06507040560245514,-0.06502938270568848,0.05910254269838333,0.04287455603480339,0.0780760645866394,0.030551036819815636,0.0002004930138355121,1.0,0.2104785293340683,-0.04507320374250412,0.11199995875358582,0.23054811358451843,-0.005276516079902649,0.162774920463562,0.2104785293340683,-0.04507320374250412,0.011999956332147121
10,APPROACH,0,0.02962425909936428,0.03741663321852684,0.04258669912815094,1.5871537923812866,0.00033276694011874497,-2.8843893939978216e-09,-1.6412834156653844e-05,0.14038698375225067,0.0008541526622138917,-0.0912662148475647,0.1474476158618927,0.07776246219873428,0.19841060042381287,0.07622469216585159,-0.0007172371842898428,2.1960342564852908e-05,-0.031092919409275055,0.06463033705949783,0.031115148216485977,-0.03109303116798401,0.06140236184000969,0.04577026888728142,0.08045541495084763,0.03112141415476799,0.00022184464614838362,1.0,0.2104785442352295,-0.04507320746779442,0.11199995130300522,0.23034192621707916,-0.005851960275322199,0.1616297960281372,0.2104785442352295,-0.04507320746779442,0.011999950744211674
11,APPROACH,0,0.032675158232450485,0.04129067063331604,0.046653490513563156,1.5886708498001099,0.00036429971805773675,-3.45839690218952e-09,-1.716782026051078e-05,0.14451472461223602,0.0008925895090214908,-0.08894998580217361,0.148734912276268,0.07875028997659683,0.19709226489067078,0.0745590478181839,0.00043311755871400237,2.1724215457652463e-06,-0.00396081293001771,0.03671716898679733,0.003963261842727661,-0.003960788249969482,0.06371959298849106,0.048669397830963135,0.08280427753925323,0.03167041391134262,0.00024286650295834988,1.0,0.21047855913639069,-0.04507321119308472,0.11199994385242462,0.2301311492919922,-0.0064298659563064575,0.16049164533615112,0.21047855913639069,-0.04507321119308472,0.011999944224953651
12,APPROACH,0,0.035746585577726364,0.04517936334013939,0.05067810043692589,1.590151071548462,0.000395416805986315,-4.2505075015242255e-09,-1.7831564036896452e-05,0.14784978330135345,0.0009269177680835128,-0.08602205663919449,0.14997494220733643,0.07971814274787903,0.1957661211490631,0.072884202003479,0.0013519525527954102,-1.7652480892138556e-05,0.017700619995594025,0.014029297977685928,-0.017717983573675156,0.017700612545013428,0.06605436652898788,0.05157133564352989,0.08512284606695175,0.032198987901210785,0.00026361123309470713,1.0,0.21047855913639069,-0.04507321119308472,0.11199993640184402,0.22991585731506348,-0.007010415196418762,0.15936046838760376,0.21047855913639069,-0.04507321119308472,0.011999936774373055
13,APPROACH,0,0.03883884474635124,0.04908223822712898,0.05466058477759361,1.5915945768356323,0.0004261829308234155,-4.9140762570232255e-09,-1.8413044017506763e-05,0.15054728090763092,0.0009574285359121859,-0.08267493546009064,0.15117990970611572,0.08066591620445251,0.19443154335021973,0.0712091326713562,0.002084723673760891,-3.694136830745265e-05,0.03497651591897011,-0.004442792385816574,-0.03501317277550697,0.03497648239135742,0.0684071034193039,0.054475560784339905,0.08741116523742676,0.032707296311855316,0.00028412198298610747,1.0,0.2104785293340683,-0.045073192566633224,0.11199992150068283,0.22969605028629303,-0.0075936084613204,0.15823614597320557,0.2104785293340683,-0.045073192566633224,0.011999922804534435
14,APPROACH,0,0.04195226728916168,0.05299883708357811,0.05860106274485588,1.5930017232894897,0.00045664963545277715,-5.65120350515258e-09,-1.8920571164926514e-05,0.15273185074329376,0.0009843884035944939,-0.07905855029821396,0.15236049890518188,0.08159269392490387,0.19308774173259735,0.06953677535057068,0.0026681453455239534,-5.536236858461052e-05,0.048742085695266724,-0.019515492022037506,-0.048797186464071274,0.04874217510223389,0.07077813148498535,0.05738165229558945,0.08966924250125885,0.033195655792951584,0.00030443310970440507,1.0,0.2104785442352295,-0.04507321119308472,0.1119999811053276,0.22947169840335846,-0.00817938894033432,0.15711891651153564,0.2104785442352295,-0.04507321119308472,0.011999976821243763
15,APPROACH,0,0.04508717730641365,0.05692865699529648,0.06249959394335747,1.5943725109100342,0.0004868577525485307,-6.469049740331911e-09,-1.9360892110853456e-05,0.154503732919693,0.0010080435313284397,-0.07528869807720184,0.15352508425712585,0.08249898999929428,0.19173499941825867,0.0678713470697403,0.003131951205432415,-7.27813967387192e-05,0.059702761471271515,-0.03184860199689865,-0.059775277972221375,0.05970275402069092,0.07316760718822479,0.06028875336050987,0.09189720451831818,0.03366430848836899,0.00032457185443490744,1.0,0.21047866344451904,-0.04507330805063248,0.11199997365474701,0.22924309968948364,-0.00876789540052414,0.15600863099098206,0.21047866344451904,-0.04507330805063248,0.011999974958598614
16,APPROACH,0,0.04824389889836311,0.06087120994925499,0.06635626405477524,1.5957077741622925,0.00051684002391994,-7.358953890701514e-09,-1.9740828065550886e-05,0.1559433788061142,0.001028623548336327,-0.07145413011312485,0.1546798050403595,0.08338303118944168,0.19037288427352905,0.06621435284614563,0.003500057617202401,-8.908860036171973e-05,0.06842321902513504,-0.04197189211845398,-0.06851205974817276,0.06842324137687683,0.07557594776153564,0.06319649517536163,0.09409525245428085,0.0341140441596508,0.00034456001594662666,1.0,0.21047867834568024,-0.04507330432534218,0.11199997365474701,0.22901000082492828,-0.009359071031212807,0.1549053192138672,0.21047867834568024,-0.04507330432534218,0.011999968439340591
17,APPROACH,0,0.05142273008823395,0.06482596695423126,0.07017114758491516,1.597007393836975,0.0005466227885335684,-8.410975915751351e-09,-2.0065370335942134e-05,0.15711545944213867,0.0010463391663506627,-0.06762205064296722,0.1558304727077484,0.08424443751573563,0.1890023797750473,0.0645708441734314,0.0037918509915471077,-0.00010430646216263995,0.07535761594772339,-0.05031295865774155,-0.07546169310808182,0.075357586145401,0.07800357043743134,0.06610384583473206,0.09626349061727524,0.034544944763183594,0.0003644152020569891,1.0,0.21047867834568024,-0.045073315501213074,0.11199994385242462,0.2287725806236267,-0.009952862747013569,0.1538088619709015,0.21047867834568024,-0.045073315501213074,0.011999944224953651
18,APPROACH,0,0.0546240396797657,0.06879230588674545,0.0739443451166153,1.5982719659805298,0.0005762260989286005,-9.207276718825597e-09,-2.033988494076766e-05,0.15807181596755981,0.0010613846825435758,-0.06384281814098358,0.156981959939003,0.08508066087961197,0.18762338161468506,0.0629405751824379,0.004022769629955292,-0.00011843512038467452,0.08086823672056198,-0.057214222848415375,-0.08098647743463516,0.08086830377578735,0.08045056462287903,0.06901013106107712,0.09840228408575058,0.034957967698574066,0.00038415074232034385,1.0,0.2104785293340683,-0.04507320001721382,0.11199993640184402,0.2285308837890625,-0.010549456812441349,0.1527194082736969,0.2104785293340683,-0.04507320001721382,0.011999937705695629
19,APPROACH,0,0.05784814432263374,0.0727696493268013,0.077675960958004,1.5995025634765625,0.0006056670681573451,-1.0259632254872031e-08,-2.056918128801044e-05,0.1588539332151413,0.001073945197276771,-0.06015319377183914,0.15813691914081573,0.08589110523462296,0.18623703718185425,0.061326175928115845,0.00420532189309597,-0.00013158777437638491,0.08524790406227112,-0.062953881919384,-0.08537930995225906,0.08524790406227112,0.08291759341955185,0.07191504538059235,0.10051115602254868,0.03535326570272446,0.00040377804543823004,1.0,0.2104785293340683,-0.04507319629192352,0.11199993640184402,0.2282848209142685,-0.01114879734814167,0.15163695812225342,0.2104785293340683,-0.04507319629192352,0.011999932117760181
20,APPROACH,0,0.06109539791941643,0.07675737887620926,0.08136601746082306,1.6006991863250732,0.0006349579198285937,-1.1072409655810134e-08,-2.0757490347023122e-05,0.15949535369873047,0.0010841874172911048,-0.056579601019620895,0.15929949283599854,0.0866757407784462,0.18484167754650116,0.05972839146852493,0.004349272232502699,-0.00014379792264662683,0.08872814476490021,-0.06775296479463577,-0.08887182176113129,0.0887281596660614,0.08540486544370651,0.07481744140386581,0.10259057581424713,0.03573155403137207,0.00042330528958700597,1.0,0.2104785442352295,-0.04507320746779442,0.11199992150068283,0.22803452610969543,-0.011750931851565838,0.15056154131889343,0.2104785442352295,-0.04507320746779442,0.011999920010566711
21,APPROACH,0,0.06436614692211151,0.080754853785038,0.08501461893320084,1.601861834526062,0.0006641082582063973,-1.2236395896536578e-08,-2.0908464648528025e-05,0.1600227952003479,0.0010922708315774798,-0.05314016714692116,0.16047169268131256,0.0874314159154892,0.18343909084796906,0.05815001577138901,0.004462721291929483,-0.00015521871682722121,0.09149465709924698,-0.07178989052772522,-0.09164978563785553,0.09149470925331116,0.08791296929121017,0.07771660387516022,0.10464048385620117,0.03609291836619377,0.0004427388485055417,1.0,0.2104785442352295,-0.045073218643665314,0.11199996620416641,0.22777993977069855,-0.012355775572359562,0.14949309825897217,0.2104785442352295,-0.045073218643665314,0.011999961920082569
22,APPROACH,0,0.06766081601381302,0.08476140350103378,0.0886218398809433,1.6029913425445557,0.0006931264069862664,-1.3415708544073368e-08,-2.102521830238402e-05,0.16045786440372467,0.001098338863812387,-0.04984666779637337,0.16165637969970703,0.08815723657608032,0.18202821910381317,0.0565914623439312,0.004551973659545183,-0.00016589785809628665,0.09369692951440811,-0.07520929723978043,-0.09386274963617325,0.09369692206382751,0.09044205397367477,0.08061178773641586,0.10666096210479736,0.036438070237636566,0.0004620842810254544,1.0,0.21047869324684143,-0.045073311775922775,0.11199995875358582,0.22752118110656738,-0.012963551096618176,0.14843180775642395,0.21047869324684143,-0.045073311775922775,0.011999953538179398
23,APPROACH,0,0.0709797590970993,0.08877633512020111,0.09218773245811462,1.6040880680084229,0.0007220182451419532,-1.4371569712068322e-08,-2.1110274246893823e-05,0.16081759333610535,0.001102530979551375,-0.04670584946870804,0.1628543734550476,0.08885187655687332,0.18061019480228424,0.055054135620594025,0.004622193053364754,-0.00017589105118531734,0.09545375406742096,-0.07812720537185669,-0.09562964737415314,0.09545376896858215,0.09299257397651672,0.08350154012441635,0.10865285992622375,0.036768198013305664,0.0004813455161638558,1.0,0.2104785442352295,-0.04507320374250412,0.11199995130300522,0.22725820541381836,-0.01357412338256836,0.14737749099731445,0.2104785442352295,-0.04507320374250412,0.011999952606856823
24,APPROACH,0,0.07432335615158081,0.0927988737821579,0.09571242332458496,1.6051523685455322,0.0007507879054173827,-1.5605941428020742e-08,-2.1166953956708312e-05,0.16111598908901215,0.0011049744207412004,-0.04372077435255051,0.16406749188899994,0.08951152116060257,0.17918746173381805,0.05354178324341774,0.004677304998040199,-0.0001853459980338812,0.09685847908258438,-0.08063560724258423,-0.09704384952783585,0.09685850143432617,0.09556514024734497,0.08638551086187363,0.11061535775661469,0.03708291053771973,0.0005005252896808088,1.0,0.2104785442352295,-0.045073214918375015,0.11199995130300522,0.22699099779129028,-0.014187628403306007,0.14633029699325562,0.2104785442352295,-0.045073214918375015,0.011999947018921375
25,APPROACH,0,0.07769199460744858,0.09682820737361908,0.09919596463441849,1.6061850786209106,0.0007794394041411579,-1.6747483400081364e-08,-2.1197294699959457e-05,0.1613640934228897,0.001105783972889185,-0.040891677141189575,0.16529785096645355,0.09013628214597702,0.17775669693946838,0.052051346749067307,0.004720575641840696,-0.00019424271886236966,0.09798591583967209,-0.08280900120735168,-0.09818026423454285,0.09798592329025269,0.09815999120473862,0.08926236629486084,0.11254911869764328,0.03738363832235336,0.0005196263082325459,1.0,0.21047855913639069,-0.04507321119308472,0.11199994385242462,0.2267196774482727,-0.014804043807089329,0.145290344953537,0.21047855913639069,-0.04507321119308472,0.011999940499663353
26,APPROACH,0,0.08108611404895782,0.10086353123188019,0.10263845324516296,1.6071864366531372,0.0008079748949967325,-1.7866794266296893e-08,-2.120322096743621e-05,0.16157086193561554,0.0011050727916881442,-0.03821653872728348,0.1665458232164383,0.09072339534759521,0.17632023990154266,0.05058695748448372,0.004754588473588228,-0.00020271900575608015,0.09889794141054153,-0.08470994234085083,-0.09910080581903458,0.09889796376228333,0.10077768564224243,0.09213106334209442,0.11445420235395432,0.037670694291591644,0.0005386499688029289,1.0,0.2104785293340683,-0.045073192566633224,0.11199993640184402,0.22644414007663727,-0.01542343944311142,0.14425766468048096,0.2104785293340683,-0.045073192566633224,0.011999933049082756
27,APPROACH,0,0.08450616151094437,0.10490397363901138,0.10604001581668854,1.6081570386886597,0.0008363962988369167,-1.9304380316498282e-08,-2.118832344422117e-05,0.1617434173822403,0.0011029444867745042,-0.035691842436790466,0.16781307756900787,0.09127052873373032,0.17487865686416626,0.049150221049785614,0.00478131091222167,-0.00021080822625663131,0.0996399000287056,-0.08638492971658707,-0.09985087811946869,0.099639892578125,0.10341888666152954,0.09499045461416245,0.116330586373806,0.03794471547007561,0.0005575975519604981,1.0,0.2104785442352295,-0.045073214918375015,0.11199995875358582,0.22616446018218994,-0.01604579947888851,0.14323222637176514,0.2104785442352295,-0.045073214918375015,0.01199996005743742
28,APPROACH,0,0.08795254677534103,0.10894862562417984,0.10940069705247879,1.609098196029663,0.0008647057111375034,-2.033389279176845e-08,-2.1153064153622836e-05,0.16188755631446838,0.0010994895128533244,-0.033312950283288956,0.16910123825073242,0.09177552908658981,0.1734306365251541,0.04773982614278793,0.004802471958100796,-0.00021850370103493333,0.1002507284283638,-0.0878746286034584,-0.10046949237585068,0.1002507209777832,0.10608404874801636,0.09783944487571716,0.11817841231822968,0.038206975907087326,0.0005764705128967762,1.0,0.21047866344451904,-0.04507330060005188,0.11199996620416641,0.22588060796260834,-0.01667122356593609,0.1422140896320343,0.21047866344451904,-0.04507330060005188,0.011999964714050293
29,APPROACH,0,0.09142576158046722,0.11299657076597214,0.11272057145833969,1.610010027885437,0.0008929034811444581,-2.182211922274746e-08,-2.110036621161271e-05,0.16200800240039825,0.001094801351428032,-0.031074438244104385,0.17041128873825073,0.09223601222038269,0.17197777330875397,0.046360231935977936,0.0048192511312663555,-0.0002259227039758116,0.10075929760932922,-0.08920983225107193,-0.10098553448915482,0.10075929760932922,0.1087733805179596,0.10067668557167053,0.11999821662902832,0.03845810890197754,0.000595269026234746,1.0,0.21047867834568024,-0.04507330432534218,0.11199997365474701,0.22559256851673126,-0.017299776896834373,0.14120355248451233,0.21047867834568024,-0.04507330432534218,0.01199997030198574
30,APPROACH,0,0.09492626041173935,0.1170467883348465,0.11599976569414139,1.6108931303024292,0.000920990074519068,-2.2912946207043206e-08,-2.1031262804172002e-05,0.1621083766222,0.0010889644036069512,-0.028970293700695038,0.1717429906129837,0.09264921396970749,0.1705208420753479,0.04501206427812576,0.004832698032259941,-0.00023303722264245152,0.10119078308343887,-0.0904180034995079,-0.10142423212528229,0.10119080543518066,0.1114877313375473,0.1035006195306778,0.12179005146026611,0.03869891166687012,0.000613993383012712,1.0,0.21047866344451904,-0.04507330805063248,0.11199994385242462,0.2253004014492035,-0.017931483685970306,0.1402004361152649,0.21047866344451904,-0.04507330805063248,0.0119999460875988
31,APPROACH,0,0.0984545573592186,0.12109822034835815,0.11923839896917343,1.611748218536377,0.0009489661897532642,-2.428660295095142e-08,-2.094731644319836e-05,0.16219168901443481,0.0010820528259500861,-0.02699432335793972,0.17309847474098206,0.09301204234361649,0.16906006634235382,0.043696530163288116,0.004843592643737793,-0.0002399137447355315,0.10156214982271194,-0.09151831269264221,-0.1018025353550911,0.10156217217445374,0.1142275333404541,0.10630989074707031,0.12355425208806992,0.038930416107177734,0.0006326441653072834,1.0,0.2104785442352295,-0.045073214918375015,0.11199994385242462,0.22500401735305786,-0.018566418439149857,0.1392049491405487,0.2104785442352295,-0.045073214918375015,0.011999941430985928
32,APPROACH,0,0.10201113671064377,0.12514972686767578,0.12243659049272537,1.6125757694244385,0.0009768324671313167,-2.5763830180380864e-08,-2.085000232909806e-05,0.16226045787334442,0.0010741406586021185,-0.025140143930912018,0.17447833716869354,0.09332137554883957,0.16759641468524933,0.04241707921028137,0.0048525710590183735,-0.00024661110364831984,0.10188870131969452,-0.09252842515707016,-0.10213582217693329,0.10188871622085571,0.11699369549751282,0.10910284519195557,0.1252906769514084,0.039153337478637695,0.0006512216641567647,1.0,0.2104785293340683,-0.04507320001721382,0.11199994385242462,0.22470350563526154,-0.019204508513212204,0.13821718096733093,0.2104785293340683,-0.04507320001721382,0.011999942362308502
33,APPROACH,0,0.10559657216072083,0.12920014560222626,0.12559445202350616,1.6133770942687988,0.0010045886738225818,-2.699403900408015e-08,-2.074107396765612e-05,0.16231666505336761,0.0010652916971594095,-0.02340141125023365,0.17588458955287933,0.09357386082410812,0.16612926125526428,0.041174232959747314,0.0048600793816149235,-0.0002530899364501238,0.10218089818954468,-0.09346120059490204,-0.10243457555770874,0.10218092799186707,0.11978678405284882,0.1118779331445694,0.12699955701828003,0.03936886787414551,0.0006697258213534951,1.0,0.2104785442352295,-0.04507320746779442,0.11199994385242462,0.22439880669116974,-0.019845962524414062,0.13723713159561157,0.2104785442352295,-0.04507320746779442,0.011999941430985928
34,APPROACH,0,0.10921140760183334,0.13324816524982452,0.12871208786964417,1.614152431488037,0.0010322344023734331,-2.8240817684377362e-08,-2.0620904251700267e-05,0.16236186027526855,0.0010555670596659184,-0.021771784871816635,0.17731811106204987,0.09376668184995651,0.16465942561626434,0.03997020050883293,0.004866548348218203,-0.00025936003657989204,0.10244955122470856,-0.094329833984375,-0.1027095764875412,0.10244959592819214,0.1226075142621994,0.1146332249045372,0.1286812275648117,0.03957796096801758,0.000688156287651509,1.0,0.21047855913639069,-0.04507320746779442,0.11199993640184402,0.2240898758172989,-0.020490724593400955,0.13626503944396973,0.21047855913639069,-0.04507320746779442,0.011999934911727905
35,APPROACH,0,0.11285625398159027,0.1372925341129303,0.13178963959217072,1.6149028539657593,0.0010597704676911235,-2.9601679329971375e-08,-2.0491297618718818e-05,0.1623973846435547,0.0010450249537825584,-0.020245127379894257,0.1787802129983902,0.09389536082744598,0.16318723559379578,0.0388067290186882,0.004872224293649197,-0.00026548781897872686,0.10269931703805923,-0.0951412096619606,-0.10296555608510971,0.10269930958747864,0.12545648217201233,0.11736675351858139,0.13033609092235565,0.039782047271728516,0.0007065136451274157,1.0,0.21047855913639069,-0.045073214918375015,0.11199992895126343,0.22377680242061615,-0.021138951182365417,0.13530105352401733,0.21047855913639069,-0.045073214918375015,0.011999928392469883
36,APPROACH,0,0.11653169989585876,0.14133180677890778,0.13482731580734253,1.6156294345855713,0.0010871962876990438,-3.1082947771210456e-08,-2.0352816136437468e-05,0.16242431104183197,0.0010337199782952666,-0.0188154187053442,0.18027161061763763,0.09395548701286316,0.16171419620513916,0.037686899304389954,0.004877455532550812,-0.000271443510428071,0.10293785482645035,-0.09590523689985275,-0.10321011394262314,0.10293783247470856,0.1283346712589264,0.12007635831832886,0.1319642812013626,0.03998255729675293,0.0007247975445352495,1.0,0.21047855913639069,-0.045073218643665314,0.11199997365474701,0.22345943748950958,-0.02179063856601715,0.13434526324272156,0.21047855913639069,-0.045073218643665314,0.011999973095953465
37,APPROACH,0,0.12023837119340897,0.14536447823047638,0.13782525062561035,1.6163333654403687,0.0011145113967359066,-3.229426326356588e-08,-2.020697866100818e-05,0.16244354844093323,0.00102169846650213,-0.01747695729136467,0.18179447948932648,0.09394275397062302,0.16024035215377808,0.036614030599594116,0.004882266744971275,-0.0002772818261291832,0.1031678318977356,-0.09662680327892303,-0.10344600677490234,0.1031678318977356,0.13124299049377441,0.12275996059179306,0.1335657387971878,0.04018060490489006,0.000743007636629045,1.0,0.21047864854335785,-0.04507332295179367,0.11199995875358582,0.22313784062862396,-0.02244582772254944,0.13339781761169434,0.21047864854335785,-0.04507332295179367,0.011999956332147121
38,APPROACH,0,0.12397697567939758,0.14938895404338837,0.14078357815742493,1.6170148849487305,0.0011417169589549303,-3.348044330664379e-08,-2.0054007109138183e-05,0.16245579719543457,0.0010090036084875464,-0.016224242746829987,0.18335053324699402,0.09385259449481964,0.1587652564048767,0.03558949753642082,0.004886907059699297,-0.00028292901697568595,0.10339242219924927,-0.09731101989746094,-0.10367638617753983,0.10339240729808807,0.13418199121952057,0.12541477382183075,0.1351415365934372,0.04037785530090332,0.0007611446781083941,1.0,0.2104785442352295,-0.04507321119308472,0.11199995130300522,0.22281184792518616,-0.02310469187796116,0.13245883584022522,0.2104785442352295,-0.04507321119308472,0.01199994795024395
39,APPROACH,0,0.12774819135665894,0.15340349078178406,0.1437024623155594,1.617675542831421,0.0011688114609569311,-3.506164958366753e-08,-1.9895331206498668e-05,0.16246168315410614,0.0009956815047189593,-0.015051973052322865,0.1849401444196701,0.09367883950471878,0.15729235112667084,0.03461795672774315,0.004891403950750828,-0.0002885409048758447,0.10361525416374207,-0.09796355664730072,-0.10390486568212509,0.10361525416374207,0.13715282082557678,0.12803839147090912,0.1366913616657257,0.04057574272155762,0.0007792076794430614,1.0,0.21047855913639069,-0.04507321119308472,0.11199994385242462,0.22248156368732452,-0.02376730926334858,0.13152867555618286,0.21047855913639069,-0.04507321119308472,0.011999941430985928
40,APPROACH,0,0.13155274093151093,0.15740631520748138,0.14658208191394806,1.618316650390625,0.0011957952519878745,-3.655642899502709e-08,-1.9731105567188933e-05,0.1624617725610733,0.0009817661484703422,-0.013955219648778439,0.1865658313035965,0.09341643750667572,0.1558200716972351,0.033701155334711075,0.004895832389593124,-0.00029401128995232284,0.10383635759353638,-0.09858623892068863,-0.10413151234388351,0.10383637249469757,0.140156552195549,0.1306275725364685,0.13821572065353394,0.04077649116516113,0.0007971968734636903,1.0,0.2104785293340683,-0.04507319629192352,0.11199993640184402,0.2221468836069107,-0.024433689191937447,0.13060736656188965,0.2104785293340683,-0.04507319629192352,0.01199993398040533
41,APPROACH,0,0.13539139926433563,0.16139551997184753,0.14942269027233124,1.6189393997192383,0.0012226687977090478,-3.7843481237587184e-08,-1.9562901798053645e-05,0.16245649755001068,0.0009672928717918694,-0.01292931754142046,0.18822957575321198,0.09305736422538757,0.1543501913547516,0.03284631669521332,0.004900251515209675,-0.0002993062371388078,0.1040571853518486,-0.09918230772018433,-0.10435774177312851,0.104057177901268,0.1431942880153656,0.1331792175769806,0.13971489667892456,0.04098176956176758,0.0008151125512085855,1.0,0.2104785293340683,-0.04507320746779442,0.11199997365474701,0.2218078225851059,-0.025103863328695297,0.129695326089859,0.2104785293340683,-0.04507320746779442,0.011999969370663166
42,APPROACH,0,0.1392650157213211,0.16536884009838104,0.15222448110580444,1.6195452213287354,0.0012494323309510946,-3.949779525669328e-08,-1.939142202900257e-05,0.1624463051557541,0.000952290662098676,-0.011969824321568012,0.1899336576461792,0.0925954133272171,0.15288276970386505,0.0320526622235775,0.004904812667518854,-0.0003045621560886502,0.10427995026111603,-0.0997556522488594,-0.10458581894636154,0.10427996516227722,0.14626723527908325,0.1356901228427887,0.1411888152360916,0.0411934070289135,0.0008329548873007298,1.0,0.21047866344451904,-0.045073311775922775,0.11199996620416641,0.22146420180797577,-0.025778163224458694,0.12879261374473572,0.21047866344451904,-0.045073311775922775,0.011999964714050293
43,APPROACH,0,0.1431744396686554,0.16932412981987,0.154987633228302,1.6201354265213013,0.0012760856188833714,-4.0536136225455266e-08,-1.921658440551255e-05,0.16243161261081696,0.0009367850725539029,-0.011072586290538311,0.19168025255203247,0.09202288091182709,0.15141752362251282,0.031326793134212494,0.004909357987344265,-0.0003096000582445413,0.10450392216444016,-0.10030701756477356,-0.10481500625610352,0.10450391471385956,0.1493763029575348,0.13815581798553467,0.1426388919353485,0.04141458123922348,0.0008507237653248012,1.0,0.21047869324684143,-0.04507330060005188,0.11199995875358582,0.2211160808801651,-0.026456505060195923,0.12789970636367798,0.21047869324684143,-0.04507330060005188,0.01199995819479227
44,APPROACH,0,0.1471206247806549,0.17325899004936218,0.1577124148607254,1.6207106113433838,0.001302628661505878,-4.2026119473348444e-08,-1.903960401250515e-05,0.1624125987291336,0.0009208099218085408,-0.01023363322019577,0.1934705674648285,0.09132928401231766,0.1499590128660202,0.030678601935505867,0.004914045799523592,-0.00031464966014027596,0.10473092645406723,-0.10083979368209839,-0.1050470769405365,0.10473091900348663,0.15252326428890228,0.14057135581970215,0.14406540989875793,0.04164743423461914,0.000868419127073139,1.0,0.2104784995317459,-0.04507334530353546,0.11200005561113358,0.22076331079006195,-0.027139058336615562,0.12701669335365295,0.2104784995317459,-0.04507334530353546,0.012000053189694881
45,APPROACH,0,0.15110450983047485,0.17717060446739197,0.1603991836309433,1.6212730407714844,0.00132906180806458,-4.343036863474481e-08,-1.8860859199776314e-05,0.16238972544670105,0.0009043780737556517,-0.009449410252273083,0.19530873000621796,0.09050168842077255,0.14850811660289764,0.030110780149698257,0.004918806720525026,-0.0003195523167960346,0.10495906323194504,-0.10135333985090256,-0.10528022795915604,0.10495905578136444,0.15570929646492004,0.14293324947357178,0.14546799659729004,0.04189404100179672,0.0008860412053763866,1.0,0.2104785293340683,-0.04507334157824516,0.11200004816055298,0.22040590643882751,-0.027825798839330673,0.1261441707611084,0.2104785293340683,-0.04507334157824516,0.012000045739114285
46,APPROACH,0,0.15512710809707642,0.18105614185333252,0.16304822266101837,1.6218252182006836,0.0013553855242207646,-4.4708702517937127e-08,-1.868074650701601e-05,0.1623632162809372,0.000887510075699538,-0.008716417476534843,0.1971968114376068,0.08953392505645752,0.14706161618232727,0.029626954346895218,0.004923745524138212,-0.00032433561864309013,0.10519164800643921,-0.10185233503580093,-0.10551771521568298,0.10519164800643921,0.15893596410751343,0.14523527026176453,0.14684784412384033,0.04215884208679199,0.0009035903494805098,1.0,0.2104785144329071,-0.04507334157824516,0.11200003325939178,0.22004370391368866,-0.028517084196209908,0.12528231739997864,0.2104785144329071,-0.04507334157824516,0.01200003083795309
47,APPROACH,0,0.15918947756290436,0.18491245806217194,0.1656598150730133,1.622368335723877,0.0013815995771437883,-4.6142584864128366e-08,-1.849924046837259e-05,0.1623334437608719,0.0008702226914465427,-0.008031473495066166,0.1991378366947174,0.08840973675251007,0.14562422037124634,0.02923898957669735,0.0049287984147667885,-0.000329082045936957,0.1054268330335617,-0.10233605653047562,-0.10575767606496811,0.10542681813240051,0.16220515966415405,0.14747153222560883,0.1482049524784088,0.04244454950094223,0.0009210663847625256,1.0,0.2104785293340683,-0.04507335275411606,0.11200001835823059,0.21967656910419464,-0.0292129535228014,0.12443158030509949,0.2104785293340683,-0.04507335275411606,0.012000016868114471
48,APPROACH,0,0.16329282522201538,0.18873608112335205,0.1682342290878296,1.6229047775268555,0.0014077047817409039,-4.769522377046087e-08,-1.831733425206039e-05,0.1623006910085678,0.0008525244193151593,-0.007391659542918205,0.2011360377073288,0.08711463212966919,0.1441950649023056,0.028952158987522125,0.004933946765959263,-0.0003337133675813675,0.10566385835409164,-0.10280484706163406,-0.1059994176030159,0.10566385090351105,0.16551873087882996,0.14963489770889282,0.14953987300395966,0.042755525559186935,0.0009384698932990432,1.0,0.21047864854335785,-0.04507330060005188,0.11199996620416641,0.21930450201034546,-0.029913419857621193,0.12359242141246796,0.21047864854335785,-0.04507330060005188,0.011999965645372868
49,DESCEND,0,0.16743838787078857,0.19252318143844604,0.17077180743217468,1.6234369277954102,0.001433701254427433,-4.923770902109936e-08,-1.8136001017410308e-05,0.16226527094841003,0.0008344255038537085,-0.00679425336420536,0.2031952291727066,0.08563067018985748,0.14277516305446625,0.02877848409116268,0.004939209204167128,-0.00033821380930021405,0.10590345412492752,-0.10326050966978073,-0.10624362528324127,0.10590344667434692,0.16860662400722504,0.151606023311615,0.15067780017852783,0.04306117817759514,0.0009558008750900626,1.0,0.21047866344451904,-0.04507330060005188,0.11199997365474701,0.2189273238182068,-0.03061879612505436,0.12276546657085419,0.21047866344451904,-0.04507330060005188,0.011999971233308315
50,DESCEND,0,0.17160776257514954,0.19626235961914062,0.17325976490974426,1.6239644289016724,0.0014596194960176945,-5.0668180762158954e-08,-1.7948723325389437e-05,0.1621878296136856,0.0008192609529942274,-0.0061947996728122234,0.2043529450893402,0.08351624757051468,0.14069914817810059,0.028597386553883553,0.004966601729393005,-0.00034438373404555023,0.10669244825839996,-0.10426269471645355,-0.10703887045383453,0.10669244825839996,0.12464933842420578,0.1977156102657318,0.13897041976451874,0.013434648513793945,0.0009730797028169036,1.0,0.21047869324684143,-0.04507330060005188,0.016999971121549606,0.21854691207408905,-0.031325869262218475,0.12195348739624023,0.21047869324684143,-0.04507330060005188,0.01199997030198574
51,DESCEND,0,0.17238527536392212,0.20312871038913727,0.17481975257396698,1.6221693754196167,0.0014854978071525693,-7.385033740092695e-08,-1.6447236703243107e-05,0.15314386785030365,0.0014662706525996327,0.0037311315536499023,0.038577523082494736,0.24703238904476166,0.08945605903863907,-0.08473411202430725,0.0101555110886693,-0.0007649687468074262,0.23533987998962402,-0.2358108013868332,-0.2361099272966385,0.2353399097919464,0.12519612908363342,0.2027207314968109,0.1393175721168518,0.011650959961116314,0.0009903318714350462,1.0,0.21047867834568024,-0.045073315501213074,0.016999954357743263,0.21849916875362396,-0.03146149963140488,0.12070494145154953,0.21047867834568024,-0.045073315501213074,0.011999954469501972
52,DESCEND,0,0.17313985526561737,0.21021582186222076,0.17619840800762177,1.620316982269287,0.0015081485034897923,-4.803994357871488e-08,-1.6258667528745718e-05,0.15170937776565552,0.0014351301360875368,0.004948669578880072,0.0375557579100132,0.24800193309783936,0.08706767112016678,-0.08736294507980347,0.0044614351354539394,-0.0003138792817480862,0.09600858390331268,-0.09770404547452927,-0.09632497280836105,0.09600858390331268,0.12573185563087463,0.20786026120185852,0.13954384624958038,0.009840091690421104,0.0010054323356598616,1.0,0.21047855913639069,-0.04507321119308472,0.01699994131922722,0.218463733792305,-0.031595032662153244,0.11944039165973663,0.21047855913639069,-0.04507321119308472,0.011999940499663353
53,DESCEND,0,0.17389722168445587,0.2173306792974472,0.17751473188400269,1.6184189319610596,0.0015332195907831192,-4.731606040309089e-08,-1.6176392819033936e-05,0.1524810791015625,0.0014056663494557142,0.003937131259590387,0.03736109286546707,0.24950584769248962,0.0844380334019661,-0.0896621122956276,0.002966702915728092,-0.00019509931735228747,0.05945568531751633,-0.0609322227537632,-0.05965318903326988,0.05945568531751633,0.12626992166042328,0.21301186084747314,0.13972759246826172,0.008003553375601768,0.00102214643266052,1.0,0.21047855913639069,-0.04507321119308472,0.016999924555420876,0.21842658519744873,-0.03172872215509415,0.11817717552185059,0.21047855913639069,-0.04507321119308472,0.011999924667179585
54,DESCEND,0,0.17465709149837494,0.2244727462530136,0.17876829206943512,1.6164758205413818,0.0015589033719152212,-4.895379390745802e-08,-1.6113755918922834e-05,0.15372568368911743,0.00137739023193717,0.0025352672673761845,0.0374361053109169,0.25101080536842346,0.08182675391435623,-0.09184378385543823,0.0027705891989171505,-0.00018038725829683244,0.05460158735513687,-0.055589865893125534,-0.054784517735242844,0.05460158362984657,0.12681010365486145,0.21817515790462494,0.139868825674057,0.006141821853816509,0.0010392689146101475,1.0,0.2104785442352295,-0.045073214918375015,0.016999952495098114,0.21838772296905518,-0.03186257928609848,0.11691532284021378,0.2104785442352295,-0.045073214918375015,0.011999951675534248
55,DESCEND,0,0.1754193753004074,0.23164153099060059,0.1799589991569519,1.6144877672195435,0.001584632438607514,-5.051305151937413e-08,-1.6045665688579902e-05,0.15492434799671173,0.0013501978246495128,0.0012737911893054843,0.03758768364787102,0.2524998188018799,0.07921813428401947,-0.09397859126329422,0.0029415725730359554,-0.0001958228531293571,0.0587429441511631,-0.05925796180963516,-0.058941423892974854,0.058742936700582504,0.12735235691070557,0.22334973514080048,0.13996754586696625,0.004255215637385845,0.0010564216645434499,1.0,0.2104785293340683,-0.045073192566633224,0.016999952495098114,0.2183472067117691,-0.031996533274650574,0.11565479636192322,0.2104785293340683,-0.045073192566633224,0.011999952606856823
56,DESCEND,0,0.17618416249752045,0.23883649706840515,0.18108688294887543,1.6124547719955444,0.001610237522982061,-5.203916231266703e-08,-1.5967123545124196e-05,0.15594545006752014,0.0013240178814157844,0.0002709313412196934,0.03775547444820404,0.2539667785167694,0.0766083300113678,-0.09608697146177292,0.0031870354432612658,-0.00021767080761492252,0.06473489105701447,-0.06486313045024872,-0.06495536118745804,0.06473488360643387,0.1278967559337616,0.22853505611419678,0.1400241255760193,0.002343813655897975,0.0010734917595982552,1.0,0.2104785442352295,-0.04507321119308472,0.016999946907162666,0.21830517053604126,-0.03213071450591087,0.1143956184387207,0.2104785442352295,-0.04507321119308472,0.011999947018921375
57,DESCEND,0,0.17695139348506927,0.2460571974515915,0.18215195834636688,1.6103781461715698,0.0016356764826923609,-5.355067145274006e-08,-1.5877320038271137e-05,0.15677648782730103,0.001298783696256578,-0.0004788392980117351,0.037922244518995285,0.2554095685482025,0.07399699836969376,-0.09817788004875183,0.0034202805254608393,-0.00023887152201496065,0.0704541876912117,-0.07028862088918686,-0.07069592922925949,0.0704541727900505,0.12844327092170715,0.23373106122016907,0.140038400888443,0.00040825208998285234,0.0010904510272666812,1.0,0.21047855913639069,-0.04507321119308472,0.016999930143356323,0.2182614803314209,-0.03226500004529953,0.11313772201538086,0.21047855913639069,-0.04507321119308472,0.011999931186437607
58,DESCEND,0,0.17772112786769867,0.25330308079719543,0.1831541806459427,1.6082582473754883,0.0016609460581094027,-5.4600658216941156e-08,-1.5778992747073062e-05,0.15743781626224518,0.0012744407868012786,-0.0010127027053385973,0.0380835197865963,0.2568281888961792,0.07138292491436005,-0.10025310516357422,0.0036200638860464096,-0.00025745577295310795,0.07537692040205002,-0.07499904930591583,-0.0756373479962349,0.07537692785263062,0.1289919763803482,0.2389371246099472,0.1400107741355896,-0.001550833461806178,0.001107297372072935,1.0,0.2104785442352295,-0.045073218643665314,0.01699995808303356,0.21821624040603638,-0.03239942714571953,0.11188115924596786,0.2104785442352295,-0.045073218643665314,0.01199995819479227
59,DESCEND,0,0.17849338054656982,0.26057377457618713,0.18409356474876404,1.6060949563980103,0.0016860535833984613,-5.5814890487226876e-08,-1.5673322195652872e-05,0.15795600414276123,0.001250936184078455,-0.0013712808722630143,0.03823953866958618,0.258221834897995,0.0687682256102562,-0.10230915248394012,0.003784983418881893,-0.0002733428555075079,0.07946430891752243,-0.0789409875869751,-0.07974068820476532,0.07946431636810303,0.12954303622245789,0.24415305256843567,0.13994111120700836,-0.0035336813889443874,0.0011240357998758554,1.0,0.2104785293340683,-0.04507335275411606,0.01700003817677498,0.2181694209575653,-0.03253400698304176,0.11062585562467575,0.2104785293340683,-0.04507335275411606,0.012000039219856262
60,DESCEND,0,0.1792682558298111,0.2678687870502472,0.18497009575366974,1.6038891077041626,0.0017110089538618922,-5.7048733737019575e-08,-1.5562512999167666e-05,0.15835587680339813,0.0012282169191166759,-0.0015907128108665347,0.03839155286550522,0.25959065556526184,0.06615211069583893,-0.10434910655021667,0.003919127397239208,-0.0002866962749976665,0.08281335234642029,-0.0821978971362114,-0.08310317993164062,0.08281335979700089,0.1300961971282959,0.249378502368927,0.13982975482940674,-0.005539576523005962,0.0011406727135181427,1.0,0.2104785293340683,-0.04507334902882576,0.017000021412968636,0.21812114119529724,-0.03266876935958862,0.1093718633055687,0.2104785293340683,-0.04507334902882576,0.012000021524727345
61,DESCEND,0,0.1800457239151001,0.275187611579895,0.18578381836414337,1.6016408205032349,0.001735821133479476,-5.8263264435254314e-08,-1.5448433259734884e-05,0.15865854918956757,0.0012062427122145891,-0.00170110200997442,0.038539573550224304,0.26093482971191406,0.06353557109832764,-0.1063699796795845,0.004027554299682379,-0.0002979619021061808,0.08554309606552124,-0.08487746864557266,-0.0858442634344101,0.08554309606552124,0.13065163791179657,0.25461310148239136,0.1396767646074295,-0.00756843900308013,0.0011572141665965319,1.0,0.2104785144329071,-0.04507334902882576,0.01700000651180744,0.2180713564157486,-0.0328037366271019,0.10811923444271088,0.2104785144329071,-0.04507334902882576,0.01200000662356615
62,DESCEND,0,0.18082597851753235,0.28252971172332764,0.1865348219871521,1.5993508100509644,0.0017604976892471313,-5.918639800484016e-08,-1.533139220555313e-05,0.15888166427612305,0.0011849667644128203,-0.0017270552925765514,0.03868505731225014,0.2622543275356293,0.060919586569070816,-0.10837271064519882,0.0041147503070533276,-0.00030741392401978374,0.08776247501373291,-0.087079256772995,-0.08807317167520523,0.08776247501373291,0.13120943307876587,0.25985658168792725,0.13948220014572144,-0.009619872085750103,0.0011736651649698615,1.0,0.21047864854335785,-0.04507330060005188,0.016999954357743263,0.21802009642124176,-0.032938916236162186,0.106867715716362,0.21047864854335785,-0.04507330060005188,0.011999954469501972
63,DESCEND,0,0.18160885572433472,0.2898947298526764,0.18722307682037354,1.5970194339752197,0.0017850452568382025,-6.024858834052793e-08,-1.5212874131975695e-05,0.15903964638710022,0.0011643465841189027,-0.0016883824719116092,0.038829248398542404,0.26354920864105225,0.05830380320549011,-0.11035647243261337,0.004184671677649021,-0.0003153897705487907,0.08956430107355118,-0.08888845145702362,-0.08988305926322937,0.08956430852413177,0.1317695826292038,0.26510852575302124,0.13924641907215118,-0.011693398468196392,0.0011900302488356829,1.0,0.2104785442352295,-0.045073214918375015,0.016999956220388412,0.21796736121177673,-0.03307422623038292,0.10561742633581161,0.2104785442352295,-0.045073214918375015,0.011999955400824547
64,DESCEND,0,0.18239445984363556,0.29728204011917114,0.18784867227077484,1.59464693069458,0.0018094696570187807,-6.126994378519157e-08,-1.5094177797436714e-05,0.15914425253868103,0.0011443451512604952,-0.0016009934479370713,0.0389726348221302,0.2648189663887024,0.055689889937639236,-0.11232011765241623,0.004240457899868488,-0.00032216182444244623,0.09102553874254227,-0.09037599712610245,-0.09135114401578903,0.09102554619312286,0.13233214616775513,0.27036866545677185,0.13896940648555756,-0.013789018616080284,0.0012063131434842944,1.0,0.2104785293340683,-0.04507319629192352,0.016999956220388412,0.2179132103919983,-0.03320976719260216,0.10436835139989853,0.2104785293340683,-0.04507319629192352,0.011999956332147121
65,DESCEND,0,0.18318292498588562,0.30469128489494324,0.18841169774532318,1.5922338962554932,0.0018337751971557736,-6.222798987209899e-08,-1.497518769610906e-05,0.15920504927635193,0.001124923350289464,-0.0014775454765185714,0.03911586105823517,0.26606419682502747,0.053077857941389084,-0.11426586657762527,0.00428485032171011,-0.0003278906224295497,0.0922105461359024,-0.09160137921571732,-0.09254197031259537,0.09221053868532181,0.132897287607193,0.2756366431713104,0.13865137100219727,-0.015906255692243576,0.0012225168757140636,1.0,0.2104785293340683,-0.04507321119308472,0.016999950632452965,0.21785768866539001,-0.03334551304578781,0.10312043130397797,0.2104785293340683,-0.04507321119308472,0.011999950744211674
66,DESCEND,0,0.1839742511510849,0.3121218979358673,0.18891216814517975,1.5897806882858276,0.001857966766692698,-6.310408906529119e-08,-1.4857043424854055e-05,0.15922999382019043,0.001106048352085054,-0.001328160404227674,0.03925963118672371,0.2672845721244812,0.05046752840280533,-0.11618983000516891,0.004319869913160801,-0.00033280407660640776,0.09316908568143845,-0.09261048585176468,-0.09350546449422836,0.09316908568143845,0.13346491754055023,0.2809121608734131,0.13829246163368225,-0.018044790253043175,0.0012386445887386799,1.0,0.2104785442352295,-0.04507321119308472,0.016999945044517517,0.21780076622962952,-0.033481478691101074,0.1018737182021141,0.2104785442352295,-0.04507321119308472,0.011999944224953651
67,DESCEND,0,0.1847684681415558,0.3195735216140747,0.1893501877784729,1.5872880220413208,0.001882046926766634,-6.36800763231804e-08,-1.473983775213128e-05,0.15922537446022034,0.0010876876767724752,-0.001160825020633638,0.039404064416885376,0.2684800624847412,0.04786057397723198,-0.1180947944521904,0.0043473439291119576,-0.00033695390447974205,0.09394364804029465,-0.09344275295734406,-0.094284288585186,0.09394364804029465,0.13403509557247162,0.28619492053985596,0.13789287209510803,-0.020204147323966026,0.0012546980287879705,1.0,0.2104785442352295,-0.04507320746779442,0.016999928280711174,0.21774247288703918,-0.03361770883202553,0.10062820464372635,0.2104785442352295,-0.04507320746779442,0.011999928392469883
68,DESCEND,0,0.18556563556194305,0.3270455002784729,0.18972578644752502,1.5847558975219727,0.0019060197519138455,-6.477674219240726e-08,-1.4624703908339143e-05,0.15919646620750427,0.0010698122205212712,-0.0009818652179092169,0.03954951465129852,0.26965105533599854,0.045256540179252625,-0.11997833847999573,0.004368627909570932,-0.0003405299794394523,0.0945676639676094,-0.09412919729948044,-0.09491196274757385,0.09456767141819,0.13460791110992432,0.291484534740448,0.13745282590389252,-0.022384246811270714,0.0012706798734143376,1.0,0.21047855913639069,-0.04507320746779442,0.016999922692775726,0.2176828682422638,-0.03375415876507759,0.09938377887010574,0.21047855913639069,-0.04507320746779442,0.01199992187321186
69,DESCEND,0,0.18636584281921387,0.3345373570919037,0.19003908336162567,1.5821847915649414,0.0019298875704407692,-6.556353326914177e-08,-1.45116700878134e-05,0.1591475009918213,0.0010523921810090542,-0.0007962576346471906,0.03969639167189598,0.27079734206199646,0.0426567867398262,-0.12184184789657593,0.004384848289191723,-0.00034363113809376955,0.09506785124540329,-0.09469463676214218,-0.09541530162096024,0.09506785124540329,0.1351834088563919,0.29678064584732056,0.13697241246700287,-0.024584850296378136,0.0012865917524322867,1.0,0.21047855913639069,-0.045073218643665314,0.01699991524219513,0.21762195229530334,-0.03389086574316025,0.09814047813415527,0.21047855913639069,-0.045073218643665314,0.011999915353953838
70,DESCEND,0,0.18716903030872345,0.342048704624176,0.1902901828289032,1.579575538635254,0.001953652361407876,-6.64573249764544e-08,-1.4400496183952782e-05,0.1590820997953415,0.001035399385727942,-0.0006079027079977095,0.03984507545828819,0.27191853523254395,0.04006123170256615,-0.12368527799844742,0.004396951291710138,-0.00034632423194125295,0.09546727687120438,-0.0951605960726738,-0.09581746906042099,0.09546726197004318,0.1357615888118744,0.3020831346511841,0.13645170629024506,-0.026805400848388672,0.001302434946410358,1.0,0.2104785293340683,-0.04507320374250412,0.01699995994567871,0.21755968034267426,-0.034027840942144394,0.09689819812774658,0.2104785293340683,-0.04507320374250412,0.011999960988759995
71,DESCEND,0,0.18797533214092255,0.34957900643348694,0.19047911465168,1.5769281387329102,0.0019773179665207863,-6.7458074681781e-08,-1.4291262232291047e-05,0.15900307893753052,0.001018810668028891,-0.0004197622765786946,0.0399954617023468,0.2730157673358917,0.03746965900063515,-0.12550775706768036,0.004405769985169172,-0.00034863431937992573,0.0957847535610199,-0.09554481506347656,-0.09613732993602753,0.0957847610116005,0.1363426297903061,0.3073914647102356,0.13589109480381012,-0.029045742005109787,0.0013182120164856315,1.0,0.21047866344451904,-0.04507330432534218,0.016999971121549606,0.21749623119831085,-0.034165073186159134,0.09565721452236176,0.21047866344451904,-0.04507330432534218,0.01199997030198574
72,DESCEND,0,0.18878482282161713,0.357127845287323,0.19060610234737396,1.5742433071136475,0.0020008848514407873,-6.801582230764325e-08,-1.4184317478793673e-05,0.158912792801857,0.001002600067295134,-0.00023414315364789218,0.04014813154935837,0.27408722043037415,0.03488418087363243,-0.12730902433395386,0.004411798901855946,-0.00035065787960775197,0.0960339829325676,-0.09586003422737122,-0.09638863056898117,0.0960339680314064,0.13692648708820343,0.31270551681518555,0.13529066741466522,-0.031305473297834396,0.0013339233119040728,1.0,0.21047864854335785,-0.04507332295179367,0.016999954357743263,0.2174314707517624,-0.034302592277526855,0.09441713243722916,0.21047864854335785,-0.04507332295179367,0.011999954469501972
73,DESCEND,0,0.1895974576473236,0.36469465494155884,0.19067110121250153,1.571521282196045,0.0020243553444743156,-6.865112567311371e-08,-1.407929630659055e-05,0.1588132232427597,0.0009867461631074548,-5.277583113638684e-05,0.04030309244990349,0.2751350998878479,0.03230380266904831,-0.12908917665481567,0.0044156028889119625,-0.0003523829800542444,0.09622744470834732,-0.09611812978982925,-0.09658389538526535,0.09622742235660553,0.13751310110092163,0.31802481412887573,0.13465073704719543,-0.0335843563079834,0.0013495702296495438,1.0,0.2104785442352295,-0.045073214918375015,0.016999948769807816,0.21736542880535126,-0.03444039821624756,0.09317819029092789,0.2104785442352295,-0.045073214918375015,0.011999948881566525
74,DESCEND,0,0.19041337072849274,0.37227898836135864,0.19067440927028656,1.5687628984451294,0.002047731773927808,-6.911106709139858e-08,-1.3977343769511208e-05,0.1587059497833252,0.0009712310857139528,0.0001230745401699096,0.04045999050140381,0.276157408952713,0.029730524867773056,-0.13084842264652252,0.004417558666318655,-0.0003539066528901458,0.0963752344250679,-0.09632865339517593,-0.09673327952623367,0.0963752269744873,0.13810265064239502,0.3233492374420166,0.13397131860256195,-0.03588191792368889,0.0013651545159518719,1.0,0.21047855913639069,-0.045073214918375015,0.01699994131922722,0.21729815006256104,-0.034578587859869,0.09194038808345795,0.21047855913639069,-0.045073214918375015,0.011999942362308502
75,DESCEND,0,0.19123265147209167,0.37988027930259705,0.19061605632305145,1.5659679174423218,0.0020710155367851257,-7.000545565460925e-08,-1.3878403478884138e-05,0.1585923731327057,0.0009560341131873429,0.0002924612781498581,0.040619343519210815,0.27715590596199036,0.027162864804267883,-0.1325862854719162,0.004418045282363892,-0.0003552403359208256,0.09648473560810089,-0.09649866819381714,-0.09684418141841888,0.0964847281575203,0.13869540393352509,0.32867830991744995,0.13325265049934387,-0.0381983146071434,0.0013806771021336317,1.0,0.21047861874103546,-0.045073214918375015,0.01699993386864662,0.21722978353500366,-0.034716952592134476,0.09070352464914322,0.21047861874103546,-0.045073214918375015,0.011999933049082756
76,DESCEND,0,0.19205529987812042,0.38749822974205017,0.19049620628356934,1.563137412071228,0.002094208262860775,-7.047145800243015e-08,-1.3781784218735993e-05,0.15847355127334595,0.0009411311475560069,0.00045473402133211493,0.04078194499015808,0.2781297266483307,0.024602359160780907,-0.1343037486076355,0.00441729836165905,-0.00035641013528220356,0.0965629443526268,-0.09663485735654831,-0.09692360460758209,0.0965629369020462,0.1392911672592163,0.33401188254356384,0.13249510526657104,-0.0405326709151268,0.0013961389195173979,1.0,0.2104785442352295,-0.04507319629192352,0.016999930143356323,0.217160165309906,-0.03485574573278427,0.08946768194437027,0.2104785442352295,-0.04507319629192352,0.011999931186437607
77,DESCEND,0,0.19288139045238495,0.3951322138309479,0.19031500816345215,1.5602713823318481,0.002117311581969261,-7.147798442019848e-08,-1.3688123544852715e-05,0.15835040807724,0.0009265110129490495,0.0006094853742979467,0.04094717279076576,0.2790790796279907,0.02204984426498413,-0.13599902391433716,0.004415496718138456,-0.0003574467555154115,0.09661433845758438,-0.09674157202243805,-0.09697609394788742,0.09661433845758438,0.13989003002643585,0.33934950828552246,0.13169875741004944,-0.04288506507873535,0.0014115411322563887,1.0,0.2104785293340683,-0.04507319629192352,0.016999967396259308,0.21708938479423523,-0.03499490022659302,0.08823289722204208,0.2104785293340683,-0.04507319629192352,0.011999966576695442
78,DESCEND,0,0.19371092319488525,0.4027818441390991,0.19007261097431183,1.5573707818984985,0.0021403273567557335,-7.196682361154672e-08,-1.3597283214039635e-05,0.15822376310825348,0.0009121549082919955,0.0007564807892777026,0.04111526161432266,0.28000423312187195,0.019505120813846588,-0.13767291605472565,0.0044129034504294395,-0.00035831311834044755,0.09664475917816162,-0.09682455658912659,-0.09700746089220047,0.09664476662874222,0.14049223065376282,0.3446912467479706,0.13086342811584473,-0.04525526612997055,0.0014268849045038223,1.0,0.21047867834568024,-0.04507330060005188,0.01699995808303356,0.21701742708683014,-0.03513433784246445,0.08699902892112732,0.21047867834568024,-0.04507330060005188,0.01199995819479227
79,DESCEND,0,0.19454404711723328,0.41044649481773376,0.18976911902427673,1.5544357299804688,0.002163256984204054,-7.254289613456422e-08,-1.350944694422651e-05,0.15809424221515656,0.0008980441489256918,0.0008955981465987861,0.041286807507276535,0.2809058129787445,0.01696718856692314,-0.13932716846466064,0.004409634508192539,-0.0003590835549402982,0.09665656089782715,-0.09688607603311539,-0.09702008962631226,0.09665656089782715,0.1410977691411972,0.35003626346588135,0.12999016046524048,-0.04764239117503166,0.0014421714004129171,1.0,0.2104785144329071,-0.04507334902882576,0.01700003817677498,0.2169443666934967,-0.035274118185043335,0.0857662558555603,0.2104785144329071,-0.04507334902882576,0.012000038288533688
80,DESCEND,0,0.19538083672523499,0.4181259274482727,0.18940484523773193,1.5514668226242065,0.0021861016284674406,-7.324489814664048e-08,-1.342403356829891e-05,0.1579623967409134,0.0008841658709570765,0.001026814104989171,0.041461795568466187,0.2817825376987457,0.014439635910093784,-0.14095960557460785,0.004405743908137083,-0.00035978382220491767,0.09665238112211227,-0.09692878276109695,-0.09701661765575409,0.09665237367153168,0.14170655608177185,0.3553847670555115,0.1290786862373352,-0.05004652589559555,0.0014574010856449604,1.0,0.2104784995317459,-0.04507334157824516,0.017000041902065277,0.21687017381191254,-0.035414353013038635,0.08453438431024551,0.2104784995317459,-0.04507334157824516,0.012000041082501411
81,DESCEND,0,0.1962212771177292,0.4258194863796234,0.18897981941699982,1.5484645366668701,0.0022088629193603992,-7.387278344594961e-08,-1.3342251804715488e-05,0.1578286588191986,0.0008705105865374207,0.0011502642882987857,0.041639745235443115,0.28263556957244873,0.011920694261789322,-0.14257028698921204,0.00440146354958415,-0.0003603617660701275,0.0966365709900856,-0.09695710241794586,-0.09700143337249756,0.0966365784406662,0.14231877028942108,0.36073625087738037,0.12812918424606323,-0.052467428147792816,0.001472575357183814,1.0,0.2104785293340683,-0.04507334902882576,0.01700003445148468,0.21679487824440002,-0.03555493801832199,0.08330356329679489,0.2104785293340683,-0.04507334902882576,0.012000034563243389
82,DESCEND,0,0.19706547260284424,0.43352675437927246,0.18849432468414307,1.545428991317749,0.0022315424866974354,-7.439693661126512e-08,-1.3262478205433581e-05,0.15769344568252563,0.0008570622885599732,0.0012660670327022672,0.04182109236717224,0.2834647297859192,0.009411330334842205,-0.14415927231311798,0.004396768752485514,-0.00036083534359931946,0.09660890698432922,-0.09697075933218002,-0.09697432816028595,0.09660890698432922,0.14293459057807922,0.3660905361175537,0.12714193761348724,-0.05490485951304436,0.0014876950299367309,1.0,0.2104785144329071,-0.045073337852954865,0.017000041902065277,0.21671846508979797,-0.0356958843767643,0.0820736363530159,0.2104785144329071,-0.045073337852954865,0.012000041082501411
83,DESCEND,0,0.19791358709335327,0.4412473738193512,0.18794852495193481,1.5423610210418701,0.0022541412618011236,-7.478341501609975e-08,-1.3186185242375359e-05,0.15755712985992432,0.0008438079385086894,0.0013743744930252433,0.042006295174360275,0.284270316362381,0.006911441683769226,-0.14572793245315552,0.004391707479953766,-0.0003612440195865929,0.09657130390405655,-0.0969717875123024,-0.09693717956542969,0.09657129645347595,0.14355403184890747,0.3714473247528076,0.1261172741651535,-0.05735834687948227,0.0015027609188109636,1.0,0.2104785293340683,-0.04507334530353546,0.017000028863549232,0.21664094924926758,-0.03583728149533272,0.0808446928858757,0.2104785293340683,-0.04507334530353546,0.012000028975307941
84,DESCEND,0,0.1987656205892563,0.44898077845573425,0.1873425543308258,1.539260983467102,0.002276660641655326,-7.543373214957683e-08,-1.311201231146697e-05,0.1574200689792633,0.0008307363023050129,0.0014754107687622309,0.04219522699713707,0.2850523293018341,0.004422205965965986,-0.14727571606636047,0.004386416170746088,-0.0003616064786911011,0.09652601182460785,-0.09696250408887863,-0.09689226746559143,0.09652602672576904,0.14417724311351776,0.376806378364563,0.12505540251731873,-0.05982748791575432,0.0015177738387137651,1.0,0.2104785293340683,-0.04507335275411606,0.017000027000904083,0.216562420129776,-0.03597908839583397,0.07961670309305191,0.2104785293340683,-0.04507335275411606,0.012000026181340218
85,DESCEND,0,0.19962166249752045,0.4567264914512634,0.18667669594287872,1.5361287593841553,0.0022991029545664787,-7.58711991011296e-08,-1.3040339581493754e-05,0.15728244185447693,0.0008178355055861175,0.0015693980967625976,0.04238833487033844,0.28581100702285767,0.0019438709132373333,-0.14880111813545227,0.004380872473120689,-0.0003618844202719629,0.0964728444814682,-0.09694281220436096,-0.09683942049741745,0.0964728444814682,0.1448042243719101,0.38216733932495117,0.12395651638507843,-0.06231260299682617,0.0015327353030443192,1.0,0.2104785293340683,-0.04507334902882576,0.01700000837445259,0.21648281812667847,-0.036121394485235214,0.07838954776525497,0.2104785293340683,-0.04507334902882576,0.0120000084862113
86,DESCEND,0,0.20048178732395172,0.4644840657711029,0.18595115840435028,1.5329653024673462,0.002321469597518444,-7.633515508587152e-08,-1.2971292562724557e-05,0.15714453160762787,0.000805097515694797,0.001656597713008523,0.04258529841899872,0.2865462899208069,-0.0005237793666310608,-0.1503061205148697,0.004375153686851263,-0.0003620923380367458,0.09641390293836594,-0.0969148576259613,-0.09678076207637787,0.09641388803720474,0.14543509483337402,0.3875301480293274,0.1228206604719162,-0.06481313705444336,0.001547646475955844,1.0,0.21047866344451904,-0.04507330432534218,0.01699996553361416,0.21640215814113617,-0.03626405820250511,0.07716342061758041,0.21047866344451904,-0.04507330432534218,0.011999965645372868
87,DESCEND,0,0.20134612917900085,0.47225314378738403,0.18516606092453003,1.5297712087631226,0.002343760570511222,-7.692756298638415e-08,-1.2904340110253543e-05,0.15700651705265045,0.0007925106910988688,0.0017372668953612447,0.04278647527098656,0.28725922107696533,-0.0029806275852024555,-0.1517905741930008,0.0043692998588085175,-0.00036227484815753996,0.09634986519813538,-0.09687952697277069,-0.09671692550182343,0.09634986519813538,0.14607009291648865,0.39289435744285583,0.1216484010219574,-0.06732837855815887,0.0015625071246176958,1.0,0.21047867834568024,-0.04507330432534218,0.01699995994567871,0.2163204550743103,-0.03640727698802948,0.07593812048435211,0.21047867834568024,-0.04507330432534218,0.011999959126114845
88,DESCEND,0,0.20221476256847382,0.48003309965133667,0.18432176113128662,1.526546597480774,0.0023659784346818924,-7.72907426949132e-08,-1.284009704249911e-05,0.15686863660812378,0.0007800652529112995,0.0018116575665771961,0.042992379516363144,0.28794869780540466,-0.005425082985311747,-0.1532532125711441,0.0043633016757667065,-0.0003623548545874655,0.09628118574619293,-0.09683717787265778,-0.09664838016033173,0.09628117829561234,0.14670926332473755,0.3982594907283783,0.12044032663106918,-0.06985807418823242,0.0015773189952597022,1.0,0.2104785293340683,-0.04507334530353546,0.017000049352645874,0.21623778343200684,-0.036551035940647125,0.07471378147602081,0.2104785293340683,-0.04507334530353546,0.012000048533082008
89,DESCEND,0,0.203087717294693,0.48782363533973694,0.1834184229373932,1.5232924222946167,0.002388124354183674,-7.769975240989879e-08,-1.2778601558238734e-05,0.1567310392856598,0.0007677527610212564,0.0018800244433805346,0.043203145265579224,0.28861430287361145,-0.007855577394366264,-0.15469445288181305,0.00435719545930624,-0.00036241207271814346,0.09620784968137741,-0.09678804874420166,-0.09657516330480576,0.0962078645825386,0.14735272526741028,0.40362581610679626,0.11919590085744858,-0.0724022388458252,0.001592082902789116,1.0,0.2104784995317459,-0.04507334530353546,0.017000041902065277,0.21615402400493622,-0.036695193499326706,0.07349034398794174,0.2104784995317459,-0.04507334530353546,0.01200004294514656
90,DESCEND,0,0.20396524667739868,0.4956243336200714,0.18245631456375122,1.5200085639953613,0.002410199726000428,-7.817589420255899e-08,-1.2719311598630156e-05,0.15659388899803162,0.0007555658230558038,0.001942655653692782,0.04341864958405495,0.2892581820487976,-0.01027496624737978,-0.15611405670642853,0.004351046867668629,-0.0003624432429205626,0.09613148123025894,-0.09673384577035904,-0.09649884700775146,0.09613151103258133,0.1480005979537964,0.4089929461479187,0.1179158091545105,-0.0749606341123581,0.0016067998949438334,1.0,0.2104785293340683,-0.04507334157824516,0.017000040039420128,0.2160693109035492,-0.03683992475271225,0.07226773351430893,0.2104785293340683,-0.04507334157824516,0.012000040151178837
91,DESCEND,0,0.20484723150730133,0.5034347176551819,0.181435689330101,1.5166956186294556,0.0024322057142853737,-7.875917873434446e-08,-1.2662521839956753e-05,0.15645724534988403,0.0007434943108819425,0.0019997870549559593,0.04363946244120598,0.2898796796798706,-0.01268076803535223,-0.15751445293426514,0.004344786051660776,-0.0003624337259680033,0.0960516557097435,-0.09667413681745529,-0.09641901403665543,0.0960516706109047,0.14865300059318542,0.4143604636192322,0.11660026013851166,-0.07753285020589828,0.0016214705538004637,1.0,0.2104785293340683,-0.04507334530353546,0.01700003445148468,0.2159835696220398,-0.03698517009615898,0.07104599475860596,0.2104785293340683,-0.04507334530353546,0.012000033631920815
92,DESCEND,0,0.20573391020298004,0.5112543106079102,0.18035674095153809,1.5133535861968994,0.0024541437160223722,-7.900998610921306e-08,-1.260812314285431e-05,0.15632134675979614,0.0007315321709029377,0.002051651943475008,0.04386569932103157,0.29047882556915283,-0.015073285438120365,-0.1588927060365677,0.004338483326137066,-0.0003623424272518605,0.09596841782331467,-0.09660912305116653,-0.0963357537984848,0.09596841037273407,0.14931009709835052,0.41972821950912476,0.11524951457977295,-0.08011889457702637,0.0016360958106815815,1.0,0.2104785144329071,-0.04507334902882576,0.017000019550323486,0.215896874666214,-0.03713095933198929,0.06982508301734924,0.2104785144329071,-0.04507334902882576,0.01200001873075962
93,DESCEND,0,0.20662541687488556,0.5190827250480652,0.17921975255012512,1.5099838972091675,0.0024760165251791477,-7.925554257326439e-08,-1.2555509783851448e-05,0.1561862975358963,0.0007196709048002958,0.002098482334986329,0.04409752041101456,0.2910560369491577,-0.01745227910578251,-0.16025061905384064,0.0043321275152266026,-0.0003622214717324823,0.09588270634412766,-0.09653983265161514,-0.09624996036291122,0.09588270634412766,0.14997199177742004,0.4250960052013397,0.11386387050151825,-0.08271797746419907,0.0016506777610629797,1.0,0.2104785442352295,-0.04507334902882576,0.01700001209974289,0.2158091515302658,-0.03727738559246063,0.06860512495040894,0.2104785442352295,-0.04507334902882576,0.012000013142824173
94,DESCEND,0,0.20752188563346863,0.5269196033477783,0.17802508175373077,1.5065860748291016,0.0024978241417557,-7.965379467123057e-08,-1.2505111044447403e-05,0.15605221688747406,0.0007079067290760577,0.0021405289880931377,0.044334981590509415,0.29161080718040466,-0.01981654390692711,-0.16158680617809296,0.00432575773447752,-0.0003620823554228991,0.09579475969076157,-0.0964665561914444,-0.09616190940141678,0.09579474478960037,0.15063878893852234,0.4304637312889099,0.11244340240955353,-0.08533041179180145,0.0016652161721140146,1.0,0.21047867834568024,-0.04507330805063248,0.016999950632452965,0.21572047472000122,-0.037424419075250626,0.0673859640955925,0.21047867834568024,-0.04507330805063248,0.011999950744211674
95,DESCEND,0,0.2084234058856964,0.5347644686698914,0.17677289247512817,1.503161072731018,0.0025195686612278223,-8.006017537809385e-08,-1.2457257071218919e-05,0.155919149518013,0.0006962312618270516,0.002178012393414974,0.04457831010222435,0.29214420914649963,-0.022167200222611427,-0.16290383040905,0.004319373983889818,-0.0003619144845288247,0.09570494294166565,-0.0963897705078125,-0.09607193619012833,0.09570494294166565,0.15131086111068726,0.4358307123184204,0.11098918318748474,-0.08795499801635742,0.0016797124408185482,1.0,0.2104785442352295,-0.04507321119308472,0.016999943181872368,0.21563081443309784,-0.037572041153907776,0.06616764515638351,0.2104785442352295,-0.04507321119308472,0.011999943293631077
96,DESCEND,0,0.20933005213737488,0.5426167845726013,0.17546354234218597,1.4997093677520752,0.0025412507820874453,-8.045811483725629e-08,-1.241083737113513e-05,0.15578725934028625,0.000684636936057359,0.002211100421845913,0.04482844099402428,0.2926557660102844,-0.02450033277273178,-0.16419796645641327,0.0043129087425768375,-0.0003617018519435078,0.09561219811439514,-0.09630849212408066,-0.0959790050983429,0.09561221301555634,0.15198831260204315,0.44119715690612793,0.10950060188770294,-0.09059222787618637,0.0016941672656685114,1.0,0.2104785293340683,-0.045073192566633224,0.016999945044517517,0.21554015576839447,-0.03772030025720596,0.06495016068220139,0.2104785293340683,-0.045073192566633224,0.011999944224953651
97,DESCEND,0,0.21024204790592194,0.5504763126373291,0.17409732937812805,1.496231198310852,0.002562873298302293,-8.066772494430552e-08,-1.2367175258987118e-05,0.15565669536590576,0.0006731158937327564,0.0022399993613362312,0.045085612684488297,0.2931457459926605,-0.026819782331585884,-0.16547177731990814,0.004306497983634472,-0.0003614324959926307,0.09551824629306793,-0.09622444212436676,-0.09588482230901718,0.09551826119422913,0.15267138183116913,0.4465627074241638,0.10797825455665588,-0.0932416170835495,0.0017085822764784098,1.0,0.2104785442352295,-0.045073192566633224,0.016999930143356323,0.21544848382472992,-0.037869229912757874,0.06373344361782074,0.2104785442352295,-0.045073192566633224,0.011999930255115032
98,DESCEND,0,0.21115954220294952,0.5583425760269165,0.1726745218038559,1.4927268028259277,0.0025844364427030087,-8.108505511472686e-08,-1.2325051102379803e-05,0.15552745759487152,0.0006616615573875606,0.0022649031598120928,0.04535021260380745,0.29361429810523987,-0.029123084619641304,-0.16672609746456146,0.004300064407289028,-0.00036118330899626017,0.09542274475097656,-0.09613743424415588,-0.0957891047000885,0.09542271494865417,0.15336021780967712,0.451927125453949,0.10642264783382416,-0.09590291976928711,0.001722957706078887,1.0,0.2104785442352295,-0.04507320374250412,0.016999918967485428,0.21535588800907135,-0.03801886364817619,0.06251763552427292,0.2104785442352295,-0.04507320374250412,0.011999919079244137
99,DESCEND,0,0.2120826542377472,0.5662153363227844,0.17119546234607697,1.4891968965530396,0.002605942077934742,-8.126605166580703e-08,-1.2284430340514518e-05,0.15539968013763428,0.0006502711912617087,0.0022859980817884207,0.0456223227083683,0.29406237602233887,-0.03140980377793312,-0.16795818507671356,0.004293654579669237,-0.00036085431929677725,0.09532589465379715,-0.09604767709970474,-0.0956919863820076,0.09532588720321655,0.15405505895614624,0.4572902321815491,0.10483398288488388,-0.09857575595378876,0.0017372947186231613,1.0,0.2104785442352295,-0.04507320746779442,0.016999967396259308,0.2152622938156128,-0.03816923871636391,0.061302583664655685,0.2104785442352295,-0.04507320746779442,0.011999967508018017
100,DESCEND,1,0.21301154792308807,0.5740936994552612,0.16966043412685394,1.4856414794921875,0.00262739066965878,-8.155937791798351e-08,-1.2246566257090308e-05,0.1552734375,0.0006389375776052475,0.00230345013551414,0.045902591198682785,0.294489324092865,-0.033679667860269547,-0.16916915774345398,0.004287236370146275,-0.00036054709926247597,0.0952276811003685,-0.0959552749991417,-0.09559345990419388,0.0952276736497879,0.15475627779960632,0.4626515507698059,0.10321255028247833,-0.10126011073589325,0.00175159377977252,-1.0,0.21047866344451904,-0.045073315501213074,0.01699994131922722,0.21516777575016022,-0.03832031786441803,0.06008853018283844,0.21047866344451904,-0.045073315501213074,0.011999941430985928
101,DESCEND,1,0.21394167840480804,0.5819698572158813,0.16806535422801971,1.4820635318756104,0.0026210597716271877,-7.408557678445504e-08,-0.030011309310793877,0.1629994511604309,0.03062880039215088,-0.006270465441048145,0.04847249761223793,0.29520848393440247,-0.03585019335150719,-0.16922889649868011,0.017888318747282028,-0.0016864176141098142,-1.0612348318099976,1.0541688203811646,1.059543490409851,-1.0612348318099976,0.15546143054962158,0.46800467371940613,0.10155882686376572,-0.10395161807537079,0.0017473732586950064,-1.0,0.2104785442352295,-0.045073214918375015,0.01699994131922722,0.21507331728935242,-0.038471560925245285,0.05887667462229729,0.2104785442352295,-0.045073214918375015,0.011999941430985928
102,DESCEND,1,0.21488173305988312,0.5898570418357849,0.16641956567764282,1.4784609079360962,0.0026336906012147665,-6.55178951092239e-08,-0.06001070514321327,0.18816210329532623,0.06061724200844765,-0.03314053267240524,0.0468129999935627,0.29529327154159546,-0.03818061575293541,-0.1713123917579651,0.006238190922886133,-0.0005532183567993343,-1.3567684888839722,1.3473964929580688,1.3562111854553223,-1.3567683696746826,0.1561754047870636,0.47336071729660034,0.09987369179725647,-0.10665600001811981,0.0017557938117533922,-1.0,0.2104785293340683,-0.04507319629192352,0.01699994131922722,0.21497689187526703,-0.03862407058477402,0.05766445770859718,0.2104785293340683,-0.04507319629192352,0.011999942362308502
103,DESCEND,1,0.2158285677433014,0.5977497696876526,0.16471907496452332,1.4748343229293823,0.0026501871179789305,-7.02234572713678e-08,-0.09000993520021439,0.21692310273647308,0.09060550481081009,-0.06371789425611496,0.046829111874103546,0.29559922218322754,-0.04040783271193504,-0.17260143160820007,0.00450036721304059,-0.00038246248732320964,-1.4017000198364258,1.392327904701233,1.4013129472732544,-1.4017000198364258,0.1568966805934906,0.4787151515483856,0.09815673530101776,-0.10937102884054184,0.001766791450791061,-1.0,0.2104785442352295,-0.04507320374250412,0.016999930143356323,0.21487931907176971,-0.03877747803926468,0.056452855467796326,0.2104785442352295,-0.04507320374250412,0.011999929323792458
104,DESCEND,1,0.21678192913532257,0.6056463718414307,0.16296431422233582,1.4711846113204956,0.002666942309588194,-7.125466083834908e-08,-0.11959658563137054,0.24517972767353058,0.12018126994371414,-0.09375574439764023,0.047160644084215164,0.2959401607513428,-0.04259892553091049,-0.17372767627239227,0.004595378879457712,-0.00038312969263643026,-1.343942642211914,1.334746241569519,1.3435544967651367,-1.3439425230026245,0.15762540698051453,0.4840666949748993,0.09640895575284958,-0.1120956763625145,0.0017779616173356771,-1.0,0.2104785442352295,-0.04507321119308472,0.016999972984194756,0.214780792593956,-0.03893173113465309,0.055242232978343964,0.2104785442352295,-0.04507321119308472,0.011999973095953465
105,DESCEND,1,0.21774184703826904,0.6135464310646057,0.16115547716617584,1.4675123691558838,0.0026827380061149597,-7.243818345159525e-08,-0.14754794538021088,0.27106910943984985,0.1481218934059143,-0.12141142785549164,0.047686848789453506,0.29627007246017456,-0.04477604851126671,-0.17473822832107544,0.005840487778186798,-0.0004995723720639944,-1.2324254512786865,1.2232105731964111,1.231920838356018,-1.2324254512786865,0.15836194157600403,0.4894152283668518,0.09463023394346237,-0.11482986062765121,0.0017884920816868544,-1.0,0.21047864854335785,-0.045073315501213074,0.01699996180832386,0.2146812230348587,-0.039086855947971344,0.05403244495391846,0.21047864854335785,-0.045073315501213074,0.011999961920082569
106,DESCEND,1,0.21870847046375275,0.6214492321014404,0.15929295122623444,1.4638175964355469,0.0026963865384459496,-7.233208521029155e-08,-0.17387285828590393,0.2939460277557373,0.1744362711906433,-0.1461099237203598,0.048283979296684265,0.29658910632133484,-0.04693393409252167,-0.17569930851459503,0.007474091835319996,-0.0006519946036860347,-1.117311954498291,1.1076360940933228,1.1166547536849976,-1.117311954498291,0.15910658240318298,0.4947598874568939,0.09282194823026657,-0.11757286638021469,0.0017975911032408476,-1.0,0.2104784995317459,-0.04507334530353546,0.01700005680322647,0.21458062529563904,-0.03924283757805824,0.05282365530729294,0.2104784995317459,-0.04507334530353546,0.01200005691498518
107,DESCEND,1,0.21968205273151398,0.6293544173240662,0.15737712383270264,1.4601013660430908,0.002707653446123004,-7.126341472485365e-08,-0.19866596162319183,0.31396159529685974,0.19921903312206268,-0.1680927574634552,0.048857055604457855,0.29688334465026855,-0.049072280526161194,-0.17665007710456848,0.008898340165615082,-0.0007837945013307035,-1.0121349096298218,1.0015538930892944,1.0113459825515747,-1.0121349096298218,0.15985947847366333,0.50010085105896,0.09098371863365173,-0.12032445520162582,0.0018051023362204432,-1.0,0.2104785144329071,-0.04507334902882576,0.017000041902065277,0.21447905898094177,-0.03939976543188095,0.05161576718091965,0.2104785144329071,-0.04507334902882576,0.012000041082501411
108,DESCEND,1,0.2206629067659378,0.6372621655464172,0.15540845692157745,1.4563629627227783,0.0027165922801941633,-6.90827093308144e-08,-0.22201640903949738,0.33146029710769653,0.22255921363830566,-0.18777869641780853,0.04938577115535736,0.29715225100517273,-0.05119451507925987,-0.1775999218225479,0.00997707899659872,-0.0008824932156130672,-0.9194066524505615,0.9075831174850464,0.9185191988945007,-0.9194065928459167,0.16062134504318237,0.5054380893707275,0.08911621570587158,-0.12308494746685028,0.0018110615201294422,-1.0,0.2104785293340683,-0.04507334530353546,0.017000019550323486,0.21437637507915497,-0.039557717740535736,0.05040869489312172,0.2104785293340683,-0.04507334530353546,0.01200001873075962
109,DESCEND,1,0.22165139019489288,0.6451717615127563,0.15338732302188873,1.452604055404663,0.0027233425062149763,-6.657982254409944e-08,-0.24400818347930908,0.3467983901500702,0.24454082548618317,-0.205575630068779,0.0498744361102581,0.29739636182785034,-0.05329805240035057,-0.1785503774881363,0.010716010816395283,-0.0009491289383731782,-0.838448166847229,0.8251630067825317,0.8374941945075989,-0.8384481072425842,0.16139283776283264,0.5107710361480713,0.08722027391195297,-0.1258528232574463,0.0018155616708099842,-1.0,0.2104784995317459,-0.045073337852954865,0.01700001023709774,0.2142726629972458,-0.03971664980053902,0.04920259118080139,0.2104784995317459,-0.045073337852954865,0.012000010348856449
110,DESCEND,1,0.2226477712392807,0.6530831456184387,0.15131427347660065,1.448824405670166,0.0027280610520392656,-6.354787274176488e-08,-0.2647203803062439,0.3602951765060425,0.26524287462234497,-0.22183316946029663,0.05033297836780548,0.29761525988578796,-0.05537967383861542,-0.17949354648590088,0.01115998812019825,-0.0009882737649604678,-0.7678114175796509,0.7529476284980774,0.7668185234069824,-0.7678114175796509,0.1621742844581604,0.516099750995636,0.08529573678970337,-0.1286286562681198,0.0018187074456363916,-1.0,0.21047866344451904,-0.04507330805063248,0.016999967396259308,0.21416783332824707,-0.03987666592001915,0.04799730330705643,0.21047866344451904,-0.04507330805063248,0.011999968439340591
111,DESCEND,1,0.22365252673625946,0.6609957814216614,0.149189755320549,1.4450244903564453,0.002730898791924119,-6.030181509686372e-08,-0.2842274308204651,0.37222403287887573,0.2847397029399872,-0.23683741688728333,0.050770580768585205,0.297811895608902,-0.05743972957134247,-0.1804303526878357,0.011360254138708115,-0.0010049970587715507,-0.7060084939002991,0.6895304322242737,0.7049990296363831,-0.7060085535049438,0.16296662390232086,0.5214236378669739,0.0833442211151123,-0.13141131401062012,0.0018205991946160793,-1.0,0.21047867834568024,-0.04507330805063248,0.016999971121549606,0.21406187117099762,-0.0400378555059433,0.04679294675588608,0.21047867834568024,-0.04507330805063248,0.011999971233308315
112,DESCEND,1,0.22466599941253662,0.6689092516899109,0.14701426029205322,1.4412047863006592,0.002731999848037958,-5.687148174615686e-08,-0.30259934067726135,0.3828156590461731,0.30310148000717163,-0.2508182227611542,0.05119764804840088,0.2979845702648163,-0.05947178602218628,-0.18135596811771393,0.011364269070327282,-0.0010038787731900811,-0.6517128348350525,0.6336466073989868,0.6507046222686768,-0.6517128944396973,0.1637706160545349,0.5267423987388611,0.08136600255966187,-0.1342005729675293,0.00182133330963552,-1.0,0.21047866344451904,-0.045073315501213074,0.016999946907162666,0.21395470201969147,-0.04020019993185997,0.04558945447206497,0.21047866344451904,-0.045073315501213074,0.011999947018921375
113,DESCEND,1,0.22568866610527039,0.676823616027832,0.14478832483291626,1.437366008758545,0.0027314971666783094,-5.3339750394343355e-08,-0.3199023902416229,0.392263263463974,0.32039424777030945,-0.2639581859111786,0.05162275955080986,0.2981332838535309,-0.06147501990199089,-0.18226772546768188,0.01121335756033659,-0.0009888543281704187,-0.6037883758544922,0.5842058658599854,0.6027954816818237,-0.6037884950637817,0.1645866334438324,0.5320558547973633,0.07936222851276398,-0.1369953155517578,0.0018209981499239802,-1.0,0.2104785442352295,-0.04507320374250412,0.016999945044517517,0.213846355676651,-0.0403638556599617,0.0443868488073349,0.2104785442352295,-0.04507320374250412,0.0119999460875988
114,DESCEND,1,0.22672100365161896,0.684738039970398,0.14251260459423065,1.4335083961486816,0.002729511819779873,-4.982144474752204e-08,-0.33619850873947144,0.4007287919521332,0.33668023347854614,-0.2764011025428772,0.05205163359642029,0.29826006293296814,-0.06344635039567947,-0.1831613928079605,0.010942322202026844,-0.000963228871114552,-0.5612790584564209,0.5402843952178955,0.560312032699585,-0.5612790584564209,0.1654161661863327,0.5373635292053223,0.07733280956745148,-0.13979578018188477,0.0018196746241301298,-1.0,0.2104785442352295,-0.04507321119308472,0.01699993386864662,0.21373669803142548,-0.04052886739373207,0.043185047805309296,0.2104785442352295,-0.04507321119308472,0.01199993398040533
115,DESCEND,1,0.22776354849338531,0.6926523447036743,0.14018766582012177,1.4296329021453857,0.002726153004914522,-4.635790418205943e-08,-0.3515465557575226,0.40834811329841614,0.35201793909072876,-0.2882596552371979,0.052493125200271606,0.29836341738700867,-0.0653863400220871,-0.18403878808021545,0.010579992085695267,-0.000929670874029398,-0.5233885049819946,0.5011077523231506,0.5224552750587463,-0.5233885049819946,0.16626013815402985,0.5426651239395142,0.07527892291545868,-0.14260093867778778,0.0018174353754147887,-1.0,0.21047855913639069,-0.045073218643665314,0.016999918967485428,0.2136256843805313,-0.04069523513317108,0.041984155774116516,0.21047855913639069,-0.045073218643665314,0.011999919079244137
116,DESCEND,1,0.22881688177585602,0.700566291809082,0.13781405985355377,1.4257397651672363,0.002721524564549327,-4.272698461704749e-08,-0.3660014569759369,0.4152352213859558,0.3664626181125641,-0.2996216416358948,0.052952881902456284,0.2984427511692047,-0.06729234009981155,-0.18489539623260498,0.010150397196412086,-0.0008903761045075953,-0.48944801092147827,0.46602076292037964,0.48855429887771606,-0.48944807052612305,0.1671193689107895,0.5479601621627808,0.07320190966129303,-0.14540982246398926,0.0018143497873097658,-1.0,0.2104785293340683,-0.04507320001721382,0.01699995994567871,0.21351324021816254,-0.04086318612098694,0.04078422486782074,0.2104785293340683,-0.04507320001721382,0.01199996005743742
117,DESCEND,1,0.22988155484199524,0.7084794044494629,0.13539251685142517,1.4218297004699707,0.0027157182339578867,-3.9248124750201896e-08,-0.3796153962612152,0.42148590087890625,0.3800660967826843,-0.31055474281311035,0.0534355491399765,0.2984984219074249,-0.06916068494319916,-0.1857273429632187,0.009673066437244415,-0.0008471334585919976,-0.4588998556137085,0.43447285890579224,0.45804959535598755,-0.4588997960090637,0.16799597442150116,0.5532481670379639,0.07110182195901871,-0.1482222080230713,0.0018104788614436984,-1.0,0.21047867834568024,-0.045073315501213074,0.016999956220388412,0.21339932084083557,-0.041032642126083374,0.039585180580616,0.21047867834568024,-0.045073315501213074,0.011999957263469696
118,DESCEND,1,0.23095892369747162,0.7163810729980469,0.13292324542999268,1.4179035425186157,0.002708745887503028,-3.4279157290484363e-08,-0.3924371302127838,0.4271785318851471,0.39287641644477844,-0.32110926508903503,0.06340523064136505,0.2539592981338501,-0.1087653785943985,-0.1552002727985382,0.012973600067198277,-0.007783787325024605,-0.41262364387512207,0.3868672251701355,0.4118793308734894,-0.41262370347976685,0.1688874065876007,0.5585196018218994,0.06899107992649078,-0.15102934837341309,0.0018058306304737926,-1.0,0.21047721803188324,-0.045072171837091446,0.017000846564769745,0.21328459680080414,-0.041204169392585754,0.03838858753442764,0.21047721803188324,-0.045072171837091446,0.012000846676528454
119,DESCEND,1,0.2318517565727234,0.7167055010795593,0.13361281156539917,1.4142210483551025,0.002700383774936199,-3.9906392856892126e-08,-0.40451276302337646,0.42970311641693115,0.40514788031578064,-0.3285296559333801,0.07399642467498779,-0.2928614616394043,0.1977565586566925,-0.1521008461713791,0.022277940064668655,-0.018862145021557808,-0.31035178899765015,0.2831508219242096,0.3095957338809967,-0.31035178899765015,0.16938966512680054,0.5587297677993774,0.06963509321212769,-0.15331420302391052,0.0018002558499574661,-1.0,0.21044836938381195,-0.0451551117002964,0.0169905424118042,0.21329402923583984,-0.041370831429958344,0.0381590873003006,0.21044836938381195,-0.0451551117002964,0.011990543454885483
120,DESCEND,1,0.23251664638519287,0.7149239182472229,0.13586652278900146,1.410660743713379,0.002690407447516918,-3.624010957992141e-08,-0.4158858060836792,0.4318947196006775,0.416964590549469,-0.33568498492240906,0.032383933663368225,-0.3803699314594269,0.2422763705253601,-0.16173672676086426,0.011996692046523094,-0.001284623402170837,-0.3120090663433075,0.2843354344367981,0.3110617995262146,-0.3120090961456299,0.1695445030927658,0.5576828718185425,0.0711267814040184,-0.155709907412529,0.0017936050426214933,-1.0,0.2104213684797287,-0.0451817512512207,0.016982819885015488,0.2132474184036255,-0.04148229956626892,0.03816402703523636,0.2104213684797287,-0.0451817512512207,0.011982819065451622
121,DESCEND,1,0.2320699244737625,0.7133435010910034,0.13812541961669922,1.4070996046066284,0.002686289604753256,-2.9899806008870655e-07,-0.4265963137149811,0.436918169260025,0.4267365336418152,-0.3471252918243408,-0.23961316049098969,-0.32644230127334595,0.24951303005218506,-0.15199807286262512,0.03525058552622795,-0.022651193663477898,-0.11518767476081848,0.0873333215713501,0.11394128203392029,-0.11518777906894684,0.1694512814283371,0.5566955804824829,0.07251550257205963,-0.15813224017620087,0.0017908597365021706,-1.0,0.21042823791503906,-0.045159440487623215,0.01698147878050804,0.21323083341121674,-0.04139605909585953,0.038139037787914276,0.21042823791503906,-0.045159440487623215,0.011981477960944176
122,DESCEND,1,0.23231278359889984,0.7117334008216858,0.1403147131204605,1.4035283327102661,0.0026687481440603733,-1.5895987814928958e-07,-0.4366847574710846,0.4491957128047943,0.43464329838752747,-0.3669593930244446,-0.08145046979188919,-0.379595547914505,0.24874058365821838,-0.15664955973625183,0.02068817801773548,-0.014765738509595394,-0.33550918102264404,0.3085910677909851,0.3351743817329407,-0.33550918102264404,0.16954225301742554,0.5557323694229126,0.07390179485082626,-0.16055552661418915,0.0017791654681786895,-1.0,0.21042123436927795,-0.045175701379776,0.016980264335870743,0.21319833397865295,-0.04143313691020012,0.03812207281589508,0.21042123436927795,-0.045175701379776,0.011980265378952026
123,DESCEND,1,0.23215368390083313,0.710109531879425,0.14256277680397034,1.3999592065811157,0.0026629127096384764,-2.7105011213279795e-07,-0.44618573784828186,0.45794588327407837,0.4430152177810669,-0.3817310631275177,-0.19794633984565735,-0.36919406056404114,0.25670355558395386,-0.15384428203105927,0.032305341213941574,-0.021659255027770996,-0.12165918946266174,0.099739670753479,0.12065178155899048,-0.12165920436382294,0.16951808333396912,0.5547386407852173,0.07529556751251221,-0.1629856526851654,0.0017752752173691988,-1.0,0.21042446792125702,-0.04516799747943878,0.016980338841676712,0.2131752222776413,-0.04139837995171547,0.03810432553291321,0.21042446792125702,-0.04516799747943878,0.011980338022112846
124,DESCEND,1,0.23221991956233978,0.7085427045822144,0.1447584331035614,1.3963813781738281,0.002646961249411106,-1.9062457567997626e-07,-0.4551342725753784,0.4680634140968323,0.4501047432422638,-0.3982679545879364,-0.11253532767295837,-0.3786497712135315,0.25172775983810425,-0.1536712646484375,0.025146370753645897,-0.018227234482765198,-0.22000759840011597,0.1975191831588745,0.21946607530117035,-0.22000764310359955,0.1695651412010193,0.5537952184677124,0.0766649842262268,-0.1654202938079834,0.001764640910550952,-1.0,0.21042276918888092,-0.04517442360520363,0.01698080264031887,0.2131461799144745,-0.04140369966626167,0.038080837577581406,0.21042276918888092,-0.04517442360520363,0.01198080275207758
125,DESCEND,1,0.2322070151567459,0.7069278359413147,0.14700129628181458,1.39280366897583,0.002636980265378952,-2.445934228489932e-07,-0.46356186270713806,0.4755891263484955,0.4574647843837738,-0.4110908508300781,-0.16628432273864746,-0.3770400881767273,0.250747948884964,-0.15623505413532257,0.03176073357462883,-0.02053135447204113,-0.07510781288146973,0.05709460377693176,0.07408276200294495,-0.07510776817798615,0.16959576308727264,0.5528174638748169,0.07805310189723969,-0.16786107420921326,0.001757986843585968,-1.0,0.2104225903749466,-0.04517917335033417,0.01698017120361328,0.21311749517917633,-0.04139449819922447,0.03806227818131447,0.2104225903749466,-0.04517917335033417,0.011980172246694565
126,DESCEND,1,0.23218144476413727,0.705351710319519,0.1492067128419876,1.3892186880111694,0.0026212348602712154,-2.1339022282518272e-07,-0.47149914503097534,0.4830491244792938,0.4639337658882141,-0.4239877462387085,-0.13701030611991882,-0.37833693623542786,0.2485215663909912,-0.15536317229270935,0.029461819678544998,-0.0202003326267004,-0.10085678100585938,0.08252254128456116,0.1000346839427948,-0.10085677355527878,0.16961565613746643,0.5518635511398315,0.07942163944244385,-0.17030176520347595,0.001747489906847477,-1.0,0.2104247361421585,-0.045180510729551315,0.016981035470962524,0.2130921334028244,-0.04138381779193878,0.03804001957178116,0.2104247361421585,-0.045180510729551315,0.011981036514043808
127,DESCEND,1,0.23219284415245056,0.7037453651428223,0.1514444500207901,1.3856322765350342,0.002607357921078801,-2.2986250769463368e-07,-0.47897452116012573,0.48930373787879944,0.4703456461429596,-0.43506863713264465,-0.15278112888336182,-0.38043513894081116,0.24779178202152252,-0.1575835794210434,0.03166431188583374,-0.019819574430584908,-0.029863685369491577,0.014385044574737549,0.028815507888793945,-0.029863715171813965,0.16964134573936462,0.5508951544761658,0.08081075549125671,-0.17274634540081024,0.001738238614052534,-1.0,0.21042394638061523,-0.04518285021185875,0.016980335116386414,0.21306303143501282,-0.04137900099158287,0.03802068531513214,0.21042394638061523,-0.04518285021185875,0.011980335228145123
128,DESCEND,1,0.23215290904045105,0.7021604776382446,0.15366505086421967,1.3820397853851318,0.002591016236692667,-2.234354923302817e-07,-0.4860149323940277,0.4950752556324005,0.4762016832828522,-0.44559556245803833,-0.14836032688617706,-0.37989529967308044,0.24721458554267883,-0.15663428604602814,0.03165215253829956,-0.020519260317087173,-0.01954340934753418,0.004388332366943359,0.018553167581558228,-0.019543349742889404,0.16965430974960327,0.5499361157417297,0.08218846470117569,-0.1751919686794281,0.0017273442354053259,-1.0,0.2104254961013794,-0.045182496309280396,0.016980847343802452,0.2130371779203415,-0.041365642100572586,0.037999123334884644,0.2104254961013794,-0.045182496309280396,0.011980847455561161
129,DESCEND,1,0.23215815424919128,0.7005630731582642,0.15589773654937744,1.3784444332122803,0.0025745260063558817,-2.2334317861805175e-07,-0.4926457107067108,0.5002479553222656,0.4818241596221924,-0.45520299673080444,-0.1480569839477539,-0.38245490193367004,0.24664993584156036,-0.157909095287323,0.032059669494628906,-0.01972580887377262,0.01341170072555542,-0.026937931776046753,-0.014479845762252808,0.013411670923233032,0.16967615485191345,0.5489736199378967,0.08357588946819305,-0.17764036357402802,0.0017163506709039211,-1.0,0.21042500436306,-0.04518361762166023,0.01698053814470768,0.21300891041755676,-0.04135988652706146,0.03797899931669235,0.21042500436306,-0.04518361762166023,0.011980538256466389
130,DESCEND,1,0.23212690651416779,0.6989752054214478,0.15812675654888153,1.3748449087142944,0.002557152882218361,-2.2574637625893956e-07,-0.49889063835144043,0.5048365592956543,0.48709142208099365,-0.4640551507472992,-0.1517646312713623,-0.38210102915763855,0.2463230937719345,-0.15758605301380157,0.03277073800563812,-0.020319482311606407,0.03773355484008789,-0.05053287744522095,-0.03881591558456421,0.037733569741249084,0.1696910560131073,0.5480145215988159,0.08495882153511047,-0.1800907552242279,0.0017047686269506812,-1.0,0.21042576432228088,-0.04518338292837143,0.01698068156838417,0.21298222243785858,-0.04134776443243027,0.03795769810676575,0.21042576432228088,-0.04518338292837143,0.011980680748820305
131,DESCEND,1,0.23212258517742157,0.6973838210105896,0.16035772860050201,1.371241807937622,0.0025389124639332294,-2.2173141189796297e-07,-0.5047721266746521,0.509059727191925,0.4920661449432373,-0.47236108779907227,-0.14810197055339813,-0.3839285969734192,0.24572613835334778,-0.1582721471786499,0.03269344940781593,-0.019746892154216766,0.05557811260223389,-0.06741392612457275,-0.05667641758918762,0.05557811260223389,0.16971063613891602,0.5470557808876038,0.08634437620639801,-0.18254360556602478,0.001692608348093927,-1.0,0.2104257494211197,-0.045184068381786346,0.016980625689029694,0.2129545956850052,-0.041340477764606476,0.03793705999851227,0.2104257494211197,-0.045184068381786346,0.011980625800788403
132,DESCEND,1,0.23209983110427856,0.6957954168319702,0.1625901460647583,1.3676345348358154,0.0025202918332070112,-2.2499224883176794e-07,-0.5103116631507874,0.5127888321876526,0.4967736303806305,-0.47999244928359985,-0.15258894860744476,-0.3843822181224823,0.24545100331306458,-0.15840601921081543,0.03337596729397774,-0.020025890320539474,0.08018603920936584,-0.09121575951576233,-0.0813145637512207,0.08018603920936584,0.1697269082069397,0.5460978746414185,0.08772947639226913,-0.18499891459941864,0.0016801946330815554,-1.0,0.2104261815547943,-0.04518411308526993,0.01698063500225544,0.21292756497859955,-0.04132990166544914,0.037916071712970734,0.2104261815547943,-0.04518411308526993,0.011980635114014149
133,DESCEND,1,0.2320885956287384,0.6942083835601807,0.1648215502500534,1.3640235662460327,0.0025007387157529593,-2.2131061427899112e-07,-0.5155285596847534,0.5162533521652222,0.501194179058075,-0.48723435401916504,-0.14944881200790405,-0.3859125077724457,0.2449115514755249,-0.15882405638694763,0.033248111605644226,-0.01968599483370781,0.09261265397071838,-0.1029910147190094,-0.09373626112937927,0.09261271357536316,0.169745534658432,0.5451422333717346,0.089114248752594,-0.18745653331279755,0.0016671591438353062,-1.0,0.2104264497756958,-0.04518453776836395,0.01698065921664238,0.2129002809524536,-0.04132137447595596,0.03789498284459114,0.2104264497756958,-0.04518453776836395,0.011980658397078514
134,DESCEND,1,0.232072114944458,0.6926223635673523,0.1670556664466858,1.360408902168274,0.0024809041060507298,-2.2392343623778288e-07,-0.5204418897628784,0.5193444490432739,0.5053896903991699,-0.49393966794013977,-0.15249723196029663,-0.38669493794441223,0.2446146160364151,-0.15914085507392883,0.033708356320858,-0.01971721462905407,0.11308126151561737,-0.12270200252532959,-0.1142297089099884,0.11308121681213379,0.16976329684257507,0.5441873073577881,0.09050004184246063,-0.18991653621196747,0.0016539361095055938,-1.0,0.2104266881942749,-0.045184776186943054,0.016980616375803947,0.21287301182746887,-0.04131188243627548,0.03787378966808319,0.2104266881942749,-0.045184776186943054,0.011980616487562656
135,DESCEND,1,0.23185405135154724,0.6913121342658997,0.16873924434185028,1.3567540645599365,0.002460255054756999,-2.2299371948975022e-07,-0.5250693559646606,0.5224199891090393,0.5090586543083191,-0.5007871985435486,-0.16024678945541382,-0.3062293827533722,0.22729697823524475,-0.15431855618953705,0.03232778608798981,-0.022584322839975357,0.07265165448188782,-0.08330586552619934,-0.07348138093948364,0.07265177369117737,0.1697590947151184,0.5433015823364258,0.09177596867084503,-0.19219732284545898,0.0016401701141148806,-1.0,0.2104259729385376,-0.045182641595602036,0.01698167622089386,0.21291396021842957,-0.04128153622150421,0.03784092515707016,0.2104259729385376,-0.045182641595602036,0.011981676332652569
136,DESCEND,1,0.23197396099567413,0.6896857023239136,0.17092755436897278,1.353142499923706,0.0024393631611019373,-2.1444645881274482e-07,-0.5294277667999268,0.5252302885055542,0.5128937363624573,-0.5068795680999756,-0.1415647268295288,-0.38354629278182983,0.247589111328125,-0.16330014169216156,0.03264818713068962,-0.017451245337724686,0.1337445080280304,-0.14098268747329712,-0.13491833209991455,0.13374459743499756,0.16979309916496277,0.5423241853713989,0.0931701809167862,-0.19463381171226501,0.001626242185011506,-1.0,0.21042387187480927,-0.04518687725067139,0.0169798843562603,0.2128908634185791,-0.04129808023571968,0.037829089909791946,0.21042387187480927,-0.04518687725067139,0.011979883536696434
137,DESCEND,1,0.23185111582279205,0.6881126761436462,0.17314523458480835,1.3495306968688965,0.0024182796478271484,-2.3294010986774083e-07,-0.5335322022438049,0.5272558927536011,0.5163891911506653,-0.5121513605117798,-0.1657552570104599,-0.38453567028045654,0.25000786781311035,-0.16042079031467438,0.035472847521305084,-0.021538058295845985,0.1590348482131958,-0.16720125079154968,-0.16017478704452515,0.1590348482131958,0.16978460550308228,0.5413682460784912,0.09454503655433655,-0.19708602130413055,0.0016121864318847656,-1.0,0.21042774617671967,-0.045182108879089355,0.016980882734060287,0.21286939084529877,-0.0412704236805439,0.03780794143676758,0.21042774617671967,-0.045182108879089355,0.011980881914496422
138,DESCEND,1,0.23191072046756744,0.6865247488021851,0.17537377774715424,1.3459161520004272,0.0023955008946359158,-2.1013001116898522e-07,-0.537398099899292,0.5297130942344666,0.5197018980979919,-0.5177688002586365,-0.1395585834980011,-0.3949260711669922,0.24904859066009521,-0.16350561380386353,0.03290220722556114,-0.018063779920339584,0.1479453146457672,-0.15506279468536377,-0.14906752109527588,0.1479453444480896,0.1698177307844162,0.5404196977615356,0.09593059122562408,-0.19954562187194824,0.0015970006352290511,-1.0,0.21042639017105103,-0.04518551751971245,0.016980256885290146,0.2128402441740036,-0.04127452149987221,0.037788622081279755,0.21042639017105103,-0.04518551751971245,0.01198025606572628
139,DESCEND,1,0.23184777796268463,0.6849488615989685,0.1776069849729538,1.3422983884811401,0.002374149626120925,-2.3369379675841628e-07,-0.5410389304161072,0.5314100980758667,0.5229071378707886,-0.5224215388298035,-0.16621965169906616,-0.3934890031814575,0.24961130321025848,-0.16281290352344513,0.03565090894699097,-0.02025735005736351,0.19109998643398285,-0.19768083095550537,-0.19231009483337402,0.19110000133514404,0.16982656717300415,0.5394690036773682,0.0973118245601654,-0.2020065039396286,0.00158276641741395,-1.0,0.2104278802871704,-0.045184213668107986,0.016980517655611038,0.21281471848487854,-0.04125692695379257,0.037767443805933,0.2104278802871704,-0.045184213668107986,0.011980518698692322
140,DESCEND,1,0.23185965418815613,0.6833795309066772,0.17983010411262512,1.338675856590271,0.0023503818083554506,-2.123539815102049e-07,-0.544468104839325,0.5335281491279602,0.5258004069328308,-0.5275450348854065,-0.14405696094036102,-0.39759373664855957,0.2485450953245163,-0.1636551171541214,0.033428680151700974,-0.018597574904561043,0.16766777634620667,-0.17417269945144653,-0.16877081990242004,0.16766783595085144,0.16985002160072327,0.5385293960571289,0.09869028627872467,-0.20447063446044922,0.0015669212443754077,-1.0,0.21042796969413757,-0.04518544673919678,0.016980532556772232,0.21278728544712067,-0.04125266522169113,0.037745945155620575,0.21042796969413757,-0.04518544673919678,0.011980532668530941
141,DESCEND,1,0.2318323403596878,0.6818047761917114,0.18206624686717987,1.3350509405136108,0.0023281292524188757,-2.2903751073499734e-07,-0.5476975440979004,0.5350822806358337,0.5286739468574524,-0.5318523645401001,-0.16206662356853485,-0.39758622646331787,0.24874241650104523,-0.164014995098114,0.03526543453335762,-0.019321374595165253,0.2057868093252182,-0.2112763226032257,-0.20699304342269897,0.2057868242263794,0.16986635327339172,0.5375834107398987,0.10007467865943909,-0.2069362848997116,0.0015520862070843577,-1.0,0.2104281336069107,-0.04518536478281021,0.016980372369289398,0.21276022493839264,-0.04124123230576515,0.03772475942969322,0.2104281336069107,-0.04518536478281021,0.011980373412370682
142,DESCEND,1,0.23181824386119843,0.6802418828010559,0.18429049849510193,1.331421136856079,0.002304005902260542,-2.175139002247306e-07,-0.5507394075393677,0.5368465781211853,0.5312575101852417,-0.5364086031913757,-0.15049362182617188,-0.3991263508796692,0.24796421825885773,-0.16403907537460327,0.03411044552922249,-0.01883889175951481,0.19196817278862,-0.19750845432281494,-0.1930861473083496,0.19196811318397522,0.16988509893417358,0.5366463661193848,0.10145221650600433,-0.20940431952476501,0.0015360040124505758,-1.0,0.21042880415916443,-0.0451856292784214,0.016980554908514023,0.21273373067378998,-0.04123237356543541,0.037702664732933044,0.21042880415916443,-0.0451856292784214,0.011980554088950157
143,DESCEND,1,0.23180808126926422,0.678669273853302,0.18652620911598206,1.3277883529663086,0.0022806567139923573,-2.2495768803310057e-07,-0.5536040663719177,0.5383009910583496,0.5337995290756226,-0.5404534339904785,-0.15837331116199493,-0.40000247955322266,0.24754995107650757,-0.1651572436094284,0.03489656746387482,-0.01870276778936386,0.21567347645759583,-0.22028809785842896,-0.21685752272605896,0.2156735360622406,0.1699044555425644,0.5357041358947754,0.1028369665145874,-0.21187464892864227,0.0015204378869384527,-1.0,0.21042868494987488,-0.04518608748912811,0.0169803649187088,0.21270637214183807,-0.041224054992198944,0.037681568413972855,0.21042868494987488,-0.04518608748912811,0.011980365961790085
144,DESCEND,1,0.2317904680967331,0.6771131753921509,0.18874171376228333,1.3241503238677979,0.0022561780642718077,-2.1907273151100526e-07,-0.5563019514083862,0.539789080619812,0.5361204147338867,-0.5445169806480408,-0.15305021405220032,-0.39900195598602295,0.24682682752609253,-0.16413693130016327,0.03424748405814171,-0.018463721498847008,0.20935885608196259,-0.2139333188533783,-0.21048298478126526,0.20935896039009094,0.16992175579071045,0.5347702503204346,0.1042136549949646,-0.21434347331523895,0.001504118787124753,-1.0,0.21042925119400024,-0.04518596827983856,0.016980517655611038,0.21268123388290405,-0.041214898228645325,0.03765925019979477,0.21042925119400024,-0.04518596827983856,0.011980517767369747
145,DESCEND,1,0.23178096115589142,0.6755566000938416,0.1909642368555069,1.320509672164917,0.0022320772986859083,-2.24226511136294e-07,-0.5588429570198059,0.5410647988319397,0.5383769869804382,-0.5482120513916016,-0.1580820232629776,-0.40360119938850403,0.24869601428508759,-0.16431090235710144,0.034962452948093414,-0.018378131091594696,0.2292594164609909,-0.2330242395401001,-0.23043522238731384,0.2292594015598297,0.16994082927703857,0.533838152885437,0.10559263080358505,-0.2168157994747162,0.0014880516100674868,-1.0,0.21042920649051666,-0.04518609493970871,0.01698034070432186,0.21265490353107452,-0.0412069633603096,0.03763680160045624,0.21042920649051666,-0.04518609493970871,0.01198034081608057
146,DESCEND,1,0.2317575365304947,0.6740029454231262,0.1931895762681961,1.3168656826019287,0.002207197016105056,-2.219376682432994e-07,-0.5612359046936035,0.5423232913017273,0.5404561758041382,-0.5518519282341003,-0.15655528008937836,-0.4043029844760895,0.24864643812179565,-0.16409523785114288,0.03485998138785362,-0.018508054316043854,0.2296312153339386,-0.2332225739955902,-0.23077240586280823,0.229631245136261,0.16995787620544434,0.5329076051712036,0.10697045922279358,-0.21929137408733368,0.001471464755013585,-1.0,0.21042977273464203,-0.04518580064177513,0.016980484127998352,0.2126287966966629,-0.041196469217538834,0.037613995373249054,0.21042977273464203,-0.04518580064177513,0.011980483308434486
147,DESCEND,1,0.23175156116485596,0.6724452972412109,0.19541940093040466,1.3132188320159912,0.0021822701673954725,-2.2274193156590627e-07,-0.5634898543357849,0.5434918999671936,0.5424541234970093,-0.5552811622619629,-0.15673616528511047,-0.40605202317237854,0.2484697550535202,-0.16466280817985535,0.03486661985516548,-0.01806751824915409,0.23855985701084137,-0.24154478311538696,-0.23971742391586304,0.23855987191200256,0.16997867822647095,0.5319766998291016,0.10835065692663193,-0.22176973521709442,0.0014548468170687556,-1.0,0.21042975783348083,-0.04518631845712662,0.016980361193418503,0.21260176599025726,-0.04118897393345833,0.03759169206023216,0.21042975783348083,-0.04518631845712662,0.011980362236499786
148,DESCEND,1,0.2317294031381607,0.6708925366401672,0.19764801859855652,1.309568166732788,0.002157059730961919,-2.2431633794894879e-07,-0.5656126141548157,0.5445727109909058,0.5443270206451416,-0.558549165725708,-0.15904970467090607,-0.40680766105651855,0.24837777018547058,-0.16466453671455383,0.03512372821569443,-0.01824309676885605,0.24558092653751373,-0.2482300102710724,-0.24673402309417725,0.24558097124099731,0.1699964851140976,0.5310478210449219,0.10972946137189865,-0.22424976527690887,0.0014380398206412792,-1.0,0.21043024957180023,-0.04518623277544975,0.016980411484837532,0.2125755101442337,-0.04117869585752487,0.03756897523999214,0.21043024957180023,-0.04518623277544975,0.011980411596596241
149,DESCEND,1,0.2317209243774414,0.6693393588066101,0.1998768448829651,1.3059138059616089,0.0021314704790711403,-2.223884081331562e-07,-0.5676119327545166,0.5456473231315613,0.5460951924324036,-0.5617291927337646,-0.15714624524116516,-0.40848347544670105,0.24809594452381134,-0.16508448123931885,0.03490164130926132,-0.017829671502113342,0.2487684041261673,-0.2509846091270447,-0.24991603195667267,0.24876835942268372,0.17001673579216003,0.5301204323768616,0.11110850423574448,-0.22673249244689941,0.0014209803193807602,-1.0,0.21043045818805695,-0.04518665745854378,0.016980385407805443,0.21254883706569672,-0.0411708801984787,0.037546463310718536,0.21043045818805695,-0.04518665745854378,0.011980385519564152
150,DESCEND,1,0.2317025363445282,0.6677879691123962,0.20210738480091095,1.3022563457489014,0.00210583140142262,-2.2490890216886328e-07,-0.5694949626922607,0.5466198325157166,0.547774076461792,-0.5647124648094177,-0.16017857193946838,-0.40938109159469604,0.24795612692832947,-0.16550622880458832,0.035201724618673325,-0.017873890697956085,0.25766170024871826,-0.25944507122039795,-0.2588188946247101,0.25766173005104065,0.17003527283668518,0.5291937589645386,0.1124877780675888,-0.22921690344810486,0.0014038876397535205,-1.0,0.2104308307170868,-0.04518667981028557,0.016980420798063278,0.21252240240573883,-0.04116124287247658,0.03752385824918747,0.2104308307170868,-0.04518667981028557,0.011980420909821987
151,DESCEND,1,0.2315087914466858,0.6665793657302856,0.2037670910358429,1.2985581159591675,0.002079838188365102,-2.1996329735429754e-07,-0.5712682604789734,0.5477958917617798,0.5491103529930115,-0.5680661201477051,-0.16148361563682556,-0.3312009871006012,0.22541941702365875,-0.16197289526462555,0.03425048664212227,-0.02159980870783329,0.20739442110061646,-0.21036836504936218,-0.20820492506027222,0.20739439129829407,0.17004719376564026,0.528379499912262,0.11373637616634369,-0.23152732849121094,0.0013865588698536158,-1.0,0.2104301005601883,-0.04518574848771095,0.01698170229792595,0.21256230771541595,-0.041135165840387344,0.037481583654880524,0.2104301005601883,-0.04518574848771095,0.011981703341007233
152,DESCEND,1,0.23162326216697693,0.6649486422538757,0.20599545538425446,1.2949073314666748,0.002053559757769108,-2.152672919919496e-07,-0.5729384422302246,0.5487488508224487,0.5507268905639648,-0.570768415927887,-0.1482952982187271,-0.4057823717594147,0.25052452087402344,-0.17098592221736908,0.03365308791399002,-0.015709668397903442,0.2568097710609436,-0.25686851143836975,-0.2579673230648041,0.2568097710609436,0.17007717490196228,0.5274113416671753,0.11513826251029968,-0.23399782180786133,0.0013690398773178458,-1.0,0.21042850613594055,-0.04518960043787956,0.016979888081550598,0.21253664791584015,-0.041150130331516266,0.03747173398733139,0.21042850613594055,-0.04518960043787956,0.011979889124631882
153,DESCEND,1,0.23150770366191864,0.6634624600410461,0.20815271139144897,1.2912490367889404,0.002027681330218911,-2.3454742859030375e-07,-0.5745113492012024,0.5492908358573914,0.5521314144134521,-0.5730687379837036,-0.17175602912902832,-0.39777660369873047,0.24715834856033325,-0.16694818437099457,0.03693800047039986,-0.020028263330459595,0.2750406265258789,-0.27595123648643494,-0.27614647150039673,0.2750406265258789,0.17007724940776825,0.5265107750892639,0.11648520082235336,-0.2364635467529297,0.0013517875922843814,-1.0,0.2104325294494629,-0.045185696333646774,0.016980987042188644,0.21252021193504333,-0.04112503305077553,0.037444569170475006,0.2104325294494629,-0.045185696333646774,0.011980987153947353
154,DESCEND,1,0.23156671226024628,0.6619332432746887,0.2103518396615982,1.2875914573669434,0.0020000969525426626,-2.1126778904090315e-07,-0.5759928226470947,0.5504059195518494,0.5534539222717285,-0.575901210308075,-0.14443454146385193,-0.40596288442611694,0.249144047498703,-0.16780664026737213,0.0340430811047554,-0.016828155145049095,0.2507797181606293,-0.2509845495223999,-0.2518385350704193,0.25077974796295166,0.1701093167066574,0.5256037712097168,0.1178569421172142,-0.23894032835960388,0.0013333980459719896,-1.0,0.21043069660663605,-0.04518798738718033,0.016980450600385666,0.21249379217624664,-0.041129641234874725,0.03742185980081558,0.21043069660663605,-0.04518798738718033,0.011980450712144375
155,DESCEND,1,0.2314966768026352,0.6603935956954956,0.2125815898180008,1.283933162689209,0.0019744124729186296,-2.3698441964370431e-07,-0.5773880481719971,0.550838828086853,0.554790735244751,-0.57787024974823,-0.1731480062007904,-0.4057677686214447,0.2501613199710846,-0.16348814964294434,0.03711439296603203,-0.018891526386141777,0.29316890239715576,-0.2928895056247711,-0.29432451725006104,0.29316890239715576,0.17011591792106628,0.524681568145752,0.11923372745513916,-0.24142241477966309,0.001316274981945753,-1.0,0.21043169498443604,-0.0451853908598423,0.016980625689029694,0.21246899664402008,-0.04111095890402794,0.03739910572767258,0.21043169498443604,-0.0451853908598423,0.011980626732110977
156,DESCEND,1,0.23151370882987976,0.6588529348373413,0.2147827446460724,1.2802691459655762,0.0019463192438706756,-2.1721740495195263e-07,-0.5787021517753601,0.5517309308052063,0.5559327006340027,-0.5803678035736084,-0.15122872591018677,-0.42489826679229736,0.2551429867744446,-0.16143567860126495,0.0350528322160244,-0.016724003478884697,0.27244043350219727,-0.2721094489097595,-0.2735401391983032,0.2724403738975525,0.17013707756996155,0.5237642526626587,0.12060458958148956,-0.24390237033367157,0.0012975462013855577,-1.0,0.21043233573436737,-0.045186083763837814,0.016980495303869247,0.21244530379772186,-0.04110846295952797,0.03737838193774223,0.21043233573436737,-0.045186083763837814,0.011980494484305382
157,DESCEND,1,0.2314794659614563,0.657306969165802,0.21701876819133759,1.2766051292419434,0.0019199830712750554,-2.3513381108841713e-07,-0.579939603805542,0.5521796345710754,0.557132363319397,-0.5822232365608215,-0.17052753269672394,-0.42759549617767334,0.2557579576969147,-0.1577167809009552,0.03698430955410004,-0.017291106283664703,0.30756866931915283,-0.30650150775909424,-0.30877089500427246,0.30756860971450806,0.17015086114406586,0.5228428244590759,0.12198465317487717,-0.24638986587524414,0.0012799887917935848,-1.0,0.2104324847459793,-0.04518511891365051,0.016980303451418877,0.21241894364356995,-0.041096024215221405,0.03735670447349548,0.2104324847459793,-0.04518511891365051,0.011980303563177586
158,DESCEND,1,0.23146896064281464,0.655768632888794,0.21924935281276703,1.2729371786117554,0.001891804626211524,-2.212487117958517e-07,-0.5811052322387695,0.5530009865760803,0.5581397414207458,-0.5845188498497009,-0.15661032497882843,-0.4298339784145355,0.2541577219963074,-0.15467680990695953,0.03532060608267784,-0.016281230375170708,0.2856602072715759,-0.2847908139228821,-0.28677043318748474,0.2856602966785431,0.17017042636871338,0.5219292640686035,0.12335985153913498,-0.2488812655210495,0.001261203084141016,-1.0,0.21043278276920319,-0.04518519341945648,0.016980458050966263,0.21239210665225983,-0.04108774662017822,0.03733442723751068,0.21043278276920319,-0.04518519341945648,0.011980459094047546
159,DESCEND,1,0.23145729303359985,0.654228150844574,0.221488356590271,1.2692666053771973,0.001864862977527082,-2.3185370423561835e-07,-0.5822029113769531,0.5535528659820557,0.5591994524002075,-0.5863667130470276,-0.16760754585266113,-0.4301806092262268,0.2532588243484497,-0.15204933285713196,0.03622093051671982,-0.01595705933868885,0.31038370728492737,-0.30868154764175415,-0.31157630681991577,0.3103836178779602,0.17019078135490417,0.5210148096084595,0.12473969161510468,-0.25137466192245483,0.0012432420626282692,-1.0,0.210432231426239,-0.0451853983104229,0.016980193555355072,0.21236440539360046,-0.04107904061675072,0.03731227293610573,0.210432231426239,-0.0451853983104229,0.011980193667113781
160,DESCEND,1,0.23143258690834045,0.6526964902877808,0.22371885180473328,1.2655915021896362,0.0018367655575275421,-2.2651411768492835e-07,-0.583236575126648,0.554266631603241,0.5601050853729248,-0.5884072780609131,-0.16318970918655396,-0.43107715249061584,0.2520228624343872,-0.14857526123523712,0.035585444420576096,-0.01567860320210457,0.3014393150806427,-0.2998262345790863,-0.30257648229599,0.3014392852783203,0.1702083796262741,0.5201046466827393,0.1261141300201416,-0.2538694739341736,0.001224510371685028,-1.0,0.210432767868042,-0.045185063034296036,0.01698032021522522,0.2123381793498993,-0.04106830060482025,0.03728948161005974,0.210432767868042,-0.045185063034296036,0.011980319395661354
161,DESCEND,1,0.2314295470714569,0.6511611342430115,0.22595378756523132,1.261913776397705,0.0018090872326865792,-2.2925532050521724e-07,-0.5842101573944092,0.5549057722091675,0.5610173344612122,-0.5902506113052368,-0.16539523005485535,-0.43209293484687805,0.25254037976264954,-0.15624944865703583,0.03579103946685791,-0.015517877414822578,0.3110932409763336,-0.3088763952255249,-0.31227147579193115,0.31109321117401123,0.1702299416065216,0.5191949605941772,0.1274917870759964,-0.2563665807247162,0.0012060581939294934,-1.0,0.2104322910308838,-0.045185551047325134,0.016980085521936417,0.21231071650981903,-0.04106133431196213,0.037267159670591354,0.2104322910308838,-0.045185551047325134,0.011980085633695126
162,DESCEND,1,0.23141531646251678,0.6496453285217285,0.22817011177539825,1.258231282234192,0.001780870952643454,-2.2682345957036887e-07,-0.5851272344589233,0.5555630326271057,0.5618615746498108,-0.5920639038085938,-0.1623276174068451,-0.4283113479614258,0.25417831540107727,-0.18875129520893097,0.035970866680145264,-0.017300566658377647,0.3019509017467499,-0.29970934987068176,-0.30310308933258057,0.30195093154907227,0.1702548712491989,0.5182955861091614,0.12885606288909912,-0.2588653564453125,0.00118724734056741,-1.0,0.21043357253074646,-0.04518713429570198,0.01698029786348343,0.2122853398323059,-0.04105270281434059,0.03724326938390732,0.21043357253074646,-0.04518713429570198,0.011980297975242138
163,DESCEND,1,0.2314222902059555,0.6481226086616516,0.23036649823188782,1.254544734954834,0.0017527618911117315,-2.2812722022536036e-07,-0.5859909653663635,0.5561611652374268,0.5627237558364868,-0.5936926603317261,-0.16465899348258972,-0.42671164870262146,0.24949957430362701,-0.18853478133678436,0.03560302406549454,-0.016026288270950317,0.3096913695335388,-0.30684250593185425,-0.31088757514953613,0.3096913695335388,0.17028051614761353,0.517390251159668,0.13022129237651825,-0.2613573968410492,0.0011685079662129283,-1.0,0.21043455600738525,-0.04518929868936539,0.01698022335767746,0.21226270496845245,-0.041048698127269745,0.03722170740365982,0.21043455600738525,-0.04518929868936539,0.011980222538113594
164,DESCEND,1,0.23139092326164246,0.6466293931007385,0.23256446421146393,1.2508549690246582,0.0017244599293917418,-2.3203433840990328e-07,-0.5868044495582581,0.5567970871925354,0.5634968876838684,-0.5953375697135925,-0.16881170868873596,-0.42837971448898315,0.2502474784851074,-0.1879909485578537,0.036312978714704514,-0.016737211495637894,0.31516730785369873,-0.3122186064720154,-0.3163532018661499,0.31516724824905396,0.17029884457588196,0.5165027379989624,0.13158045709133148,-0.26385411620140076,0.0011496399529278278,-1.0,0.21043561398983002,-0.04518881440162659,0.01698039099574089,0.2122393548488617,-0.04103745520114899,0.03719595819711685,0.21043561398983002,-0.04518881440162659,0.011980392038822174
165,DESCEND,1,0.23139147460460663,0.6451289057731628,0.2347673624753952,1.2471628189086914,0.001695761689916253,-2.2768563212594017e-07,-0.5875705480575562,0.5575240254402161,0.5642334222793579,-0.5970092415809631,-0.16387930512428284,-0.4301941990852356,0.25074502825737,-0.18799042701721191,0.035773470997810364,-0.016024364158511162,0.3123166263103485,-0.30899930000305176,-0.31349337100982666,0.3123168349266052,0.17032217979431152,0.5156142711639404,0.132944256067276,-0.2663528323173523,0.001130507793277502,-1.0,0.21043559908866882,-0.04518933966755867,0.016980309039354324,0.21221470832824707,-0.04103178158402443,0.03717125952243805,0.21043559908866882,-0.04518933966755867,0.011980308219790459
166,DESCEND,1,0.23136858642101288,0.6436305642127991,0.23697350919246674,1.2434684038162231,0.0016673615900799632,-2.3328556153501268e-07,-0.588292121887207,0.558093786239624,0.5649498105049133,-0.5984398126602173,-0.16994328796863556,-0.43099138140678406,0.25127148628234863,-0.18772226572036743,0.03656315803527832,-0.016391485929489136,0.324027955532074,-0.3203769028186798,-0.32522809505462646,0.32402801513671875,0.17034131288528442,0.5147255659103394,0.13430820405483246,-0.2688528895378113,0.0011115744709968567,-1.0,0.21043595671653748,-0.045188918709754944,0.016980383545160294,0.21219052374362946,-0.041021864861249924,0.037146344780921936,0.21043595671653748,-0.045188918709754944,0.011980382725596428
167,DESCEND,1,0.2311963438987732,0.6424641013145447,0.23867282271385193,1.2397383451461792,0.0016385609051212668,-2.2671802923923678e-07,-0.5889716744422913,0.5589503645896912,0.5654194951057434,-0.6003143191337585,-0.16805623471736908,-0.3637174963951111,0.23430553078651428,-0.1831870973110199,0.03583293780684471,-0.020236846059560776,0.27478495240211487,-0.27217721939086914,-0.27565133571624756,0.2747848629951477,0.17036446928977966,0.5139503479003906,0.13555744290351868,-0.2711966037750244,0.0010923739755526185,-1.0,0.21043352782726288,-0.04518852010369301,0.01698150485754013,0.21222412586212158,-0.04099825769662857,0.03710094839334488,0.21043352782726288,-0.04518852010369301,0.011981505900621414
168,DESCEND,1,0.23132547736167908,0.6409074664115906,0.24083487689495087,1.2360479831695557,0.0016094081802293658,-2.1812425643474853e-07,-0.589611828327179,0.5595554709434509,0.5661664605140686,-0.6015841960906982,-0.1526985764503479,-0.41501477360725403,0.25370991230010986,-0.18995147943496704,0.0340086854994297,-0.013957066461443901,0.3037358820438385,-0.2988091707229614,-0.30488288402557373,0.3037358522415161,0.17039552330970764,0.5130323171615601,0.1369296908378601,-0.27367544174194336,0.0010729387868195772,-1.0,0.2104330062866211,-0.045192357152700424,0.01698000729084015,0.2122046798467636,-0.04101726785302162,0.0370880588889122,0.2104330062866211,-0.045192357152700424,0.011980007402598858
169,DESCEND,1,0.231159046292305,0.6394257545471191,0.24302150309085846,1.2323572635650635,0.001580525771714747,-2.3312198038638599e-07,-0.5902144312858582,0.5596122145652771,0.5667403340339661,-0.6023630499839783,-0.1718241572380066,-0.4230022132396698,0.2545585036277771,-0.1884019523859024,0.03812030702829361,-0.019183892756700516,0.32078278064727783,-0.3173176050186157,-0.3218608498573303,0.32078272104263306,0.17037829756736755,0.5121382474899292,0.1382877379655838,-0.2761600911617279,0.0010536839254200459,-1.0,0.21043658256530762,-0.0451839379966259,0.016981149092316628,0.2121880203485489,-0.04098289832472801,0.03706304728984833,0.21043658256530762,-0.0451839379966259,0.011981149204075336
170,DESCEND,1,0.23128388822078705,0.6378986835479736,0.24522562325000763,1.228666067123413,0.001550818793475628,-2.164792647363356e-07,-0.5907822251319885,0.5601649880409241,0.5674161314964294,-0.603504478931427,-0.1502726525068283,-0.44042065739631653,0.25775253772735596,-0.19256585836410522,0.034897107630968094,-0.013789938762784004,0.31941094994544983,-0.3143889904022217,-0.32061123847961426,0.31941092014312744,0.17042669653892517,0.5112469792366028,0.13965414464473724,-0.27866095304489136,0.0010338792344555259,-1.0,0.21043488383293152,-0.04519101232290268,0.01697997748851776,0.21216034889221191,-0.04099922254681587,0.037044037133455276,0.21043488383293152,-0.04519101232290268,0.011979976668953896
171,DESCEND,1,0.23112045228481293,0.6364274024963379,0.24741938710212708,1.2249717712402344,0.0015225304523482919,-2.448487919082254e-07,-0.591316819190979,0.5600540041923523,0.5679965019226074,-0.6039828658103943,-0.1829938292503357,-0.4370701014995575,0.25953271985054016,-0.18912187218666077,0.04020485281944275,-0.019411904737353325,0.35361751914024353,-0.34934747219085693,-0.3547999858856201,0.3536176085472107,0.17040692269802094,0.5103621482849121,0.1410156935453415,-0.28114861249923706,0.001015020301565528,-1.0,0.21043696999549866,-0.045181065797805786,0.01698087714612484,0.2121419906616211,-0.04096498340368271,0.03701771795749664,0.21043696999549866,-0.045181065797805786,0.011980877257883549
172,DESCEND,1,0.23124398291110992,0.6349301338195801,0.24960745871067047,1.2212742567062378,0.0014913761988282204,-2.0626025332148856e-07,-0.5918205380439758,0.560730516910553,0.5685248374938965,-0.6052740216255188,-0.13932617008686066,-0.4505409896373749,0.25921228528022766,-0.192518949508667,0.03449016064405441,-0.013641884550452232,0.3089839816093445,-0.3042956292629242,-0.31012585759162903,0.30898404121398926,0.1704617589712143,0.5094900727272034,0.14236776530742645,-0.28365397453308105,0.0009942508768290281,-1.0,0.21043606102466583,-0.04518955573439598,0.016980202868580818,0.2121148705482483,-0.04098124802112579,0.0369957759976387,0.21043606102466583,-0.04518955573439598,0.011980202980339527
173,DESCEND,1,0.2311038374900818,0.6334704160690308,0.2517963945865631,1.2175747156143188,0.001464372151531279,-2.592234125131654e-07,-0.5922942757606506,0.5603054165840149,0.5691747665405273,-0.6052626967430115,-0.19701208174228668,-0.4437616169452667,0.2617889642715454,-0.18979649245738983,0.04195207729935646,-0.019004885107278824,0.39089739322662354,-0.38562774658203125,-0.39221274852752686,0.3908974528312683,0.17044803500175476,0.508615255355835,0.1437273621559143,-0.2861440181732178,0.0009762481204234064,-1.0,0.2104371339082718,-0.04518064856529236,0.016980580985546112,0.21209575235843658,-0.04095111042261124,0.03696852922439575,0.2104371339082718,-0.04518064856529236,0.011980581097304821
174,DESCEND,1,0.23118209838867188,0.6320054531097412,0.2539650797843933,1.2138704061508179,0.0014318301109597087,-2.0353678564788424e-07,-0.5927411913871765,0.5611242651939392,0.5695285797119141,-0.6067653894424438,-0.13572657108306885,-0.45562872290611267,0.2623361647129059,-0.18997012078762054,0.035369258373975754,-0.014961316250264645,0.30337420105934143,-0.29905885457992554,-0.30443722009658813,0.3033742308616638,0.17049124836921692,0.5077581405639648,0.14507314562797546,-0.28864574432373047,0.0009545534267090261,-1.0,0.21043623983860016,-0.045185524970293045,0.01698051579296589,0.21207132935523987,-0.0409596748650074,0.03694342076778412,0.21043623983860016,-0.045185524970293045,0.011980515904724598
175,DESCEND,1,0.23108692467212677,0.6305216550827026,0.25617536902427673,1.2101681232452393,0.0014051782200112939,-2.608145734939171e-07,-0.5931616425514221,0.560567319393158,0.5702087879180908,-0.6065036058425903,-0.19650061428546906,-0.4506087303161621,0.26696908473968506,-0.18859732151031494,0.042705267667770386,-0.01854582130908966,0.4041666090488434,-0.39831477403640747,-0.40552008152008057,0.404166579246521,0.17048242688179016,0.5068761110305786,0.14644238352775574,-0.29114311933517456,0.0009367854800075293,-1.0,0.21043618023395538,-0.04517784342169762,0.016980234533548355,0.21204914152622223,-0.040937017649412155,0.03691911697387695,0.21043618023395538,-0.04517784342169762,0.011980235576629639
176,DESCEND,1,0.2311020940542221,0.6290762424468994,0.25834041833877563,1.2064589262008667,0.0013723272131755948,-2.0616509743831557e-07,-0.593558132648468,0.5611695647239685,0.5704836845397949,-0.607779324054718,-0.1372126340866089,-0.46056026220321655,0.26868510246276855,-0.18620038032531738,0.0374116525053978,-0.016813218593597412,0.310052752494812,-0.3059801757335663,-0.3110716640949249,0.31005287170410156,0.1705097258090973,0.5060263872146606,0.1477849930524826,-0.2936447560787201,0.0009148848475888371,-1.0,0.2104361653327942,-0.045178547501564026,0.016980700194835663,0.2120266705751419,-0.04093454033136368,0.03689198195934296,0.2104361653327942,-0.045178547501564026,0.011980700306594372
177,DESCEND,1,0.23107406497001648,0.6275893449783325,0.26055043935775757,1.2027523517608643,0.0013452377170324326,-2.539549655011797e-07,-0.5939310193061829,0.5605148077011108,0.5711530447006226,-0.6073697209358215,-0.18671022355556488,-0.457369327545166,0.27130091190338135,-0.1871936172246933,0.04266148805618286,-0.01781415194272995,0.40457215905189514,-0.3985697627067566,-0.40592047572135925,0.40457212924957275,0.17051979899406433,0.5051499605178833,0.14915123581886292,-0.29614853858947754,0.000896825164090842,-1.0,0.2104353904724121,-0.04517563432455063,0.016979968175292015,0.21200235188007355,-0.04092368111014366,0.03686871379613876,0.2104353904724121,-0.04517563432455063,0.011979968287050724
178,DESCEND,1,0.23103944957256317,0.6261585354804993,0.26271578669548035,1.1990388631820679,0.0013127934653311968,-2.1432373387142434e-07,-0.5942825675010681,0.5607596635818481,0.5714143514633179,-0.6082435250282288,-0.1455879509449005,-0.46197766065597534,0.2730223536491394,-0.18360723555088043,0.039236705750226974,-0.017821192741394043,0.3253162205219269,-0.32130175828933716,-0.32634514570236206,0.32531625032424927,0.17053864896297455,0.5043061971664429,0.1504877805709839,-0.2986536920070648,0.0008751956629566848,-1.0,0.2104368507862091,-0.04517439380288124,0.016980823129415512,0.21198104321956635,-0.040912363678216934,0.03684001788496971,0.2104368507862091,-0.04517439380288124,0.011980824172496796
179,DESCEND,1,0.2310546338558197,0.6246737837791443,0.26492011547088623,1.195326328277588,0.0012846579775214195,-2.4526988795514626e-07,-0.5946136713027954,0.5602562427520752,0.5720052123069763,-0.6080251932144165,-0.17559951543807983,-0.46317991614341736,0.27387535572052,-0.1850067675113678,0.04228225350379944,-0.017459888011217117,0.39405736327171326,-0.388291597366333,-0.39534682035446167,0.39405739307403564,0.17056167125701904,0.5034353733062744,0.1518508791923523,-0.3011614680290222,0.0008564386516809464,-1.0,0.21043550968170166,-0.045174580067396164,0.016980379819869995,0.2119559645652771,-0.04090919345617294,0.036817289888858795,0.21043550968170166,-0.045174580067396164,0.01198037900030613
180,DESCEND,1,0.23099464178085327,0.6232462525367737,0.2670893669128418,1.1916087865829468,0.0012529746163636446,-2.2336907079534285e-07,-0.594925582408905,0.5602608323097229,0.5722850561141968,-0.6085965037345886,-0.15507087111473083,-0.4636598527431488,0.27609750628471375,-0.18215259909629822,0.04064735397696495,-0.018173830583691597,0.3418563902378082,-0.33770573139190674,-0.3429173529148102,0.3418562412261963,0.1705746054649353,0.5025928020477295,0.1531866490840912,-0.30366945266723633,0.00083531643031165,-1.0,0.2104375809431076,-0.04517213627696037,0.016980774700641632,0.2119351327419281,-0.04089336097240448,0.03678854554891586,0.2104375809431076,-0.04517213627696037,0.011980773881077766
181,DESCEND,1,0.2310255914926529,0.6217703223228455,0.26928746700286865,1.1878914833068848,0.0012237349292263389,-2.3762547129990708e-07,-0.5952191948890686,0.5599852800369263,0.5727793574333191,-0.608663022518158,-0.16684693098068237,-0.4690723121166229,0.2756487727165222,-0.18331696093082428,0.041946589946746826,-0.017306962981820107,0.3821553885936737,-0.37671852111816406,-0.38337817788124084,0.38215529918670654,0.17060360312461853,0.5017296671867371,0.15454447269439697,-0.3061804175376892,0.0008158233249559999,-1.0,0.21043634414672852,-0.04517371580004692,0.016980886459350586,0.2119099497795105,-0.040893081575632095,0.036765504628419876,0.21043634414672852,-0.04517371580004692,0.011980886571109295
182,DESCEND,1,0.23077629506587982,0.6202554106712341,0.27112480998039246,1.1841492652893066,0.0011953547364100814,-2.754759691470099e-07,-0.5954952239990234,0.5589386820793152,0.5731568932533264,-0.6080493927001953,-0.2238745391368866,-0.4489246904850006,0.25071337819099426,-0.19707876443862915,0.04443610832095146,-0.01717875525355339,0.44561049342155457,-0.43968552350997925,-0.44709038734436035,0.4456104040145874,0.17055568099021912,0.5007259249687195,0.15591178834438324,-0.308513343334198,0.0007969031576067209,-1.0,0.21044060587882996,-0.04516628384590149,0.016979949548840523,0.21195513010025024,-0.040858156979084015,0.036769166588783264,0.21044060587882996,-0.04516628384590149,0.011979949660599232
183,DESCEND,1,0.23098699748516083,0.6190016269683838,0.27307289838790894,1.180423617362976,0.0011603196617215872,-1.9140468054956727e-07,-0.5957560539245605,0.5600260496139526,0.5732955932617188,-0.609795868396759,-0.12142360955476761,-0.5127522945404053,0.2741195857524872,-0.19854243099689484,0.03565247729420662,-0.01130516268312931,0.3297378420829773,-0.3252220153808594,-0.3309319019317627,0.3297377824783325,0.17065554857254028,0.4999992847442627,0.1571512669324875,-0.31099408864974976,0.0007735464605502784,-1.0,0.2104419320821762,-0.04518349841237068,0.016979828476905823,0.21194380521774292,-0.04089401289820671,0.03672879934310913,0.2104419320821762,-0.04518349841237068,0.011979827657341957
184,DESCEND,1,0.23079322278499603,0.6176340579986572,0.27523505687713623,1.1767139434814453,0.0011352505534887314,-2.9022481840002e-07,-0.5960009098052979,0.5588979721069336,0.5739317536354065,-0.6087707877159119,-0.2268076241016388,-0.4879409968852997,0.2794651389122009,-0.1879594475030899,0.04969111084938049,-0.020764721557497978,0.48878663778305054,-0.48238056898117065,-0.4902978539466858,0.48878663778305054,0.17063793540000916,0.4991835355758667,0.15847910940647125,-0.31349095702171326,0.0007568337023258209,-1.0,0.21044376492500305,-0.04517087712883949,0.016984421759843826,0.21192455291748047,-0.040854014456272125,0.036693330854177475,0.21044376492500305,-0.04517087712883949,0.011984421871602535
185,DESCEND,1,0.23085953295230865,0.6162614226341248,0.27735069394111633,1.1729968786239624,0.0011000356171280146,-2.0440081982542324e-07,-0.5962321758270264,0.5599682927131653,0.5739752054214478,-0.6105387806892395,-0.1306733787059784,-0.4941304326057434,0.28552964329719543,-0.18142570555210114,0.04063238576054573,-0.017846565693616867,0.32822370529174805,-0.3240108788013458,-0.32918494939804077,0.3282237648963928,0.17067496478557587,0.4983859062194824,0.15979905426502228,-0.31598758697509766,0.0007333570974878967,-1.0,0.21044133603572845,-0.04517195746302605,0.016985256224870682,0.2119026780128479,-0.040860988199710846,0.036661580204963684,0.21044133603572845,-0.04517195746302605,0.011985257267951965
186,DESCEND,1,0.23080183565616608,0.6148371696472168,0.27952975034713745,1.1692841053009033,0.0010724752210080624,-2.5242019319193787e-07,-0.5964495539665222,0.5591500997543335,0.5745010375976562,-0.6098926067352295,-0.18262295424938202,-0.4784379005432129,0.28580814599990845,-0.18179991841316223,0.04607987403869629,-0.019591016694903374,0.41808465123176575,-0.412530779838562,-0.4193251132965088,0.41808462142944336,0.17068716883659363,0.4975496232509613,0.16113576292991638,-0.3184940814971924,0.0007149835000745952,-1.0,0.21044230461120605,-0.04516933858394623,0.01698455587029457,0.21188002824783325,-0.04084516316652298,0.03663412854075432,0.21044230461120605,-0.04516933858394623,0.011984555050730705
187,DESCEND,1,0.2308126837015152,0.6134089231491089,0.28168612718582153,1.1655666828155518,0.0010399966267868876,-2.2305981417503062e-07,-0.5966543555259705,0.5591922998428345,0.5747254490852356,-0.610406756401062,-0.15073230862617493,-0.4873971939086914,0.28711435198783875,-0.18046316504478455,0.042953018099069595,-0.018440209329128265,0.3631354570388794,-0.3585401177406311,-0.36418911814689636,0.36313533782958984,0.17071497440338135,0.4967140555381775,0.1624695211648941,-0.32099732756614685,0.000693331123329699,-1.0,0.21044260263442993,-0.04517051577568054,0.01698523759841919,0.2118585854768753,-0.04084209352731705,0.03660883009433746,0.21044260263442993,-0.04517051577568054,0.011985237710177898
188,DESCEND,1,0.23078784346580505,0.6119822859764099,0.2838606536388397,1.161849021911621,0.0010103778913617134,-2.415707172076509e-07,-0.5968472361564636,0.5587255358695984,0.5751129984855652,-0.6102317571640015,-0.17058700323104858,-0.4854653477668762,0.286939412355423,-0.1810903251171112,0.04512222856283188,-0.018976891413331032,0.3993760049343109,-0.39424681663513184,-0.40054062008857727,0.3993760347366333,0.17073629796504974,0.49587902426719666,0.1638057380914688,-0.3235054016113281,0.0006735852803103626,-1.0,0.21044300496578217,-0.045170217752456665,0.016985027119517326,0.21183572709560394,-0.040832240134477615,0.036582645028829575,0.21044300496578217,-0.045170217752456665,0.011985027231276035
189,DESCEND,1,0.23078210651874542,0.6105618476867676,0.2860223948955536,1.158128261566162,0.0009788544848561287,-2.304307002987116e-07,-0.5970290303230286,0.5586521625518799,0.5753747224807739,-0.6105635762214661,-0.1587611883878708,-0.4897862672805786,0.2875044643878937,-0.1804029792547226,0.04400072991847992,-0.018578283488750458,0.377447247505188,-0.37273019552230835,-0.37853002548217773,0.37744712829589844,0.1707620918750763,0.4950485825538635,0.16513828933238983,-0.3260122239589691,0.0006525696953758597,-1.0,0.21044330298900604,-0.04517084360122681,0.016985325142741203,0.21181374788284302,-0.040826037526130676,0.03655653074383736,0.21044330298900604,-0.04517084360122681,0.011985325254499912
190,DESCEND,1,0.23076532781124115,0.6091427206993103,0.28819069266319275,1.1544060707092285,0.0009484648471698165,-2.3798823178822204e-07,-0.5972002148628235,0.5584313869476318,0.5756959319114685,-0.6106683611869812,-0.16706442832946777,-0.4895142912864685,0.28729918599128723,-0.18068602681159973,0.04489956423640251,-0.018686842173337936,0.3926900327205658,-0.38769781589508057,-0.39381614327430725,0.3926900029182434,0.17078517377376556,0.49421948194503784,0.16647133231163025,-0.328521728515625,0.0006323099369183183,-1.0,0.2104436755180359,-0.04517083242535591,0.016985319554805756,0.2117912322282791,-0.04081770032644272,0.036530233919620514,0.2104436755180359,-0.04517083242535591,0.01198531873524189
191,DESCEND,1,0.2307564616203308,0.6077276468276978,0.290353000164032,1.1506811380386353,0.0009172333520837128,-2.331833286461915e-07,-0.5973613858222961,0.558397114276886,0.5759586691856384,-0.6109960079193115,-0.1620284616947174,-0.49237436056137085,0.2876347005367279,-0.18031729757785797,0.044478047639131546,-0.01846291683614254,0.38374418020248413,-0.3789004683494568,-0.3848326802253723,0.38374418020248413,0.17081062495708466,0.49339327216148376,0.16780242323875427,-0.33103126287460327,0.0006114889401942492,-1.0,0.21044398844242096,-0.04517132788896561,0.016985516995191574,0.21176917850971222,-0.040810875594615936,0.03650398552417755,0.21044398844242096,-0.04517132788896561,0.011985516175627708
192,DESCEND,1,0.23074521124362946,0.6063295602798462,0.29249730706214905,1.1469534635543823,0.000886561640072614,-2.370295675291345e-07,-0.5975131988525391,0.5582868456840515,0.5762473940849304,-0.6111966371536255,-0.16668274998664856,-0.4921890199184418,0.28852275013923645,-0.17950347065925598,0.04500822722911835,-0.018297163769602776,0.3928551971912384,-0.3877902626991272,-0.39396971464157104,0.39285510778427124,0.17083297669887543,0.4925766587257385,0.16912733018398285,-0.33353766798973083,0.0005910411127842963,-1.0,0.2104443907737732,-0.045170772820711136,0.016985513269901276,0.21174877882003784,-0.040803998708724976,0.03647660091519356,0.2104443907737732,-0.045170772820711136,0.011985513381659985
193,DESCEND,1,0.23073096573352814,0.6049282550811768,0.2946507930755615,1.1432247161865234,0.000855281890835613,-2.3327210385559738e-07,-0.5976560711860657,0.558276891708374,0.5764920115470886,-0.6115168929100037,-0.16290535032749176,-0.4948016405105591,0.2897789478302002,-0.17881880700588226,0.04482068121433258,-0.01821196638047695,0.38579562306404114,-0.38087570667266846,-0.38687601685523987,0.3857956528663635,0.17084813117980957,0.49171704053878784,0.17046546936035156,-0.3360231816768646,0.000570187927223742,-1.0,0.21044504642486572,-0.045170605182647705,0.016985725611448288,0.21172752976417542,-0.04079641401767731,0.036449529230594635,0.21044504642486572,-0.045170605182647705,0.011985724791884422
194,DESCEND,1,0.23071902990341187,0.6035252809524536,0.2968097925186157,1.1394963264465332,0.0008243636111728847,-2.357265316277335e-07,-0.5977908372879028,0.558220624923706,0.5767564177513123,-0.6117463707923889,-0.16554443538188934,-0.4957415461540222,0.28972741961479187,-0.17883612215518951,0.045195285230875015,-0.018114307895302773,0.3926493525505066,-0.38755714893341064,-0.39374709129333496,0.39264947175979614,0.1708502471446991,0.49078547954559326,0.17182552814483643,-0.3384682536125183,0.0005495757795870304,-1.0,0.21044544875621796,-0.045170653611421585,0.016985755413770676,0.21170537173748016,-0.040789008140563965,0.036422766745090485,0.21044544875621796,-0.045170653611421585,0.01198575459420681
195,DESCEND,1,0.23070868849754333,0.6021286249160767,0.29896461963653564,1.135770320892334,0.0007931110449135303,-2.3367999801848782e-07,-0.5979177951812744,0.5582154393196106,0.5769978165626526,-0.61202472448349,-0.16384539008140564,-0.49700891971588135,0.28959688544273376,-0.1783309280872345,0.04514065757393837,-0.017981387674808502,0.39066213369369507,-0.38559240102767944,-0.39174556732177734,0.39066219329833984,0.17085354030132294,0.48985669016838074,0.1731838434934616,-0.3409101366996765,0.0005287406966090202,-1.0,0.21044564247131348,-0.04517097398638725,0.016985882073640823,0.2116832733154297,-0.0407819002866745,0.03639582544565201,0.21044564247131348,-0.04517097398638725,0.011985881254076958
196,DESCEND,1,0.2306976169347763,0.6007353067398071,0.3011171519756317,1.1320481300354004,0.0007619786192663014,-2.3476054877846764e-07,-0.5980373024940491,0.5581855773925781,0.5772438049316406,-0.6122497320175171,-0.165279358625412,-0.4976763129234314,0.2891864478588104,-0.17811021208763123,0.04536186903715134,-0.01787503808736801,0.3946525752544403,-0.38948899507522583,-0.39574283361434937,0.39465248584747314,0.17085640132427216,0.48893094062805176,0.17453932762145996,-0.3433501720428467,0.0005079857655800879,-1.0,0.21044588088989258,-0.045171234756708145,0.016985958442091942,0.21166099607944489,-0.040774665772914886,0.036368925124406815,0.21044588088989258,-0.045171234756708145,0.01198595855385065
197,DESCEND,1,0.23068717122077942,0.5993480682373047,0.30326467752456665,1.1283284425735474,0.0007306498009711504,-2.3370611756945436e-07,-0.5981497168540955,0.558190107345581,0.5774747729301453,-0.6125001907348633,-0.16459858417510986,-0.49859747290611267,0.2888779640197754,-0.177710622549057,0.045369233936071396,-0.017740895971655846,0.3943140208721161,-0.38913828134536743,-0.3953961133956909,0.3943140506744385,0.1708594411611557,0.4880084693431854,0.1758924424648285,-0.34578737616539,0.00048709986731410027,-1.0,0.2104460746049881,-0.04517155513167381,0.016986079514026642,0.211638942360878,-0.040767621248960495,0.03634195774793625,0.2104460746049881,-0.04517155513167381,0.01198607962578535
198,DESCEND,1,0.23051486909389496,0.5983574390411377,0.30480074882507324,1.1245735883712769,0.0006963490741327405,-1.76112649796778e-07,-0.5982559323310852,0.5588818788528442,0.5773991346359253,-0.6137253046035767,-0.11382103711366653,-0.40721648931503296,0.26704227924346924,-0.17039109766483307,0.037671688944101334,-0.018510818481445312,0.2240172177553177,-0.22190436720848083,-0.22443000972270966,0.22401723265647888,0.17085957527160645,0.4871501326560974,0.17713449895381927,-0.347991943359375,0.0004642327257897705,-1.0,0.21044296026229858,-0.04517214745283127,0.016986101865768433,0.21168819069862366,-0.04074776917695999,0.036293137818574905,0.21044296026229858,-0.04517214745283127,0.011986101977527142
199,DESCEND,1,0.23063872754573822,0.5968372821807861,0.30692043900489807,1.1208781003952026,0.0006694875191897154,-2.471221591804351e-07,-0.5983554720878601,0.557865560054779,0.5780115127563477,-0.6125509738922119,-0.17938125133514404,-0.48533299565315247,0.28689074516296387,-0.18541386723518372,0.04530186578631401,-0.01524709165096283,0.44037604331970215,-0.4333307147026062,-0.4416751265525818,0.4403759241104126,0.17087331414222717,0.4862276315689087,0.178482323884964,-0.35044193267822266,0.0004463250224944204,-1.0,0.21044692397117615,-0.04517650976777077,0.01698654517531395,0.21167416870594025,-0.04076707363128662,0.036288876086473465,0.21044692397117615,-0.04517650976777077,0.011986545287072659
