step,state,force_close,jpos_shoulder_pan,jpos_shoulder_lift,jpos_elbow_flex,jpos_wrist_flex,jpos_wrist_roll,jpos_gripper,jpos_left_proximal,jpos_right_proximal,jpos_left_distal,jpos_right_distal,jvel_shoulder_pan,jvel_shoulder_lift,jvel_elbow_flex,jvel_wrist_flex,jvel_wrist_roll,jvel_gripper,jvel_left_proximal,jvel_right_proximal,jvel_left_distal,jvel_right_distal,action_0,action_1,action_2,action_3,action_4,action_5,target_ee_x,target_ee_y,target_ee_z,current_ee_x,current_ee_y,current_ee_z,cube_x,cube_y,cube_z
0,APPROACH,0,0.0,0.0,0.0,1.5700000524520874,0.0,0.0,0.0,0.0,0.0,0.0,0.0,0.0,0.0,0.0,0.0,0.0,0.0,0.0,0.0,0.0,0.041411299258470535,0.017560258507728577,0.05327688902616501,0.02302630804479122,1.0704543154660406e-11,1.0,0.2112959921360016,-0.048994116485118866,0.1120000034570694,0.23218289017677307,-0.00017702672630548477,0.1732701063156128,0.2112959921360016,-0.048994116485118866,0.012000000104308128
1,APPROACH,0,0.0030096678528934717,0.0032967105507850647,0.004089331720024347,1.5717769861221313,1.5777301086927764e-05,-1.5813196585501288e-10,-3.4914746720460244e-06,0.022270388901233673,0.000255564518738538,-0.02140328474342823,0.14101341366767883,0.06975709646940231,0.20259173214435577,0.08395116776227951,-0.025145774707198143,-0.00013555277837440372,-0.6250224709510803,0.630754292011261,0.6248868703842163,-0.6250225305557251,0.041658610105514526,0.0196926798671484,0.05778161436319351,0.025198698043823242,1.051821163855493e-05,1.0,0.2104758322238922,-0.0454731322824955,0.11236373335123062,0.23202736675739288,-0.000758451409637928,0.17218279838562012,0.2104758322238922,-0.0454731322824955,0.012363729067146778
2,APPROACH,0,0.00591930840164423,0.007001708727329969,0.008516867645084858,1.5736408233642578,5.3472514991881326e-05,-9.730100059002211e-11,-5.526358108909335e-06,0.045521028339862823,0.00035346561344340444,-0.042449306696653366,0.1350417286157608,0.06823164224624634,0.20863431692123413,0.08800982683897018,-0.02400287054479122,-6.175401358632371e-05,-0.5935766696929932,0.6071205735206604,0.5935148596763611,-0.5935766696929932,0.043433479964733124,0.02269638329744339,0.06061873957514763,0.026001136749982834,3.5648354241857305e-05,1.0,0.21047969162464142,-0.044925156980752945,0.11214709281921387,0.23185986280441284,-0.0013196086511015892,0.17098760604858398,0.21047969162464142,-0.044925156980752945,0.012147095054388046
3,APPROACH,0,0.008815547451376915,0.010739962570369244,0.012928949669003487,1.5754694938659668,9.165457595372573e-05,-9.465515177220496e-11,-7.478663974325173e-06,0.06661827862262726,0.0004396884760353714,-0.05996069312095642,0.13550135493278503,0.07002538442611694,0.20800931751728058,0.08694639801979065,-0.020283591002225876,4.479878953134175e-06,-0.5011659264564514,0.5215210914611816,0.5011705160140991,-0.501166045665741,0.04565052688121796,0.025596758350729942,0.06315457820892334,0.026671171188354492,6.110306276241317e-05,1.0,0.21047869324684143,-0.045073751360177994,0.11199992895126343,0.23168638348579407,-0.0018771681934595108,0.16979336738586426,0.21047869324684143,-0.045073751360177994,0.011999930255115032
4,APPROACH,0,0.01173185184597969,0.014501354657113552,0.01729431003332138,1.5772545337677002,0.00012909005454275757,-3.198955544903015e-10,-9.256920748157427e-06,0.08455824851989746,0.0005173810059204698,-0.07320556789636612,0.1376723200082779,0.07135021686553955,0.2063555270433426,0.08544687181711197,-0.016099968925118446,4.7816516598686576e-05,-0.39887735247612,0.42450106143951416,0.39892518520355225,-0.3988773822784424,0.04785240814089775,0.02846282534301281,0.06571929156780243,0.027374109253287315,8.60600484884344e-05,1.0,0.2104785293340683,-0.045073214918375015,0.11199992895126343,0.2315087467432022,-0.0024375636130571365,0.16860580444335938,0.2104785293340683,-0.045073214918375015,0.011999926529824734
5,APPROACH,0,0.014666399918496609,0.018279748037457466,0.021616386249661446,1.5790003538131714,0.00016541175136808306,-6.090142279369104e-10,-1.0839649803529028e-05,0.0993369072675705,0.0005882224650122225,-0.08247260749340057,0.139643132686615,0.07248745113611221,0.20499050617218018,0.084084652364254,-0.012211239896714687,6.957114237593487e-05,-0.3048206567764282,0.33420684933662415,0.30489033460617065,-0.30482062697410583,0.05007021129131317,0.031334832310676575,0.0682523176074028,0.028053998947143555,0.0001102745154639706,1.0,0.2104785293340683,-0.04507320746779442,0.11199996620416641,0.23132620751857758,-0.0030003362335264683,0.16742545366287231,0.2104785293340683,-0.04507320746779442,0.011999961920082569
6,APPROACH,0,0.017619509249925613,0.022074859589338303,0.02589563839137554,1.5807071924209595,0.0002006013091886416,-8.681632079898804e-10,-1.2243200217199046e-05,0.11135812103748322,0.0006525636417791247,-0.08842679858207703,0.14146073162555695,0.07359346747398376,0.2036559134721756,0.0826277881860733,-0.008897018618881702,7.520963117713109e-05,-0.22529743611812592,0.2571623623371124,0.22537276148796082,-0.22529739141464233,0.052303850650787354,0.03421250730752945,0.07075423002243042,0.028711002320051193,0.0001337342255283147,1.0,0.21047867834568024,-0.04507331922650337,0.11199995130300522,0.23113884031772614,-0.0035656504333019257,0.1662522852420807,0.21047867834568024,-0.04507331922650337,0.011999950744211674
7,APPROACH,0,0.020591523498296738,0.025886433199048042,0.03013218194246292,1.5823761224746704,0.00023478633374907076,-1.283848471977933e-09,-1.3485648196365219e-05,0.12108464539051056,0.0007108923746272922,-0.09174441546201706,0.1431272178888321,0.07467194646596909,0.2023387998342514,0.08109240233898163,-0.00616409769281745,6.98516596457921e-05,-0.16011320054531097,0.19342459738254547,0.16018328070640564,-0.1601131409406662,0.05455350875854492,0.03709518909454346,0.07322565466165543,0.029346387833356857,0.00015652424190193415,1.0,0.21047855913639069,-0.04507321119308472,0.11199993640184402,0.2309466302394867,-0.004133448004722595,0.16508609056472778,0.21047855913639069,-0.04507321119308472,0.011999936774373055
8,APPROACH,0,0.023582762107253075,0.02971414290368557,0.03432614728808403,1.584006428718567,0.0002681193873286247,-1.831558016363033e-09,-1.4583977645088453e-05,0.1289377510547638,0.0007636656519025564,-0.09301500022411346,0.14466418325901031,0.075724296271801,0.20103074610233307,0.07950436323881149,-0.003943991381675005,5.743927613366395e-05,-0.1073957309126854,0.14134810864925385,0.10745338350534439,-0.10739573836326599,0.05681959539651871,0.03998274356126785,0.07566621899604797,0.02995952032506466,0.0001787462824722752,1.0,0.21047855913639069,-0.04507321119308472,0.11199992150068283,0.2307497262954712,-0.0047037648037076,0.16392704844474792,0.21047855913639069,-0.04507321119308472,0.011999920941889286
9,APPROACH,0,0.026593564078211784,0.03355766460299492,0.03847761079668999,1.5855988264083862,0.0003007394843734801,-2.3611876898144146e-09,-1.5555793652310967e-05,0.13527408242225647,0.0008112937794066966,-0.09272503852844238,0.14609667658805847,0.07675416022539139,0.19972282648086548,0.07787659764289856,-0.002154134213924408,4.082349187228829e-05,-0.0650293305516243,0.09900610893964767,0.06507040560245514,-0.06502938270568848,0.05910254269838333,0.04287455603480339,0.0780760645866394,0.030551036819815636,0.0002004930138355121,1.0,0.2104785293340683,-0.04507320374250412,0.11199995875358582,0.23054811358451843,-0.005276516079902649,0.162774920463562,0.2104785293340683,-0.04507320374250412,0.011999956332147121
10,APPROACH,0,0.02962425909936428,0.03741663321852684,0.04258669912815094,1.5871537923812866,0.00033276694011874497,-2.8843893939978216e-09,-1.6412834156653844e-05,0.14038698375225067,0.0008541526622138917,-0.0912662148475647,0.1474476158618927,0.07776246219873428,0.19841060042381287,0.07622469216585159,-0.0007172371842898428,2.1960342564852908e-05,-0.031092919409275055,0.06463033705949783,0.031115148216485977,-0.03109303116798401,0.06140236184000969,0.04577026888728142,0.08045541495084763,0.03112141415476799,0.00022184464614838362,1.0,0.2104785442352295,-0.04507320746779442,0.11199995130300522,0.23034192621707916,-0.005851960275322199,0.1616297960281372,0.2104785442352295,-0.04507320746779442,0.011999950744211674
11,APPROACH,0,0.032675158232450485,0.04129067063331604,0.046653490513563156,1.5886708498001099,0.00036429971805773675,-3.45839690218952e-09,-1.716782026051078e-05,0.14451472461223602,0.0008925895090214908,-0.08894998580217361,0.148734912276268,0.07875028997659683,0.19709226489067078,0.0745590478181839,0.00043311755871400237,2.1724215457652463e-06,-0.00396081293001771,0.03671716898679733,0.003963261842727661,-0.003960788249969482,0.06371959298849106,0.048669397830963135,0.08280427753925323,0.03167041391134262,0.00024286650295834988,1.0,0.21047855913639069,-0.04507321119308472,0.11199994385242462,0.2301311492919922,-0.0064298659563064575,0.16049164533615112,0.21047855913639069,-0.04507321119308472,0.011999944224953651
12,APPROACH,0,0.035746585577726364,0.04517936334013939,0.05067810043692589,1.590151071548462,0.000395416805986315,-4.2505075015242255e-09,-1.7831564036896452e-05,0.14784978330135345,0.0009269177680835128,-0.08602205663919449,0.14997494220733643,0.07971814274787903,0.1957661211490631,0.072884202003479,0.0013519525527954102,-1.7652480892138556e-05,0.017700619995594025,0.014029297977685928,-0.017717983573675156,0.017700612545013428,0.06605436652898788,0.05157133564352989,0.08512284606695175,0.032198987901210785,0.00026361123309470713,1.0,0.21047855913639069,-0.04507321119308472,0.11199993640184402,0.22991585731506348,-0.007010415196418762,0.15936046838760376,0.21047855913639069,-0.04507321119308472,0.011999936774373055
13,APPROACH,0,0.03883884474635124,0.04908223822712898,0.05466058477759361,1.5915945768356323,0.0004261829308234155,-4.9140762570232255e-09,-1.8413044017506763e-05,0.15054728090763092,0.0009574285359121859,-0.08267493546009064,0.15117990970611572,0.08066591620445251,0.19443154335021973,0.0712091326713562,0.002084723673760891,-3.694136830745265e-05,0.03497651591897011,-0.004442792385816574,-0.03501317277550697,0.03497648239135742,0.0684071034193039,0.054475560784339905,0.08741116523742676,0.032707296311855316,0.00028412198298610747,1.0,0.2104785293340683,-0.045073192566633224,0.11199992150068283,0.22969605028629303,-0.0075936084613204,0.15823614597320557,0.2104785293340683,-0.045073192566633224,0.011999922804534435
14,APPROACH,0,0.04195226728916168,0.05299883708357811,0.05860106274485588,1.5930017232894897,0.00045664963545277715,-5.65120350515258e-09,-1.8920571164926514e-05,0.15273185074329376,0.0009843884035944939,-0.07905855029821396,0.15236049890518188,0.08159269392490387,0.19308774173259735,0.06953677535057068,0.0026681453455239534,-5.536236858461052e-05,0.048742085695266724,-0.019515492022037506,-0.048797186464071274,0.04874217510223389,0.07077813148498535,0.05738165229558945,0.08966924250125885,0.033195655792951584,0.00030443310970440507,1.0,0.2104785442352295,-0.04507321119308472,0.1119999811053276,0.22947169840335846,-0.00817938894033432,0.15711891651153564,0.2104785442352295,-0.04507321119308472,0.011999976821243763
15,APPROACH,0,0.04508717730641365,0.05692865699529648,0.06249959394335747,1.5943725109100342,0.0004868577525485307,-6.469049740331911e-09,-1.9360892110853456e-05,0.154503732919693,0.0010080435313284397,-0.07528869807720184,0.15352508425712585,0.08249898999929428,0.19173499941825867,0.0678713470697403,0.003131951205432415,-7.27813967387192e-05,0.059702761471271515,-0.03184860199689865,-0.059775277972221375,0.05970275402069092,0.07316760718822479,0.06028875336050987,0.09189720451831818,0.03366430848836899,0.00032457185443490744,1.0,0.21047866344451904,-0.04507330805063248,0.11199997365474701,0.22924309968948364,-0.00876789540052414,0.15600863099098206,0.21047866344451904,-0.04507330805063248,0.011999974958598614
16,APPROACH,0,0.04824389889836311,0.06087120994925499,0.06635626405477524,1.5957077741622925,0.00051684002391994,-7.358953890701514e-09,-1.9740828065550886e-05,0.1559433788061142,0.001028623548336327,-0.07145413011312485,0.1546798050403595,0.08338303118944168,0.19037288427352905,0.06621435284614563,0.003500057617202401,-8.908860036171973e-05,0.06842321902513504,-0.04197189211845398,-0.06851205974817276,0.06842324137687683,0.07557594776153564,0.06319649517536163,0.09409525245428085,0.0341140441596508,0.00034456001594662666,1.0,0.21047867834568024,-0.04507330432534218,0.11199997365474701,0.22901000082492828,-0.009359071031212807,0.1549053192138672,0.21047867834568024,-0.04507330432534218,0.011999968439340591
17,APPROACH,0,0.05142273008823395,0.06482596695423126,0.07017114758491516,1.597007393836975,0.0005466227885335684,-8.410975915751351e-09,-2.0065370335942134e-05,0.15711545944213867,0.0010463391663506627,-0.06762205064296722,0.1558304727077484,0.08424443751573563,0.1890023797750473,0.0645708441734314,0.0037918509915471077,-0.00010430646216263995,0.07535761594772339,-0.05031295865774155,-0.07546169310808182,0.075357586145401,0.07800357043743134,0.06610384583473206,0.09626349061727524,0.034544944763183594,0.0003644152020569891,1.0,0.21047867834568024,-0.045073315501213074,0.11199994385242462,0.2287725806236267,-0.009952862747013569,0.1538088619709015,0.21047867834568024,-0.045073315501213074,0.011999944224953651
18,APPROACH,0,0.0546240396797657,0.06879230588674545,0.0739443451166153,1.5982719659805298,0.0005762260989286005,-9.207276718825597e-09,-2.033988494076766e-05,0.15807181596755981,0.0010613846825435758,-0.06384281814098358,0.156981959939003,0.08508066087961197,0.18762338161468506,0.0629405751824379,0.004022769629955292,-0.00011843512038467452,0.08086823672056198,-0.057214222848415375,-0.08098647743463516,0.08086830377578735,0.08045056462287903,0.06901013106107712,0.09840228408575058,0.034957967698574066,0.00038415074232034385,1.0,0.2104785293340683,-0.04507320001721382,0.11199993640184402,0.2285308837890625,-0.010549456812441349,0.1527194082736969,0.2104785293340683,-0.04507320001721382,0.011999937705695629
19,APPROACH,0,0.05784814432263374,0.0727696493268013,0.077675960958004,1.5995025634765625,0.0006056670681573451,-1.0259632254872031e-08,-2.056918128801044e-05,0.1588539332151413,0.001073945197276771,-0.06015319377183914,0.15813691914081573,0.08589110523462296,0.18623703718185425,0.061326175928115845,0.00420532189309597,-0.00013158777437638491,0.08524790406227112,-0.062953881919384,-0.08537930995225906,0.08524790406227112,0.08291759341955185,0.07191504538059235,0.10051115602254868,0.03535326570272446,0.00040377804543823004,1.0,0.2104785293340683,-0.04507319629192352,0.11199993640184402,0.2282848209142685,-0.01114879734814167,0.15163695812225342,0.2104785293340683,-0.04507319629192352,0.011999932117760181
20,APPROACH,0,0.06109539791941643,0.07675737887620926,0.08136601746082306,1.6006991863250732,0.0006349579198285937,-1.1072409655810134e-08,-2.0757490347023122e-05,0.15949535369873047,0.0010841874172911048,-0.056579601019620895,0.15929949283599854,0.0866757407784462,0.18484167754650116,0.05972839146852493,0.004349272232502699,-0.00014379792264662683,0.08872814476490021,-0.06775296479463577,-0.08887182176113129,0.0887281596660614,0.08540486544370651,0.07481744140386581,0.10259057581424713,0.03573155403137207,0.00042330528958700597,1.0,0.2104785442352295,-0.04507320746779442,0.11199992150068283,0.22803452610969543,-0.011750931851565838,0.15056154131889343,0.2104785442352295,-0.04507320746779442,0.011999920010566711
21,APPROACH,0,0.06436614692211151,0.080754853785038,0.08501461893320084,1.601861834526062,0.0006641082582063973,-1.2236395896536578e-08,-2.0908464648528025e-05,0.1600227952003479,0.0010922708315774798,-0.05314016714692116,0.16047169268131256,0.0874314159154892,0.18343909084796906,0.05815001577138901,0.004462721291929483,-0.00015521871682722121,0.09149465709924698,-0.07178989052772522,-0.09164978563785553,0.09149470925331116,0.08791296929121017,0.07771660387516022,0.10464048385620117,0.03609291836619377,0.0004427388485055417,1.0,0.2104785442352295,-0.045073218643665314,0.11199996620416641,0.22777993977069855,-0.012355775572359562,0.14949309825897217,0.2104785442352295,-0.045073218643665314,0.011999961920082569
22,APPROACH,0,0.06766081601381302,0.08476140350103378,0.0886218398809433,1.6029913425445557,0.0006931264069862664,-1.3415708544073368e-08,-2.102521830238402e-05,0.16045786440372467,0.001098338863812387,-0.04984666779637337,0.16165637969970703,0.08815723657608032,0.18202821910381317,0.0565914623439312,0.004551973659545183,-0.00016589785809628665,0.09369692951440811,-0.07520929723978043,-0.09386274963617325,0.09369692206382751,0.09044205397367477,0.08061178773641586,0.10666096210479736,0.036438070237636566,0.0004620842810254544,1.0,0.21047869324684143,-0.045073311775922775,0.11199995875358582,0.22752118110656738,-0.012963551096618176,0.14843180775642395,0.21047869324684143,-0.045073311775922775,0.011999953538179398
23,APPROACH,0,0.0709797590970993,0.08877633512020111,0.09218773245811462,1.6040880680084229,0.0007220182451419532,-1.4371569712068322e-08,-2.1110274246893823e-05,0.16081759333610535,0.001102530979551375,-0.04670584946870804,0.1628543734550476,0.08885187655687332,0.18061019480228424,0.055054135620594025,0.004622193053364754,-0.00017589105118531734,0.09545375406742096,-0.07812720537185669,-0.09562964737415314,0.09545376896858215,0.09299257397651672,0.08350154012441635,0.10865285992622375,0.036768198013305664,0.0004813455161638558,1.0,0.2104785442352295,-0.04507320374250412,0.11199995130300522,0.22725820541381836,-0.01357412338256836,0.14737749099731445,0.2104785442352295,-0.04507320374250412,0.011999952606856823
24,APPROACH,0,0.07432335615158081,0.0927988737821579,0.09571242332458496,1.6051523685455322,0.0007507879054173827,-1.5605941428020742e-08,-2.1166953956708312e-05,0.16111598908901215,0.0011049744207412004,-0.04372077435255051,0.16406749188899994,0.08951152116060257,0.17918746173381805,0.05354178324341774,0.004677304998040199,-0.0001853459980338812,0.09685847908258438,-0.08063560724258423,-0.09704384952783585,0.09685850143432617,0.09556514024734497,0.08638551086187363,0.11061535775661469,0.03708291053771973,0.0005005252896808088,1.0,0.2104785442352295,-0.045073214918375015,0.11199995130300522,0.22699099779129028,-0.014187628403306007,0.14633029699325562,0.2104785442352295,-0.045073214918375015,0.011999947018921375
25,APPROACH,0,0.07769199460744858,0.09682820737361908,0.09919596463441849,1.6061850786209106,0.0007794394041411579,-1.6747483400081364e-08,-2.1197294699959457e-05,0.1613640934228897,0.001105783972889185,-0.040891677141189575,0.16529785096645355,0.09013628214597702,0.17775669693946838,0.052051346749067307,0.004720575641840696,-0.00019424271886236966,0.09798591583967209,-0.08280900120735168,-0.09818026423454285,0.09798592329025269,0.09815999120473862,0.08926236629486084,0.11254911869764328,0.03738363832235336,0.0005196263082325459,1.0,0.21047855913639069,-0.04507321119308472,0.11199994385242462,0.2267196774482727,-0.014804043807089329,0.145290344953537,0.21047855913639069,-0.04507321119308472,0.011999940499663353
26,APPROACH,0,0.08108611404895782,0.10086353123188019,0.10263845324516296,1.6071864366531372,0.0008079748949967325,-1.7866794266296893e-08,-2.120322096743621e-05,0.16157086193561554,0.0011050727916881442,-0.03821653872728348,0.1665458232164383,0.09072339534759521,0.17632023990154266,0.05058695748448372,0.004754588473588228,-0.00020271900575608015,0.09889794141054153,-0.08470994234085083,-0.09910080581903458,0.09889796376228333,0.10077768564224243,0.09213106334209442,0.11445420235395432,0.037670694291591644,0.0005386499688029289,1.0,0.2104785293340683,-0.045073192566633224,0.11199993640184402,0.22644414007663727,-0.01542343944311142,0.14425766468048096,0.2104785293340683,-0.045073192566633224,0.011999933049082756
27,APPROACH,0,0.08450616151094437,0.10490397363901138,0.10604001581668854,1.6081570386886597,0.0008363962988369167,-1.9304380316498282e-08,-2.118832344422117e-05,0.1617434173822403,0.0011029444867745042,-0.035691842436790466,0.16781307756900787,0.09127052873373032,0.17487865686416626,0.049150221049785614,0.00478131091222167,-0.00021080822625663131,0.0996399000287056,-0.08638492971658707,-0.09985087811946869,0.099639892578125,0.10341888666152954,0.09499045461416245,0.116330586373806,0.03794471547007561,0.0005575975519604981,1.0,0.2104785442352295,-0.045073214918375015,0.11199995875358582,0.22616446018218994,-0.01604579947888851,0.14323222637176514,0.2104785442352295,-0.045073214918375015,0.01199996005743742
28,APPROACH,0,0.08795254677534103,0.10894862562417984,0.10940069705247879,1.609098196029663,0.0008647057111375034,-2.033389279176845e-08,-2.1153064153622836e-05,0.16188755631446838,0.0010994895128533244,-0.033312950283288956,0.16910123825073242,0.09177552908658981,0.1734306365251541,0.04773982614278793,0.004802471958100796,-0.00021850370103493333,0.1002507284283638,-0.0878746286034584,-0.10046949237585068,0.1002507209777832,0.10608404874801636,0.09783944487571716,0.11817841231822968,0.038206975907087326,0.0005764705128967762,1.0,0.21047866344451904,-0.04507330060005188,0.11199996620416641,0.22588060796260834,-0.01667122356593609,0.1422140896320343,0.21047866344451904,-0.04507330060005188,0.011999964714050293
29,APPROACH,0,0.09142576158046722,0.11299657076597214,0.11272057145833969,1.610010027885437,0.0008929034811444581,-2.182211922274746e-08,-2.110036621161271e-05,0.16200800240039825,0.001094801351428032,-0.031074438244104385,0.17041128873825073,0.09223601222038269,0.17197777330875397,0.046360231935977936,0.0048192511312663555,-0.0002259227039758116,0.10075929760932922,-0.08920983225107193,-0.10098553448915482,0.10075929760932922,0.1087733805179596,0.10067668557167053,0.11999821662902832,0.03845810890197754,0.000595269026234746,1.0,0.21047867834568024,-0.04507330432534218,0.11199997365474701,0.22559256851673126,-0.017299776896834373,0.14120355248451233,0.21047867834568024,-0.04507330432534218,0.01199997030198574
30,APPROACH,0,0.09492626041173935,0.1170467883348465,0.11599976569414139,1.6108931303024292,0.000920990074519068,-2.2912946207043206e-08,-2.1031262804172002e-05,0.1621083766222,0.0010889644036069512,-0.028970293700695038,0.1717429906129837,0.09264921396970749,0.1705208420753479,0.04501206427812576,0.004832698032259941,-0.00023303722264245152,0.10119078308343887,-0.0904180034995079,-0.10142423212528229,0.10119080543518066,0.1114877313375473,0.1035006195306778,0.12179005146026611,0.03869891166687012,0.000613993383012712,1.0,0.21047866344451904,-0.04507330805063248,0.11199994385242462,0.2253004014492035,-0.017931483685970306,0.1402004361152649,0.21047866344451904,-0.04507330805063248,0.0119999460875988
31,APPROACH,0,0.0984545573592186,0.12109822034835815,0.11923839896917343,1.611748218536377,0.0009489661897532642,-2.428660295095142e-08,-2.094731644319836e-05,0.16219168901443481,0.0010820528259500861,-0.02699432335793972,0.17309847474098206,0.09301204234361649,0.16906006634235382,0.043696530163288116,0.004843592643737793,-0.0002399137447355315,0.10156214982271194,-0.09151831269264221,-0.1018025353550911,0.10156217217445374,0.1142275333404541,0.10630989074707031,0.12355425208806992,0.038930416107177734,0.0006326441653072834,1.0,0.2104785442352295,-0.045073214918375015,0.11199994385242462,0.22500401735305786,-0.018566418439149857,0.1392049491405487,0.2104785442352295,-0.045073214918375015,0.011999941430985928
32,APPROACH,0,0.10201113671064377,0.12514972686767578,0.12243659049272537,1.6125757694244385,0.0009768324671313167,-2.5763830180380864e-08,-2.085000232909806e-05,0.16226045787334442,0.0010741406586021185,-0.025140143930912018,0.17447833716869354,0.09332137554883957,0.16759641468524933,0.04241707921028137,0.0048525710590183735,-0.00024661110364831984,0.10188870131969452,-0.09252842515707016,-0.10213582217693329,0.10188871622085571,0.11699369549751282,0.10910284519195557,0.1252906769514084,0.039153337478637695,0.0006512216641567647,1.0,0.2104785293340683,-0.04507320001721382,0.11199994385242462,0.22470350563526154,-0.019204508513212204,0.13821718096733093,0.2104785293340683,-0.04507320001721382,0.011999942362308502
33,APPROACH,0,0.10559657216072083,0.12920014560222626,0.12559445202350616,1.6133770942687988,0.0010045886738225818,-2.699403900408015e-08,-2.074107396765612e-05,0.16231666505336761,0.0010652916971594095,-0.02340141125023365,0.17588458955287933,0.09357386082410812,0.16612926125526428,0.041174232959747314,0.0048600793816149235,-0.0002530899364501238,0.10218089818954468,-0.09346120059490204,-0.10243457555770874,0.10218092799186707,0.11978678405284882,0.1118779331445694,0.12699955701828003,0.03936886787414551,0.0006697258213534951,1.0,0.2104785442352295,-0.04507320746779442,0.11199994385242462,0.22439880669116974,-0.019845962524414062,0.13723713159561157,0.2104785442352295,-0.04507320746779442,0.011999941430985928
34,APPROACH,0,0.10921140760183334,0.13324816524982452,0.12871208786964417,1.614152431488037,0.0010322344023734331,-2.8240817684377362e-08,-2.0620904251700267e-05,0.16236186027526855,0.0010555670596659184,-0.021771784871816635,0.17731811106204987,0.09376668184995651,0.16465942561626434,0.03997020050883293,0.004866548348218203,-0.00025936003657989204,0.10244955122470856,-0.094329833984375,-0.1027095764875412,0.10244959592819214,0.1226075142621994,0.1146332249045372,0.1286812275648117,0.03957796096801758,0.000688156287651509,1.0,0.21047855913639069,-0.04507320746779442,0.11199993640184402,0.2240898758172989,-0.020490724593400955,0.13626503944396973,0.21047855913639069,-0.04507320746779442,0.011999934911727905
35,APPROACH,0,0.11285625398159027,0.1372925341129303,0.13178963959217072,1.6149028539657593,0.0010597704676911235,-2.9601679329971375e-08,-2.0491297618718818e-05,0.1623973846435547,0.0010450249537825584,-0.020245127379894257,0.1787802129983902,0.09389536082744598,0.16318723559379578,0.0388067290186882,0.004872224293649197,-0.00026548781897872686,0.10269931703805923,-0.0951412096619606,-0.10296555608510971,0.10269930958747864,0.12545648217201233,0.11736675351858139,0.13033609092235565,0.039782047271728516,0.0007065136451274157,1.0,0.21047855913639069,-0.045073214918375015,0.11199992895126343,0.22377680242061615,-0.021138951182365417,0.13530105352401733,0.21047855913639069,-0.045073214918375015,0.011999928392469883
36,APPROACH,0,0.11653169989585876,0.14133180677890778,0.13482731580734253,1.6156294345855713,0.0010871962876990438,-3.1082947771210456e-08,-2.0352816136437468e-05,0.16242431104183197,0.0010337199782952666,-0.0188154187053442,0.18027161061763763,0.09395548701286316,0.16171419620513916,0.037686899304389954,0.004877455532550812,-0.000271443510428071,0.10293785482645035,-0.09590523689985275,-0.10321011394262314,0.10293783247470856,0.1283346712589264,0.12007635831832886,0.1319642812013626,0.03998255729675293,0.0007247975445352495,1.0,0.21047855913639069,-0.045073218643665314,0.11199997365474701,0.22345943748950958,-0.02179063856601715,0.13434526324272156,0.21047855913639069,-0.045073218643665314,0.011999973095953465
37,APPROACH,0,0.12023837119340897,0.14536447823047638,0.13782525062561035,1.6163333654403687,0.0011145113967359066,-3.229426326356588e-08,-2.020697866100818e-05,0.16244354844093323,0.00102169846650213,-0.01747695729136467,0.18179447948932648,0.09394275397062302,0.16024035215377808,0.036614030599594116,0.004882266744971275,-0.0002772818261291832,0.1031678318977356,-0.09662680327892303,-0.10344600677490234,0.1031678318977356,0.13124299049377441,0.12275996059179306,0.1335657387971878,0.04018060490489006,0.000743007636629045,1.0,0.21047864854335785,-0.04507332295179367,0.11199995875358582,0.22313784062862396,-0.02244582772254944,0.13339781761169434,0.21047864854335785,-0.04507332295179367,0.011999956332147121
38,APPROACH,0,0.12397697567939758,0.14938895404338837,0.14078357815742493,1.6170148849487305,0.0011417169589549303,-3.348044330664379e-08,-2.0054007109138183e-05,0.16245579719543457,0.0010090036084875464,-0.016224242746829987,0.18335053324699402,0.09385259449481964,0.1587652564048767,0.03558949753642082,0.004886907059699297,-0.00028292901697568595,0.10339242219924927,-0.09731101989746094,-0.10367638617753983,0.10339240729808807,0.13418199121952057,0.12541477382183075,0.1351415365934372,0.04037785530090332,0.0007611446781083941,1.0,0.2104785442352295,-0.04507321119308472,0.11199995130300522,0.22281184792518616,-0.02310469187796116,0.13245883584022522,0.2104785442352295,-0.04507321119308472,0.01199994795024395
39,APPROACH,0,0.12774819135665894,0.15340349078178406,0.1437024623155594,1.617675542831421,0.0011688114609569311,-3.506164958366753e-08,-1.9895331206498668e-05,0.16246168315410614,0.0009956815047189593,-0.015051973052322865,0.1849401444196701,0.09367883950471878,0.15729235112667084,0.03461795672774315,0.004891403950750828,-0.0002885409048758447,0.10361525416374207,-0.09796355664730072,-0.10390486568212509,0.10361525416374207,0.13715282082557678,0.12803839147090912,0.1366913616657257,0.04057574272155762,0.0007792076794430614,1.0,0.21047855913639069,-0.04507321119308472,0.11199994385242462,0.22248156368732452,-0.02376730926334858,0.13152867555618286,0.21047855913639069,-0.04507321119308472,0.011999941430985928
40,APPROACH,0,0.13155274093151093,0.15740631520748138,0.14658208191394806,1.618316650390625,0.0011957952519878745,-3.655642899502709e-08,-1.9731105567188933e-05,0.1624617725610733,0.0009817661484703422,-0.013955219648778439,0.1865658313035965,0.09341643750667572,0.1558200716972351,0.033701155334711075,0.004895832389593124,-0.00029401128995232284,0.10383635759353638,-0.09858623892068863,-0.10413151234388351,0.10383637249469757,0.140156552195549,0.1306275725364685,0.13821572065353394,0.04077649116516113,0.0007971968734636903,1.0,0.2104785293340683,-0.04507319629192352,0.11199993640184402,0.2221468836069107,-0.024433689191937447,0.13060736656188965,0.2104785293340683,-0.04507319629192352,0.01199993398040533
41,APPROACH,0,0.13539139926433563,0.16139551997184753,0.14942269027233124,1.6189393997192383,0.0012226687977090478,-3.7843481237587184e-08,-1.9562901798053645e-05,0.16245649755001068,0.0009672928717918694,-0.01292931754142046,0.18822957575321198,0.09305736422538757,0.1543501913547516,0.03284631669521332,0.004900251515209675,-0.0002993062371388078,0.1040571853518486,-0.09918230772018433,-0.10435774177312851,0.104057177901268,0.1431942880153656,0.1331792175769806,0.13971489667892456,0.04098176956176758,0.0008151125512085855,1.0,0.2104785293340683,-0.04507320746779442,0.11199997365474701,0.2218078225851059,-0.025103863328695297,0.129695326089859,0.2104785293340683,-0.04507320746779442,0.011999969370663166
42,APPROACH,0,0.1392650157213211,0.16536884009838104,0.15222448110580444,1.6195452213287354,0.0012494323309510946,-3.949779525669328e-08,-1.939142202900257e-05,0.1624463051557541,0.000952290662098676,-0.011969824321568012,0.1899336576461792,0.0925954133272171,0.15288276970386505,0.0320526622235775,0.004904812667518854,-0.0003045621560886502,0.10427995026111603,-0.0997556522488594,-0.10458581894636154,0.10427996516227722,0.14626723527908325,0.1356901228427887,0.1411888152360916,0.0411934070289135,0.0008329548873007298,1.0,0.21047866344451904,-0.045073311775922775,0.11199996620416641,0.22146420180797577,-0.025778163224458694,0.12879261374473572,0.21047866344451904,-0.045073311775922775,0.011999964714050293
43,APPROACH,0,0.1431744396686554,0.16932412981987,0.154987633228302,1.6201354265213013,0.0012760856188833714,-4.0536136225455266e-08,-1.921658440551255e-05,0.16243161261081696,0.0009367850725539029,-0.011072586290538311,0.19168025255203247,0.09202288091182709,0.15141752362251282,0.031326793134212494,0.004909357987344265,-0.0003096000582445413,0.10450392216444016,-0.10030701756477356,-0.10481500625610352,0.10450391471385956,0.1493763029575348,0.13815581798553467,0.1426388919353485,0.04141458123922348,0.0008507237653248012,1.0,0.21047869324684143,-0.04507330060005188,0.11199995875358582,0.2211160808801651,-0.026456505060195923,0.12789970636367798,0.21047869324684143,-0.04507330060005188,0.01199995819479227
44,APPROACH,0,0.1471206247806549,0.17325899004936218,0.1577124148607254,1.6207106113433838,0.001302628661505878,-4.2026119473348444e-08,-1.903960401250515e-05,0.1624125987291336,0.0009208099218085408,-0.01023363322019577,0.1934705674648285,0.09132928401231766,0.1499590128660202,0.030678601935505867,0.004914045799523592,-0.00031464966014027596,0.10473092645406723,-0.10083979368209839,-0.1050470769405365,0.10473091900348663,0.15252326428890228,0.14057135581970215,0.14406540989875793,0.04164743423461914,0.000868419127073139,1.0,0.2104784995317459,-0.04507334530353546,0.11200005561113358,0.22076331079006195,-0.027139058336615562,0.12701669335365295,0.2104784995317459,-0.04507334530353546,0.012000053189694881
45,APPROACH,0,0.15110450983047485,0.17717060446739197,0.1603991836309433,1.6212730407714844,0.00132906180806458,-4.343036863474481e-08,-1.8860859199776314e-05,0.16238972544670105,0.0009043780737556517,-0.009449410252273083,0.19530873000621796,0.09050168842077255,0.14850811660289764,0.030110780149698257,0.004918806720525026,-0.0003195523167960346,0.10495906323194504,-0.10135333985090256,-0.10528022795915604,0.10495905578136444,0.15570929646492004,0.14293324947357178,0.14546799659729004,0.04189404100179672,0.0008860412053763866,1.0,0.2104785293340683,-0.04507334157824516,0.11200004816055298,0.22040590643882751,-0.027825798839330673,0.1261441707611084,0.2104785293340683,-0.04507334157824516,0.012000045739114285
46,APPROACH,0,0.15512710809707642,0.18105614185333252,0.16304822266101837,1.6218252182006836,0.0013553855242207646,-4.4708702517937127e-08,-1.868074650701601e-05,0.1623632162809372,0.000887510075699538,-0.008716417476534843,0.1971968114376068,0.08953392505645752,0.14706161618232727,0.029626954346895218,0.004923745524138212,-0.00032433561864309013,0.10519164800643921,-0.10185233503580093,-0.10551771521568298,0.10519164800643921,0.15893596410751343,0.14523527026176453,0.14684784412384033,0.04215884208679199,0.0009035903494805098,1.0,0.2104785144329071,-0.04507334157824516,0.11200003325939178,0.22004370391368866,-0.028517084196209908,0.12528231739997864,0.2104785144329071,-0.04507334157824516,0.01200003083795309
47,APPROACH,0,0.15918947756290436,0.18491245806217194,0.1656598150730133,1.622368335723877,0.0013815995771437883,-4.6142584864128366e-08,-1.849924046837259e-05,0.1623334437608719,0.0008702226914465427,-0.008031473495066166,0.1991378366947174,0.08840973675251007,0.14562422037124634,0.02923898957669735,0.0049287984147667885,-0.000329082045936957,0.1054268330335617,-0.10233605653047562,-0.10575767606496811,0.10542681813240051,0.16220515966415405,0.14747153222560883,0.1482049524784088,0.04244454950094223,0.0009210663847625256,1.0,0.2104785293340683,-0.04507335275411606,0.11200001835823059,0.21967656910419464,-0.0292129535228014,0.12443158030509949,0.2104785293340683,-0.04507335275411606,0.012000016868114471
48,APPROACH,0,0.16329282522201538,0.18873608112335205,0.1682342290878296,1.6229047775268555,0.0014077047817409039,-4.769522377046087e-08,-1.831733425206039e-05,0.1623006910085678,0.0008525244193151593,-0.007391659542918205,0.2011360377073288,0.08711463212966919,0.1441950649023056,0.028952158987522125,0.004933946765959263,-0.0003337133675813675,0.10566385835409164,-0.10280484706163406,-0.1059994176030159,0.10566385090351105,0.16551873087882996,0.14963489770889282,0.14953987300395966,0.042755525559186935,0.0009384698932990432,1.0,0.21047864854335785,-0.04507330060005188,0.11199996620416641,0.21930450201034546,-0.029913419857621193,0.12359242141246796,0.21047864854335785,-0.04507330060005188,0.011999965645372868
49,DESCEND,0,0.16743838787078857,0.19252318143844604,0.17077180743217468,1.6234369277954102,0.001433701254427433,-4.923770902109936e-08,-1.8136001017410308e-05,0.16226527094841003,0.0008344255038537085,-0.00679425336420536,0.2031952291727066,0.08563067018985748,0.14277516305446625,0.02877848409116268,0.004939209204167128,-0.00033821380930021405,0.10590345412492752,-0.10326050966978073,-0.10624362528324127,0.10590344667434692,0.16860662400722504,0.151606023311615,0.15067780017852783,0.04306117817759514,0.0009558008750900626,1.0,0.21047866344451904,-0.04507330060005188,0.11199997365474701,0.2189273238182068,-0.03061879612505436,0.12276546657085419,0.21047866344451904,-0.04507330060005188,0.011999971233308315
50,DESCEND,0,0.17160776257514954,0.19626235961914062,0.17325976490974426,1.6239644289016724,0.0014596194960176945,-5.0668180762158954e-08,-1.7948723325389437e-05,0.1621878296136856,0.0008192609529942274,-0.0061947996728122234,0.2043529450893402,0.08351624757051468,0.14069914817810059,0.028597386553883553,0.004966601729393005,-0.00034438373404555023,0.10669244825839996,-0.10426269471645355,-0.10703887045383453,0.10669244825839996,0.12464933842420578,0.1977156102657318,0.13897041976451874,0.013434648513793945,0.0009730797028169036,1.0,0.21047869324684143,-0.04507330060005188,0.016999971121549606,0.21854691207408905,-0.031325869262218475,0.12195348739624023,0.21047869324684143,-0.04507330060005188,0.01199997030198574
51,DESCEND,0,0.17238527536392212,0.20312871038913727,0.17481975257396698,1.6221693754196167,0.0014854978071525693,-7.385033740092695e-08,-1.6447236703243107e-05,0.15314386785030365,0.0014662706525996327,0.0037311315536499023,0.038577523082494736,0.24703238904476166,0.08945605903863907,-0.08473411202430725,0.0101555110886693,-0.0007649687468074262,0.23533987998962402,-0.2358108013868332,-0.2361099272966385,0.2353399097919464,0.12519612908363342,0.2027207314968109,0.1393175721168518,0.011650959961116314,0.0009903318714350462,1.0,0.21047867834568024,-0.045073315501213074,0.016999954357743263,0.21849916875362396,-0.03146149963140488,0.12070494145154953,0.21047867834568024,-0.045073315501213074,0.011999954469501972
52,DESCEND,0,0.17313985526561737,0.21021582186222076,0.17619840800762177,1.620316982269287,0.0015081485034897923,-4.803994357871488e-08,-1.6258667528745718e-05,0.15170937776565552,0.0014351301360875368,0.004948669578880072,0.0375557579100132,0.24800193309783936,0.08706767112016678,-0.08736294507980347,0.0044614351354539394,-0.0003138792817480862,0.09600858390331268,-0.09770404547452927,-0.09632497280836105,0.09600858390331268,0.12573185563087463,0.20786026120185852,0.13954384624958038,0.009840091690421104,0.0010054323356598616,1.0,0.21047855913639069,-0.04507321119308472,0.01699994131922722,0.218463733792305,-0.031595032662153244,0.11944039165973663,0.21047855913639069,-0.04507321119308472,0.011999940499663353
53,DESCEND,0,0.17389722168445587,0.2173306792974472,0.17751473188400269,1.6184189319610596,0.0015332195907831192,-4.731606040309089e-08,-1.6176392819033936e-05,0.1524810791015625,0.0014056663494557142,0.003937131259590387,0.03736109286546707,0.24950584769248962,0.0844380334019661,-0.0896621122956276,0.002966702915728092,-0.00019509931735228747,0.05945568531751633,-0.0609322227537632,-0.05965318903326988,0.05945568531751633,0.12626992166042328,0.21301186084747314,0.13972759246826172,0.008003553375601768,0.00102214643266052,1.0,0.21047855913639069,-0.04507321119308472,0.016999924555420876,0.21842658519744873,-0.03172872215509415,0.11817717552185059,0.21047855913639069,-0.04507321119308472,0.011999924667179585
54,DESCEND,0,0.17465709149837494,0.2244727462530136,0.17876829206943512,1.6164758205413818,0.0015589033719152212,-4.895379390745802e-08,-1.6113755918922834e-05,0.15372568368911743,0.00137739023193717,0.0025352672673761845,0.0374361053109169,0.25101080536842346,0.08182675391435623,-0.09184378385543823,0.0027705891989171505,-0.00018038725829683244,0.05460158735513687,-0.055589865893125534,-0.054784517735242844,0.05460158362984657,0.12681010365486145,0.21817515790462494,0.139868825674057,0.006141821853816509,0.0010392689146101475,1.0,0.2104785442352295,-0.045073214918375015,0.016999952495098114,0.21838772296905518,-0.03186257928609848,0.11691532284021378,0.2104785442352295,-0.045073214918375015,0.011999951675534248
55,DESCEND,0,0.1754193753004074,0.23164153099060059,0.1799589991569519,1.6144877672195435,0.001584632438607514,-5.051305151937413e-08,-1.6045665688579902e-05,0.15492434799671173,0.0013501978246495128,0.0012737911893054843,0.03758768364787102,0.2524998188018799,0.07921813428401947,-0.09397859126329422,0.0029415725730359554,-0.0001958228531293571,0.0587429441511631,-0.05925796180963516,-0.058941423892974854,0.058742936700582504,0.12735235691070557,0.22334973514080048,0.13996754586696625,0.004255215637385845,0.0010564216645434499,1.0,0.2104785293340683,-0.045073192566633224,0.016999952495098114,0.2183472067117691,-0.031996533274650574,0.11565479636192322,0.2104785293340683,-0.045073192566633224,0.011999952606856823
56,DESCEND,0,0.17618416249752045,0.23883649706840515,0.18108688294887543,1.6124547719955444,0.001610237522982061,-5.203916231266703e-08,-1.5967123545124196e-05,0.15594545006752014,0.0013240178814157844,0.0002709313412196934,0.03775547444820404,0.2539667785167694,0.0766083300113678,-0.09608697146177292,0.0031870354432612658,-0.00021767080761492252,0.06473489105701447,-0.06486313045024872,-0.06495536118745804,0.06473488360643387,0.1278967559337616,0.22853505611419678,0.1400241255760193,0.002343813655897975,0.0010734917595982552,1.0,0.2104785442352295,-0.04507321119308472,0.016999946907162666,0.21830517053604126,-0.03213071450591087,0.1143956184387207,0.2104785442352295,-0.04507321119308472,0.011999947018921375
57,DESCEND,0,0.17695139348506927,0.2460571974515915,0.18215195834636688,1.6103781461715698,0.0016356764826923609,-5.355067145274006e-08,-1.5877320038271137e-05,0.15677648782730103,0.001298783696256578,-0.0004788392980117351,0.037922244518995285,0.2554095685482025,0.07399699836969376,-0.09817788004875183,0.0034202805254608393,-0.00023887152201496065,0.0704541876912117,-0.07028862088918686,-0.07069592922925949,0.0704541727900505,0.12844327092170715,0.23373106122016907,0.140038400888443,0.00040825208998285234,0.0010904510272666812,1.0,0.21047855913639069,-0.04507321119308472,0.016999930143356323,0.2182614803314209,-0.03226500004529953,0.11313772201538086,0.21047855913639069,-0.04507321119308472,0.011999931186437607
58,DESCEND,0,0.17772112786769867,0.25330308079719543,0.1831541806459427,1.6082582473754883,0.0016609460581094027,-5.4600658216941156e-08,-1.5778992747073062e-05,0.15743781626224518,0.0012744407868012786,-0.0010127027053385973,0.0380835197865963,0.2568281888961792,0.07138292491436005,-0.10025310516357422,0.0036200638860464096,-0.00025745577295310795,0.07537692040205002,-0.07499904930591583,-0.0756373479962349,0.07537692785263062,0.1289919763803482,0.2389371246099472,0.1400107741355896,-0.001550833461806178,0.001107297372072935,1.0,0.2104785442352295,-0.045073218643665314,0.01699995808303356,0.21821624040603638,-0.03239942714571953,0.11188115924596786,0.2104785442352295,-0.045073218643665314,0.01199995819479227
59,DESCEND,0,0.17849338054656982,0.26057377457618713,0.18409356474876404,1.6060949563980103,0.0016860535833984613,-5.5814890487226876e-08,-1.5673322195652872e-05,0.15795600414276123,0.001250936184078455,-0.0013712808722630143,0.03823953866958618,0.258221834897995,0.0687682256102562,-0.10230915248394012,0.003784983418881893,-0.0002733428555075079,0.07946430891752243,-0.0789409875869751,-0.07974068820476532,0.07946431636810303,0.12954303622245789,0.24415305256843567,0.13994111120700836,-0.0035336813889443874,0.0011240357998758554,1.0,0.2104785293340683,-0.04507335275411606,0.01700003817677498,0.2181694209575653,-0.03253400698304176,0.11062585562467575,0.2104785293340683,-0.04507335275411606,0.012000039219856262
60,DESCEND,0,0.1792682558298111,0.2678687870502472,0.18497009575366974,1.6038891077041626,0.0017110089538618922,-5.7048733737019575e-08,-1.5562512999167666e-05,0.15835587680339813,0.0012282169191166759,-0.0015907128108665347,0.03839155286550522,0.25959065556526184,0.06615211069583893,-0.10434910655021667,0.003919127397239208,-0.0002866962749976665,0.08281335234642029,-0.0821978971362114,-0.08310317993164062,0.08281335979700089,0.1300961971282959,0.249378502368927,0.13982975482940674,-0.005539576523005962,0.0011406727135181427,1.0,0.2104785293340683,-0.04507334902882576,0.017000021412968636,0.21812114119529724,-0.03266876935958862,0.1093718633055687,0.2104785293340683,-0.04507334902882576,0.012000021524727345
61,DESCEND,0,0.1800457239151001,0.275187611579895,0.18578381836414337,1.6016408205032349,0.001735821133479476,-5.8263264435254314e-08,-1.5448433259734884e-05,0.15865854918956757,0.0012062427122145891,-0.00170110200997442,0.038539573550224304,0.26093482971191406,0.06353557109832764,-0.1063699796795845,0.004027554299682379,-0.0002979619021061808,0.08554309606552124,-0.08487746864557266,-0.0858442634344101,0.08554309606552124,0.13065163791179657,0.25461310148239136,0.1396767646074295,-0.00756843900308013,0.0011572141665965319,1.0,0.2104785144329071,-0.04507334902882576,0.01700000651180744,0.2180713564157486,-0.0328037366271019,0.10811923444271088,0.2104785144329071,-0.04507334902882576,0.01200000662356615
62,DESCEND,0,0.18082597851753235,0.28252971172332764,0.1865348219871521,1.5993508100509644,0.0017604976892471313,-5.918639800484016e-08,-1.533139220555313e-05,0.15888166427612305,0.0011849667644128203,-0.0017270552925765514,0.03868505731225014,0.2622543275356293,0.060919586569070816,-0.10837271064519882,0.0041147503070533276,-0.00030741392401978374,0.08776247501373291,-0.087079256772995,-0.08807317167520523,0.08776247501373291,0.13120943307876587,0.25985658168792725,0.13948220014572144,-0.009619872085750103,0.0011736651649698615,1.0,0.21047864854335785,-0.04507330060005188,0.016999954357743263,0.21802009642124176,-0.032938916236162186,0.106867715716362,0.21047864854335785,-0.04507330060005188,0.011999954469501972
63,DESCEND,0,0.18160885572433472,0.2898947298526764,0.18722307682037354,1.5970194339752197,0.0017850452568382025,-6.024858834052793e-08,-1.5212874131975695e-05,0.15903964638710022,0.0011643465841189027,-0.0016883824719116092,0.038829248398542404,0.26354920864105225,0.05830380320549011,-0.11035647243261337,0.004184671677649021,-0.0003153897705487907,0.08956430107355118,-0.08888845145702362,-0.08988305926322937,0.08956430852413177,0.1317695826292038,0.26510852575302124,0.13924641907215118,-0.011693398468196392,0.0011900302488356829,1.0,0.2104785442352295,-0.045073214918375015,0.016999956220388412,0.21796736121177673,-0.03307422623038292,0.10561742633581161,0.2104785442352295,-0.045073214918375015,0.011999955400824547
64,DESCEND,0,0.18239445984363556,0.29728204011917114,0.18784867227077484,1.59464693069458,0.0018094696570187807,-6.126994378519157e-08,-1.5094177797436714e-05,0.15914425253868103,0.0011443451512604952,-0.0016009934479370713,0.0389726348221302,0.2648189663887024,0.055689889937639236,-0.11232011765241623,0.004240457899868488,-0.00032216182444244623,0.09102553874254227,-0.09037599712610245,-0.09135114401578903,0.09102554619312286,0.13233214616775513,0.27036866545677185,0.13896940648555756,-0.013789018616080284,0.0012063131434842944,1.0,0.2104785293340683,-0.04507319629192352,0.016999956220388412,0.2179132103919983,-0.03320976719260216,0.10436835139989853,0.2104785293340683,-0.04507319629192352,0.011999956332147121
65,DESCEND,0,0.18318292498588562,0.30469128489494324,0.18841169774532318,1.5922338962554932,0.0018337751971557736,-6.222798987209899e-08,-1.497518769610906e-05,0.15920504927635193,0.001124923350289464,-0.0014775454765185714,0.03911586105823517,0.26606419682502747,0.053077857941389084,-0.11426586657762527,0.00428485032171011,-0.0003278906224295497,0.0922105461359024,-0.09160137921571732,-0.09254197031259537,0.09221053868532181,0.132897287607193,0.2756366431713104,0.13865137100219727,-0.015906255692243576,0.0012225168757140636,1.0,0.2104785293340683,-0.04507321119308472,0.016999950632452965,0.21785768866539001,-0.03334551304578781,0.10312043130397797,0.2104785293340683,-0.04507321119308472,0.011999950744211674
66,DESCEND,0,0.1839742511510849,0.3121218979358673,0.18891216814517975,1.5897806882858276,0.001857966766692698,-6.310408906529119e-08,-1.4857043424854055e-05,0.15922999382019043,0.001106048352085054,-0.001328160404227674,0.03925963118672371,0.2672845721244812,0.05046752840280533,-0.11618983000516891,0.004319869913160801,-0.00033280407660640776,0.09316908568143845,-0.09261048585176468,-0.09350546449422836,0.09316908568143845,0.13346491754055023,0.2809121608734131,0.13829246163368225,-0.018044790253043175,0.0012386445887386799,1.0,0.2104785442352295,-0.04507321119308472,0.016999945044517517,0.21780076622962952,-0.033481478691101074,0.1018737182021141,0.2104785442352295,-0.04507321119308472,0.011999944224953651
67,DESCEND,0,0.1847684681415558,0.3195735216140747,0.1893501877784729,1.5872880220413208,0.001882046926766634,-6.36800763231804e-08,-1.473983775213128e-05,0.15922537446022034,0.0010876876767724752,-0.001160825020633638,0.039404064416885376,0.2684800624847412,0.04786057397723198,-0.1180947944521904,0.0043473439291119576,-0.00033695390447974205,0.09394364804029465,-0.09344275295734406,-0.094284288585186,0.09394364804029465,0.13403509557247162,0.28619492053985596,0.13789287209510803,-0.020204147323966026,0.0012546980287879705,1.0,0.2104785442352295,-0.04507320746779442,0.016999928280711174,0.21774247288703918,-0.03361770883202553,0.10062820464372635,0.2104785442352295,-0.04507320746779442,0.011999928392469883
68,DESCEND,0,0.18556563556194305,0.3270455002784729,0.18972578644752502,1.5847558975219727,0.0019060197519138455,-6.477674219240726e-08,-1.4624703908339143e-05,0.15919646620750427,0.0010698122205212712,-0.0009818652179092169,0.03954951465129852,0.26965105533599854,0.045256540179252625,-0.11997833847999573,0.004368627909570932,-0.0003405299794394523,0.0945676639676094,-0.09412919729948044,-0.09491196274757385,0.09456767141819,0.13460791110992432,0.291484534740448,0.13745282590389252,-0.022384246811270714,0.0012706798734143376,1.0,0.21047855913639069,-0.04507320746779442,0.016999922692775726,0.2176828682422638,-0.03375415876507759,0.09938377887010574,0.21047855913639069,-0.04507320746779442,0.01199992187321186
69,DESCEND,0,0.18636584281921387,0.3345373570919037,0.19003908336162567,1.5821847915649414,0.0019298875704407692,-6.556353326914177e-08,-1.45116700878134e-05,0.1591475009918213,0.0010523921810090542,-0.0007962576346471906,0.03969639167189598,0.27079734206199646,0.0426567867398262,-0.12184184789657593,0.004384848289191723,-0.00034363113809376955,0.09506785124540329,-0.09469463676214218,-0.09541530162096024,0.09506785124540329,0.1351834088563919,0.29678064584732056,0.13697241246700287,-0.024584850296378136,0.0012865917524322867,1.0,0.21047855913639069,-0.045073218643665314,0.01699991524219513,0.21762195229530334,-0.03389086574316025,0.09814047813415527,0.21047855913639069,-0.045073218643665314,0.011999915353953838
70,DESCEND,0,0.18716903030872345,0.342048704624176,0.1902901828289032,1.579575538635254,0.001953652361407876,-6.64573249764544e-08,-1.4400496183952782e-05,0.1590820997953415,0.001035399385727942,-0.0006079027079977095,0.03984507545828819,0.27191853523254395,0.04006123170256615,-0.12368527799844742,0.004396951291710138,-0.00034632423194125295,0.09546727687120438,-0.0951605960726738,-0.09581746906042099,0.09546726197004318,0.1357615888118744,0.3020831346511841,0.13645170629024506,-0.026805400848388672,0.001302434946410358,1.0,0.2104785293340683,-0.04507320374250412,0.01699995994567871,0.21755968034267426,-0.034027840942144394,0.09689819812774658,0.2104785293340683,-0.04507320374250412,0.011999960988759995
71,DESCEND,0,0.18797533214092255,0.34957900643348694,0.19047911465168,1.5769281387329102,0.0019773179665207863,-6.7458074681781e-08,-1.4291262232291047e-05,0.15900307893753052,0.001018810668028891,-0.0004197622765786946,0.0399954617023468,0.2730157673358917,0.03746965900063515,-0.12550775706768036,0.004405769985169172,-0.00034863431937992573,0.0957847535610199,-0.09554481506347656,-0.09613732993602753,0.0957847610116005,0.1363426297903061,0.3073914647102356,0.13589109480381012,-0.029045742005109787,0.0013182120164856315,1.0,0.21047866344451904,-0.04507330432534218,0.016999971121549606,0.21749623119831085,-0.034165073186159134,0.09565721452236176,0.21047866344451904,-0.04507330432534218,0.01199997030198574
72,DESCEND,0,0.18878482282161713,0.357127845287323,0.19060610234737396,1.5742433071136475,0.0020008848514407873,-6.801582230764325e-08,-1.4184317478793673e-05,0.158912792801857,0.001002600067295134,-0.00023414315364789218,0.04014813154935837,0.27408722043037415,0.03488418087363243,-0.12730902433395386,0.004411798901855946,-0.00035065787960775197,0.0960339829325676,-0.09586003422737122,-0.09638863056898117,0.0960339680314064,0.13692648708820343,0.31270551681518555,0.13529066741466522,-0.031305473297834396,0.0013339233119040728,1.0,0.21047864854335785,-0.04507332295179367,0.016999954357743263,0.2174314707517624,-0.034302592277526855,0.09441713243722916,0.21047864854335785,-0.04507332295179367,0.011999954469501972
73,DESCEND,0,0.1895974576473236,0.36469465494155884,0.19067110121250153,1.571521282196045,0.0020243553444743156,-6.865112567311371e-08,-1.407929630659055e-05,0.1588132232427597,0.0009867461631074548,-5.277583113638684e-05,0.04030309244990349,0.2751350998878479,0.03230380266904831,-0.12908917665481567,0.0044156028889119625,-0.0003523829800542444,0.09622744470834732,-0.09611812978982925,-0.09658389538526535,0.09622742235660553,0.13751310110092163,0.31802481412887573,0.13465073704719543,-0.0335843563079834,0.0013495702296495438,1.0,0.2104785442352295,-0.045073214918375015,0.016999948769807816,0.21736542880535126,-0.03444039821624756,0.09317819029092789,0.2104785442352295,-0.045073214918375015,0.011999948881566525
74,DESCEND,0,0.19041337072849274,0.37227898836135864,0.19067440927028656,1.5687628984451294,0.002047731773927808,-6.911106709139858e-08,-1.3977343769511208e-05,0.1587059497833252,0.0009712310857139528,0.0001230745401699096,0.04045999050140381,0.276157408952713,0.029730524867773056,-0.13084842264652252,0.004417558666318655,-0.0003539066528901458,0.0963752344250679,-0.09632865339517593,-0.09673327952623367,0.0963752269744873,0.13810265064239502,0.3233492374420166,0.13397131860256195,-0.03588191792368889,0.0013651545159518719,1.0,0.21047855913639069,-0.045073214918375015,0.01699994131922722,0.21729815006256104,-0.034578587859869,0.09194038808345795,0.21047855913639069,-0.045073214918375015,0.011999942362308502
75,DESCEND,0,0.19123265147209167,0.37988027930259705,0.19061605632305145,1.5659679174423218,0.0020710155367851257,-7.000545565460925e-08,-1.3878403478884138e-05,0.1585923731327057,0.0009560341131873429,0.0002924612781498581,0.040619343519210815,0.27715590596199036,0.027162864804267883,-0.1325862854719162,0.004418045282363892,-0.0003552403359208256,0.09648473560810089,-0.09649866819381714,-0.09684418141841888,0.0964847281575203,0.13869540393352509,0.32867830991744995,0.13325265049934387,-0.0381983146071434,0.0013806771021336317,1.0,0.21047861874103546,-0.045073214918375015,0.01699993386864662,0.21722978353500366,-0.034716952592134476,0.09070352464914322,0.21047861874103546,-0.045073214918375015,0.011999933049082756
76,DESCEND,0,0.19205529987812042,0.38749822974205017,0.19049620628356934,1.563137412071228,0.002094208262860775,-7.047145800243015e-08,-1.3781784218735993e-05,0.15847355127334595,0.0009411311475560069,0.00045473402133211493,0.04078194499015808,0.2781297266483307,0.024602359160780907,-0.1343037486076355,0.00441729836165905,-0.00035641013528220356,0.0965629443526268,-0.09663485735654831,-0.09692360460758209,0.0965629369020462,0.1392911672592163,0.33401188254356384,0.13249510526657104,-0.0405326709151268,0.0013961389195173979,1.0,0.2104785442352295,-0.04507319629192352,0.016999930143356323,0.217160165309906,-0.03485574573278427,0.08946768194437027,0.2104785442352295,-0.04507319629192352,0.011999931186437607
77,DESCEND,0,0.19288139045238495,0.3951322138309479,0.19031500816345215,1.5602713823318481,0.002117311581969261,-7.147798442019848e-08,-1.3688123544852715e-05,0.15835040807724,0.0009265110129490495,0.0006094853742979467,0.04094717279076576,0.2790790796279907,0.02204984426498413,-0.13599902391433716,0.004415496718138456,-0.0003574467555154115,0.09661433845758438,-0.09674157202243805,-0.09697609394788742,0.09661433845758438,0.13989003002643585,0.33934950828552246,0.13169875741004944,-0.04288506507873535,0.0014115411322563887,1.0,0.2104785293340683,-0.04507319629192352,0.016999967396259308,0.21708938479423523,-0.03499490022659302,0.08823289722204208,0.2104785293340683,-0.04507319629192352,0.011999966576695442
78,DESCEND,0,0.19371092319488525,0.4027818441390991,0.19007261097431183,1.5573707818984985,0.0021403273567557335,-7.196682361154672e-08,-1.3597283214039635e-05,0.15822376310825348,0.0009121549082919955,0.0007564807892777026,0.04111526161432266,0.28000423312187195,0.019505120813846588,-0.13767291605472565,0.0044129034504294395,-0.00035831311834044755,0.09664475917816162,-0.09682455658912659,-0.09700746089220047,0.09664476662874222,0.14049223065376282,0.3446912467479706,0.13086342811584473,-0.04525526612997055,0.0014268849045038223,1.0,0.21047867834568024,-0.04507330060005188,0.01699995808303356,0.21701742708683014,-0.03513433784246445,0.08699902892112732,0.21047867834568024,-0.04507330060005188,0.01199995819479227
79,DESCEND,0,0.19454404711723328,0.41044649481773376,0.18976911902427673,1.5544357299804688,0.002163256984204054,-7.254289613456422e-08,-1.350944694422651e-05,0.15809424221515656,0.0008980441489256918,0.0008955981465987861,0.041286807507276535,0.2809058129787445,0.01696718856692314,-0.13932716846466064,0.004409634508192539,-0.0003590835549402982,0.09665656089782715,-0.09688607603311539,-0.09702008962631226,0.09665656089782715,0.1410977691411972,0.35003626346588135,0.12999016046524048,-0.04764239117503166,0.0014421714004129171,1.0,0.2104785144329071,-0.04507334902882576,0.01700003817677498,0.2169443666934967,-0.035274118185043335,0.0857662558555603,0.2104785144329071,-0.04507334902882576,0.012000038288533688
80,DESCEND,0,0.19538083672523499,0.4181259274482727,0.18940484523773193,1.5514668226242065,0.0021861016284674406,-7.324489814664048e-08,-1.342403356829891e-05,0.1579623967409134,0.0008841658709570765,0.001026814104989171,0.041461795568466187,0.2817825376987457,0.014439635910093784,-0.14095960557460785,0.004405743908137083,-0.00035978382220491767,0.09665238112211227,-0.09692878276109695,-0.09701661765575409,0.09665237367153168,0.14170655608177185,0.3553847670555115,0.1290786862373352,-0.05004652589559555,0.0014574010856449604,1.0,0.2104784995317459,-0.04507334157824516,0.017000041902065277,0.21687017381191254,-0.035414353013038635,0.08453438431024551,0.2104784995317459,-0.04507334157824516,0.012000041082501411
81,DESCEND,0,0.1962212771177292,0.4258194863796234,0.18897981941699982,1.5484645366668701,0.0022088629193603992,-7.387278344594961e-08,-1.3342251804715488e-05,0.1578286588191986,0.0008705105865374207,0.0011502642882987857,0.041639745235443115,0.28263556957244873,0.011920694261789322,-0.14257028698921204,0.00440146354958415,-0.0003603617660701275,0.0966365709900856,-0.09695710241794586,-0.09700143337249756,0.0966365784406662,0.14231877028942108,0.36073625087738037,0.12812918424606323,-0.052467428147792816,0.001472575357183814,1.0,0.2104785293340683,-0.04507334902882576,0.01700003445148468,0.21679487824440002,-0.03555493801832199,0.08330356329679489,0.2104785293340683,-0.04507334902882576,0.012000034563243389
82,DESCEND,0,0.19706547260284424,0.43352675437927246,0.18849432468414307,1.545428991317749,0.0022315424866974354,-7.439693661126512e-08,-1.3262478205433581e-05,0.15769344568252563,0.0008570622885599732,0.0012660670327022672,0.04182109236717224,0.2834647297859192,0.009411330334842205,-0.14415927231311798,0.004396768752485514,-0.00036083534359931946,0.09660890698432922,-0.09697075933218002,-0.09697432816028595,0.09660890698432922,0.14293459057807922,0.3660905361175537,0.12714193761348724,-0.05490485951304436,0.0014876950299367309,1.0,0.2104785144329071,-0.045073337852954865,0.017000041902065277,0.21671846508979797,-0.0356958843767643,0.0820736363530159,0.2104785144329071,-0.045073337852954865,0.012000041082501411
83,DESCEND,0,0.19791358709335327,0.4412473738193512,0.18794852495193481,1.5423610210418701,0.0022541412618011236,-7.478341501609975e-08,-1.3186185242375359e-05,0.15755712985992432,0.0008438079385086894,0.0013743744930252433,0.042006295174360275,0.284270316362381,0.006911441683769226,-0.14572793245315552,0.004391707479953766,-0.0003612440195865929,0.09657130390405655,-0.0969717875123024,-0.09693717956542969,0.09657129645347595,0.14355403184890747,0.3714473247528076,0.1261172741651535,-0.05735834687948227,0.0015027609188109636,1.0,0.2104785293340683,-0.04507334530353546,0.017000028863549232,0.21664094924926758,-0.03583728149533272,0.0808446928858757,0.2104785293340683,-0.04507334530353546,0.012000028975307941
84,DESCEND,0,0.1987656205892563,0.44898077845573425,0.1873425543308258,1.539260983467102,0.002276660641655326,-7.543373214957683e-08,-1.311201231146697e-05,0.1574200689792633,0.0008307363023050129,0.0014754107687622309,0.04219522699713707,0.2850523293018341,0.004422205965965986,-0.14727571606636047,0.004386416170746088,-0.0003616064786911011,0.09652601182460785,-0.09696250408887863,-0.09689226746559143,0.09652602672576904,0.14417724311351776,0.376806378364563,0.12505540251731873,-0.05982748791575432,0.0015177738387137651,1.0,0.2104785293340683,-0.04507335275411606,0.017000027000904083,0.216562420129776,-0.03597908839583397,0.07961670309305191,0.2104785293340683,-0.04507335275411606,0.012000026181340218
85,DESCEND,0,0.19962166249752045,0.4567264914512634,0.18667669594287872,1.5361287593841553,0.0022991029545664787,-7.58711991011296e-08,-1.3040339581493754e-05,0.15728244185447693,0.0008178355055861175,0.0015693980967625976,0.04238833487033844,0.28581100702285767,0.0019438709132373333,-0.14880111813545227,0.004380872473120689,-0.0003618844202719629,0.0964728444814682,-0.09694281220436096,-0.09683942049741745,0.0964728444814682,0.1448042243719101,0.38216733932495117,0.12395651638507843,-0.06231260299682617,0.0015327353030443192,1.0,0.2104785293340683,-0.04507334902882576,0.01700000837445259,0.21648281812667847,-0.036121394485235214,0.07838954776525497,0.2104785293340683,-0.04507334902882576,0.0120000084862113
86,DESCEND,0,0.20048178732395172,0.4644840657711029,0.18595115840435028,1.5329653024673462,0.002321469597518444,-7.633515508587152e-08,-1.2971292562724557e-05,0.15714453160762787,0.000805097515694797,0.001656597713008523,0.04258529841899872,0.2865462899208069,-0.0005237793666310608,-0.1503061205148697,0.004375153686851263,-0.0003620923380367458,0.09641390293836594,-0.0969148576259613,-0.09678076207637787,0.09641388803720474,0.14543509483337402,0.3875301480293274,0.1228206604719162,-0.06481313705444336,0.001547646475955844,1.0,0.21047866344451904,-0.04507330432534218,0.01699996553361416,0.21640215814113617,-0.03626405820250511,0.07716342061758041,0.21047866344451904,-0.04507330432534218,0.011999965645372868
87,DESCEND,0,0.20134612917900085,0.47225314378738403,0.18516606092453003,1.5297712087631226,0.002343760570511222,-7.692756298638415e-08,-1.2904340110253543e-05,0.15700651705265045,0.0007925106910988688,0.0017372668953612447,0.04278647527098656,0.28725922107696533,-0.0029806275852024555,-0.1517905741930008,0.0043692998588085175,-0.00036227484815753996,0.09634986519813538,-0.09687952697277069,-0.09671692550182343,0.09634986519813538,0.14607009291648865,0.39289435744285583,0.1216484010219574,-0.06732837855815887,0.0015625071246176958,1.0,0.21047867834568024,-0.04507330432534218,0.01699995994567871,0.2163204550743103,-0.03640727698802948,0.07593812048435211,0.21047867834568024,-0.04507330432534218,0.011999959126114845
88,DESCEND,0,0.20221476256847382,0.48003309965133667,0.18432176113128662,1.526546597480774,0.0023659784346818924,-7.72907426949132e-08,-1.284009704249911e-05,0.15686863660812378,0.0007800652529112995,0.0018116575665771961,0.042992379516363144,0.28794869780540466,-0.005425082985311747,-0.1532532125711441,0.0043633016757667065,-0.0003623548545874655,0.09628118574619293,-0.09683717787265778,-0.09664838016033173,0.09628117829561234,0.14670926332473755,0.3982594907283783,0.12044032663106918,-0.06985807418823242,0.0015773189952597022,1.0,0.2104785293340683,-0.04507334530353546,0.017000049352645874,0.21623778343200684,-0.036551035940647125,0.07471378147602081,0.2104785293340683,-0.04507334530353546,0.012000048533082008
89,DESCEND,0,0.203087717294693,0.48782363533973694,0.1834184229373932,1.5232924222946167,0.002388124354183674,-7.769975240989879e-08,-1.2778601558238734e-05,0.1567310392856598,0.0007677527610212564,0.0018800244433805346,0.043203145265579224,0.28861430287361145,-0.007855577394366264,-0.15469445288181305,0.00435719545930624,-0.00036241207271814346,0.09620784968137741,-0.09678804874420166,-0.09657516330480576,0.0962078645825386,0.14735272526741028,0.40362581610679626,0.11919590085744858,-0.0724022388458252,0.001592082902789116,1.0,0.2104784995317459,-0.04507334530353546,0.017000041902065277,0.21615402400493622,-0.036695193499326706,0.07349034398794174,0.2104784995317459,-0.04507334530353546,0.01200004294514656
90,DESCEND,0,0.20396524667739868,0.4956243336200714,0.18245631456375122,1.5200085639953613,0.002410199726000428,-7.817589420255899e-08,-1.2719311598630156e-05,0.15659388899803162,0.0007555658230558038,0.001942655653692782,0.04341864958405495,0.2892581820487976,-0.01027496624737978,-0.15611405670642853,0.004351046867668629,-0.0003624432429205626,0.09613148123025894,-0.09673384577035904,-0.09649884700775146,0.09613151103258133,0.1480005979537964,0.4089929461479187,0.1179158091545105,-0.0749606341123581,0.0016067998949438334,1.0,0.2104785293340683,-0.04507334157824516,0.017000040039420128,0.2160693109035492,-0.03683992475271225,0.07226773351430893,0.2104785293340683,-0.04507334157824516,0.012000040151178837
91,DESCEND,0,0.20484723150730133,0.5034347176551819,0.181435689330101,1.5166956186294556,0.0024322057142853737,-7.875917873434446e-08,-1.2662521839956753e-05,0.15645724534988403,0.0007434943108819425,0.0019997870549559593,0.04363946244120598,0.2898796796798706,-0.01268076803535223,-0.15751445293426514,0.004344786051660776,-0.0003624337259680033,0.0960516557097435,-0.09667413681745529,-0.09641901403665543,0.0960516706109047,0.14865300059318542,0.4143604636192322,0.11660026013851166,-0.07753285020589828,0.0016214705538004637,1.0,0.2104785293340683,-0.04507334530353546,0.01700003445148468,0.2159835696220398,-0.03698517009615898,0.07104599475860596,0.2104785293340683,-0.04507334530353546,0.012000033631920815
92,DESCEND,0,0.20573391020298004,0.5112543106079102,0.18035674095153809,1.5133535861968994,0.0024541437160223722,-7.900998610921306e-08,-1.260812314285431e-05,0.15632134675979614,0.0007315321709029377,0.002051651943475008,0.04386569932103157,0.29047882556915283,-0.015073285438120365,-0.1588927060365677,0.004338483326137066,-0.0003623424272518605,0.09596841782331467,-0.09660912305116653,-0.0963357537984848,0.09596841037273407,0.14931009709835052,0.41972821950912476,0.11524951457977295,-0.08011889457702637,0.0016360958106815815,1.0,0.2104785144329071,-0.04507334902882576,0.017000019550323486,0.215896874666214,-0.03713095933198929,0.06982508301734924,0.2104785144329071,-0.04507334902882576,0.01200001873075962
93,DESCEND,0,0.20662541687488556,0.5190827250480652,0.17921975255012512,1.5099838972091675,0.0024760165251791477,-7.925554257326439e-08,-1.2555509783851448e-05,0.1561862975358963,0.0007196709048002958,0.002098482334986329,0.04409752041101456,0.2910560369491577,-0.01745227910578251,-0.16025061905384064,0.0043321275152266026,-0.0003622214717324823,0.09588270634412766,-0.09653983265161514,-0.09624996036291122,0.09588270634412766,0.14997199177742004,0.4250960052013397,0.11386387050151825,-0.08271797746419907,0.0016506777610629797,1.0,0.2104785442352295,-0.04507334902882576,0.01700001209974289,0.2158091515302658,-0.03727738559246063,0.06860512495040894,0.2104785442352295,-0.04507334902882576,0.012000013142824173
94,DESCEND,0,0.20752188563346863,0.5269196033477783,0.17802508175373077,1.5065860748291016,0.0024978241417557,-7.965379467123057e-08,-1.2505111044447403e-05,0.15605221688747406,0.0007079067290760577,0.0021405289880931377,0.044334981590509415,0.29161080718040466,-0.01981654390692711,-0.16158680617809296,0.00432575773447752,-0.0003620823554228991,0.09579475969076157,-0.0964665561914444,-0.09616190940141678,0.09579474478960037,0.15063878893852234,0.4304637312889099,0.11244340240955353,-0.08533041179180145,0.0016652161721140146,1.0,0.21047867834568024,-0.04507330805063248,0.016999950632452965,0.21572047472000122,-0.037424419075250626,0.0673859640955925,0.21047867834568024,-0.04507330805063248,0.011999950744211674
95,DESCEND,0,0.2084234058856964,0.5347644686698914,0.17677289247512817,1.503161072731018,0.0025195686612278223,-8.006017537809385e-08,-1.2457257071218919e-05,0.155919149518013,0.0006962312618270516,0.002178012393414974,0.04457831010222435,0.29214420914649963,-0.022167200222611427,-0.16290383040905,0.004319373983889818,-0.0003619144845288247,0.09570494294166565,-0.0963897705078125,-0.09607193619012833,0.09570494294166565,0.15131086111068726,0.4358307123184204,0.11098918318748474,-0.08795499801635742,0.0016797124408185482,1.0,0.2104785442352295,-0.04507321119308472,0.016999943181872368,0.21563081443309784,-0.037572041153907776,0.06616764515638351,0.2104785442352295,-0.04507321119308472,0.011999943293631077
96,DESCEND,0,0.20933005213737488,0.5426167845726013,0.17546354234218597,1.4997093677520752,0.0025412507820874453,-8.045811483725629e-08,-1.241083737113513e-05,0.15578725934028625,0.000684636936057359,0.002211100421845913,0.04482844099402428,0.2926557660102844,-0.02450033277273178,-0.16419796645641327,0.0043129087425768375,-0.0003617018519435078,0.09561219811439514,-0.09630849212408066,-0.0959790050983429,0.09561221301555634,0.15198831260204315,0.44119715690612793,0.10950060188770294,-0.09059222787618637,0.0016941672656685114,1.0,0.2104785293340683,-0.045073192566633224,0.016999945044517517,0.21554015576839447,-0.03772030025720596,0.06495016068220139,0.2104785293340683,-0.045073192566633224,0.011999944224953651
97,DESCEND,0,0.21024204790592194,0.5504763126373291,0.17409732937812805,1.496231198310852,0.002562873298302293,-8.066772494430552e-08,-1.2367175258987118e-05,0.15565669536590576,0.0006731158937327564,0.0022399993613362312,0.045085612684488297,0.2931457459926605,-0.026819782331585884,-0.16547177731990814,0.004306497983634472,-0.0003614324959926307,0.09551824629306793,-0.09622444212436676,-0.09588482230901718,0.09551826119422913,0.15267138183116913,0.4465627074241638,0.10797825455665588,-0.0932416170835495,0.0017085822764784098,1.0,0.2104785442352295,-0.045073192566633224,0.016999930143356323,0.21544848382472992,-0.037869229912757874,0.06373344361782074,0.2104785442352295,-0.045073192566633224,0.011999930255115032
98,DESCEND,0,0.21115954220294952,0.5583425760269165,0.1726745218038559,1.4927268028259277,0.0025844364427030087,-8.108505511472686e-08,-1.2325051102379803e-05,0.15552745759487152,0.0006616615573875606,0.0022649031598120928,0.04535021260380745,0.29361429810523987,-0.029123084619641304,-0.16672609746456146,0.004300064407289028,-0.00036118330899626017,0.09542274475097656,-0.09613743424415588,-0.0957891047000885,0.09542271494865417,0.15336021780967712,0.451927125453949,0.10642264783382416,-0.09590291976928711,0.001722957706078887,1.0,0.2104785442352295,-0.04507320374250412,0.016999918967485428,0.21535588800907135,-0.03801886364817619,0.06251763552427292,0.2104785442352295,-0.04507320374250412,0.011999919079244137
99,DESCEND,0,0.2120826542377472,0.5662153363227844,0.17119546234607697,1.4891968965530396,0.002605942077934742,-8.126605166580703e-08,-1.2284430340514518e-05,0.15539968013763428,0.0006502711912617087,0.0022859980817884207,0.0456223227083683,0.29406237602233887,-0.03140980377793312,-0.16795818507671356,0.004293654579669237,-0.00036085431929677725,0.09532589465379715,-0.09604767709970474,-0.0956919863820076,0.09532588720321655,0.15405505895614624,0.4572902321815491,0.10483398288488388,-0.09857575595378876,0.0017372947186231613,1.0,0.2104785442352295,-0.04507320746779442,0.016999967396259308,0.2152622938156128,-0.03816923871636391,0.061302583664655685,0.2104785442352295,-0.04507320746779442,0.011999967508018017
100,DESCEND,1,0.21301154792308807,0.5740936994552612,0.16966043412685394,1.4856414794921875,0.00262739066965878,-8.155937791798351e-08,-1.2246566257090308e-05,0.1552734375,0.0006389375776052475,0.00230345013551414,0.045902591198682785,0.294489324092865,-0.033679667860269547,-0.16916915774345398,0.004287236370146275,-0.00036054709926247597,0.0952276811003685,-0.0959552749991417,-0.09559345990419388,0.0952276736497879,0.15475627779960632,0.4626515507698059,0.10321255028247833,-0.10126011073589325,0.00175159377977252,-1.0,0.21047866344451904,-0.045073315501213074,0.01699994131922722,0.21516777575016022,-0.03832031786441803,0.06008853018283844,0.21047866344451904,-0.045073315501213074,0.011999941430985928
101,DESCEND,1,0.21394167840480804,0.5819698572158813,0.16806535422801971,1.4820635318756104,0.0026210597716271877,-7.414705294195301e-08,-0.030010830610990524,0.16299942135810852,0.030375752598047256,-0.006270432844758034,0.04847223311662674,0.2952088713645935,-0.03585047274827957,-0.1692284345626831,0.01788822002708912,-0.0016862687189131975,-1.0612342357635498,1.0541682243347168,1.0595428943634033,-1.0612342357635498,0.15546143054962158,0.46800467371940613,0.10155882686376572,-0.10395161807537079,0.0017473732586950064,-1.0,0.2104785442352295,-0.045073214918375015,0.01699994131922722,0.21507331728935242,-0.038471560925245285,0.05887667462229729,0.2104785442352295,-0.045073214918375015,0.011999941430985928
102,DESCEND,1,0.21488173305988312,0.5898570418357849,0.16641956567764282,1.4784609079360962,0.002633691066876054,-6.535715613154025e-08,-0.060009799897670746,0.18816204369068146,0.06015736982226372,-0.033140432089567184,0.04681278392672539,0.29529330134391785,-0.038180623203516006,-0.17131230235099792,0.0062381308525800705,-0.0005530682974494994,-1.3567675352096558,1.3473957777023315,1.3562102317810059,-1.3567675352096558,0.1561754047870636,0.47336071729660034,0.09987369179725647,-0.10665600001811981,0.0017557940445840359,-1.0,0.2104785293340683,-0.04507319629192352,0.01699994131922722,0.21497689187526703,-0.03862407058477402,0.05766445770859718,0.2104785293340683,-0.04507319629192352,0.011999942362308502
103,DESCEND,1,0.21582837402820587,0.5977497696876526,0.1647190898656845,1.4748343229293823,0.002649269299581647,-7.085668585204985e-08,-0.09000857919454575,0.21631820499897003,0.08995722979307175,-0.06229062005877495,0.046976249665021896,0.295617938041687,-0.04040404409170151,-0.1725301742553711,0.0053897518664598465,-0.0004686824104283005,-1.3800328969955444,1.3730230331420898,1.3795593976974487,-1.3800328969955444,0.1568966805934906,0.4787151515483856,0.09815673530101776,-0.10937094688415527,0.0017661795718595386,-1.0,0.2104785442352295,-0.04507320374250412,0.016999930143356323,0.21487931907176971,-0.03877740725874901,0.05645288527011871,0.2104785442352295,-0.04507320374250412,0.011999929323792458
104,DESCEND,1,0.2167816460132599,0.6056463718414307,0.1629643440246582,1.4711846113204956,0.0026653113309293985,-7.05806328937797e-08,-0.11959509551525116,0.244169682264328,0.11947522312402725,-0.09141507744789124,0.047196466475725174,0.2959445118904114,-0.04259864613413811,-0.17370913922786713,0.00480905594304204,-0.00040419033030048013,-1.338752031326294,1.3302481174468994,1.3383430242538452,-1.3387519121170044,0.15762537717819214,0.4840666651725769,0.09640898555517197,-0.1120956763625145,0.0017768742982298136,-1.0,0.2104785442352295,-0.04507321119308472,0.016999972984194756,0.2147808074951172,-0.03893163800239563,0.05524224042892456,0.2104785442352295,-0.04507321119308472,0.011999973095953465
105,DESCEND,1,0.21774156391620636,0.6135463714599609,0.16115550696849823,1.4675123691558838,0.0026809615083038807,-7.17765331614828e-08,-0.14754651486873627,0.27008241415023804,0.14746157824993134,-0.11923794448375702,0.04766568914055824,0.2962675988674164,-0.044777754694223404,-0.17474597692489624,0.005705549381673336,-0.0004870316479355097,-1.235472321510315,1.2254650592803955,1.2349803447723389,-1.2354724407196045,0.15836182236671448,0.48941513895988464,0.09463023394346237,-0.11482986062765121,0.0017873076722025871,-1.0,0.21047864854335785,-0.045073315501213074,0.01699996180832386,0.2146812230348587,-0.03908680006861687,0.05403248593211174,0.21047864854335785,-0.045073315501213074,0.011999961920082569
106,DESCEND,1,0.21870820224285126,0.6214491724967957,0.15929298102855682,1.4638175964355469,0.002694616559892893,-7.189584039224428e-08,-0.1738715022802353,0.29308170080184937,0.17381875216960907,-0.14420396089553833,0.048252835869789124,0.29658499360084534,-0.04693594574928284,-0.17571130394935608,0.007276963442564011,-0.0006336367223411798,-1.121754765510559,1.1113723516464233,1.1211161613464355,-1.121754765510559,0.15910649299621582,0.49475979804992676,0.09282197803258896,-0.11757286638021469,0.0017964111175388098,-1.0,0.2104784995317459,-0.04507334530353546,0.01700005680322647,0.21458064019680023,-0.03924277797341347,0.052823640406131744,0.2104784995317459,-0.04507334530353546,0.01200005691498518
107,DESCEND,1,0.21968179941177368,0.6293543577194214,0.15737715363502502,1.4601013660430908,0.0027059256099164486,-7.066265794719584e-08,-0.19866469502449036,0.3132309019565582,0.19864153861999512,-0.16644692420959473,0.048826973885297775,0.29687994718551636,-0.04907424375414848,-0.17666184902191162,0.00870596244931221,-0.0007659066468477249,-1.0164260864257812,1.005232810974121,1.0156551599502563,-1.0164260864257812,0.1598593294620514,0.5001007914543152,0.09098374098539352,-0.12032445520162582,0.0018039504066109657,-1.0,0.2104785144329071,-0.04507334902882576,0.017000041902065277,0.21447905898094177,-0.03939976170659065,0.051615770906209946,0.2104785144329071,-0.04507334902882576,0.012000041082501411
108,DESCEND,1,0.2206626832485199,0.6372621059417725,0.15540850162506104,1.4563629627227783,0.0027149124071002007,-6.878968861201429e-08,-0.22201524674892426,0.3308503031730652,0.22201918065547943,-0.18636280298233032,0.049359239637851715,0.29714930057525635,-0.051196131855249405,-0.17761003971099854,0.009807072579860687,-0.0008667760412208736,-0.9231597185134888,0.9108090996742249,0.9222881197929382,-0.9231597781181335,0.16062119603157043,0.5054380893707275,0.08911624550819397,-0.12308494746685028,0.001809941604733467,-1.0,0.2104785293340683,-0.04507334530353546,0.017000019550323486,0.21437637507915497,-0.039557717740535736,0.05040869116783142,0.2104785293340683,-0.04507334530353546,0.01200001873075962
109,DESCEND,1,0.22165115177631378,0.6451717019081116,0.1533873826265335,1.452604055404663,0.002721706870943308,-6.629839788274694e-08,-0.24400711059570312,0.3462914824485779,0.2440357655286789,-0.2043568640947342,0.04985188692808151,0.29739445447921753,-0.05329962819814682,-0.17855899035930634,0.010570736601948738,-0.0009357520611956716,-0.84162437915802,0.827885627746582,0.8406838178634644,-0.8416243195533752,0.16139280796051025,0.5107709765434265,0.08722028136253357,-0.1258528232574463,0.0018144713249057531,-1.0,0.2104784995317459,-0.045073337852954865,0.01700001023709774,0.2142726629972458,-0.03971659764647484,0.0492025762796402,0.2104784995317459,-0.045073337852954865,0.012000010348856449
110,DESCEND,1,0.222647562623024,0.653083086013794,0.15131434798240662,1.448824405670166,0.00272646127268672,-6.335422852998818e-08,-0.26471930742263794,0.3598746657371521,0.2647705674171448,-0.22078175842761993,0.05031457543373108,0.2976132035255432,-0.055380769073963165,-0.17950108647346497,0.011037429794669151,-0.0009770585456863046,-0.7704689502716064,0.7552140951156616,0.7694872617721558,-0.7704690098762512,0.16217418015003204,0.516099750995636,0.08529569208621979,-0.12862882018089294,0.0018176408484578133,-1.0,0.21047866344451904,-0.04507330805063248,0.016999967396259308,0.2141677886247635,-0.039876654744148254,0.047997280955314636,0.21047866344451904,-0.04507330805063248,0.011999968439340591
111,DESCEND,1,0.22365231812000275,0.6609957218170166,0.14918982982635498,1.4450244903564453,0.0027293311432003975,-6.000397689831516e-08,-0.2842264175415039,0.3718753755092621,0.28429800271987915,-0.23592767119407654,0.05075499415397644,0.2978101968765259,-0.05744071677327156,-0.18043717741966248,0.011257433332502842,-0.0009956049034371972,-0.7082225680351257,0.6914063692092896,0.7072225213050842,-0.7082226276397705,0.16296647489070892,0.5214235782623291,0.08334427326917648,-0.13141131401062012,0.001819554134272039,-1.0,0.21047867834568024,-0.04507330805063248,0.016999971121549606,0.21406187117099762,-0.0400378555059433,0.046792954206466675,0.21047867834568024,-0.04507330805063248,0.011999971233308315
112,DESCEND,1,0.2246658056974411,0.6689091920852661,0.1470143347978592,1.4412047863006592,0.0027304592076689005,-5.665556201961408e-08,-0.30259841680526733,0.3825265169143677,0.3026884198188782,-0.2500285506248474,0.05118444189429283,0.29798296093940735,-0.05947202816605568,-0.18136143684387207,0.011278163641691208,-0.0009960560128092766,-0.6535560488700867,0.6351966261863708,0.6525558233261108,-0.6535559892654419,0.16377048194408417,0.5267423391342163,0.08136605471372604,-0.1342005729675293,0.001820306177251041,-1.0,0.21047866344451904,-0.045073315501213074,0.016999946907162666,0.21395470201969147,-0.04020019993185997,0.04558945447206497,0.21047866344451904,-0.045073315501213074,0.011999947018921375
113,DESCEND,1,0.22568847239017487,0.6768235564231873,0.14478842914104462,1.437366008758545,0.002729979110881686,-5.3126228749533766e-08,-0.3199014961719513,0.3920234739780426,0.3200080394744873,-0.2632703483104706,0.05161183327436447,0.29813241958618164,-0.06147526204586029,-0.18227244913578033,0.011141294613480568,-0.0009823150467127562,-0.6053225994110107,0.5854849815368652,0.6043362617492676,-0.6053225994110107,0.16458651423454285,0.5320557951927185,0.07936230301856995,-0.1369953155517578,0.0018199861515313387,-1.0,0.2104785442352295,-0.04507320374250412,0.016999945044517517,0.213846355676651,-0.040363859385252,0.0443868413567543,0.2104785442352295,-0.04507320374250412,0.0119999460875988
114,DESCEND,1,0.22672083973884583,0.6847379803657532,0.14251269400119781,1.4335083961486816,0.002728011691942811,-4.970429756667727e-08,-0.3361976742744446,0.4005298614501953,0.33631908893585205,-0.27579978108406067,0.052042584866285324,0.298258900642395,-0.06344612687826157,-0.18316549062728882,0.010881982743740082,-0.0009577889577485621,-0.562556266784668,0.5413388013839722,0.5615947246551514,-0.562556266784668,0.16541625559329987,0.5373635292053223,0.07733273506164551,-0.13979586958885193,0.0018186745001003146,-1.0,0.2104785442352295,-0.04507321119308472,0.01699993386864662,0.21373668313026428,-0.0405287928879261,0.04318501800298691,0.2104785442352295,-0.04507321119308472,0.01199993398040533
115,DESCEND,1,0.22776338458061218,0.6926522850990295,0.14018774032592773,1.4296329021453857,0.0027246694080531597,-4.613797699448696e-08,-0.3515457510948181,0.4081829786300659,0.3516802191734314,-0.2877323031425476,0.0524863600730896,0.29836273193359375,-0.06538671255111694,-0.18404261767864227,0.010529551655054092,-0.0009251265437342227,-0.5244534611701965,0.5019774436950684,0.5235247611999512,-0.5244534611701965,0.1662600338459015,0.5426651239395142,0.07527877390384674,-0.1426011025905609,0.001816446310840547,-1.0,0.21047855913639069,-0.045073218643665314,0.016999918967485428,0.21362562477588654,-0.040695223957300186,0.041984137147665024,0.21047855913639069,-0.045073218643665314,0.011999919079244137
116,DESCEND,1,0.22881671786308289,0.7005662322044373,0.13781413435935974,1.4257397651672363,0.0027200544718652964,-4.259113239868384e-08,-0.3660007417201996,0.41509810090065,0.36614683270454407,-0.2991575300693512,0.05294661596417427,0.29844239354133606,-0.06729304045438766,-0.18489892780780792,0.010108201764523983,-0.000886604655534029,-0.4903358817100525,0.46673697233200073,0.48944592475891113,-0.49033594131469727,0.1671193689107895,0.5479601621627808,0.07320179045200348,-0.14540991187095642,0.0018133696867153049,-1.0,0.2104785293340683,-0.04507320001721382,0.01699995994567871,0.21351319551467896,-0.04086315259337425,0.04078420251607895,0.2104785293340683,-0.04507320001721382,0.01199996005743742
117,DESCEND,1,0.2298814207315445,0.7084792852401733,0.13539254665374756,1.4218297004699707,0.0027142588514834642,-3.914210822131281e-08,-0.3796146810054779,0.4213719069957733,0.3797707259654999,-0.31014484167099,0.05343068018555641,0.29849812388420105,-0.06916104257106781,-0.18573008477687836,0.00963766872882843,-0.0008439786615781486,-0.4596415162086487,0.43506312370300293,0.45879435539245605,-0.45964157581329346,0.16799569129943848,0.5532481670379639,0.07110175490379333,-0.14822229743003845,0.0018095059785991907,-1.0,0.21047867834568024,-0.045073315501213074,0.016999956220388412,0.21339929103851318,-0.04103268310427666,0.03958521783351898,0.21047867834568024,-0.045073315501213074,0.011999957263469696
118,DESCEND,1,0.23095877468585968,0.7163809537887573,0.13292327523231506,1.4179035425186157,0.0027072958182543516,-3.429509476404746e-08,-0.3924364149570465,0.42708367109298706,0.3926001787185669,-0.32074597477912903,0.06340079754590988,0.25396719574928284,-0.10875962674617767,-0.1552022397518158,0.012942819856107235,-0.007781729102134705,-0.41326141357421875,0.3873709440231323,0.41251981258392334,-0.41326141357421875,0.16888754069805145,0.5585194230079651,0.0689912959933281,-0.15102919936180115,0.0018048639176413417,-1.0,0.21047721803188324,-0.045072175562381744,0.017000846564769745,0.2132846564054489,-0.041204098612070084,0.03838864713907242,0.21047721803188324,-0.045072175562381744,0.012000846676528454
119,DESCEND,1,0.23185190558433533,0.7168532013893127,0.13360492885112762,1.4142225980758667,0.002699462929740548,-4.141558918036026e-08,-0.40451204776763916,0.42968636751174927,0.4048957824707031,-0.32826268672943115,0.07069462537765503,-0.1204604059457779,0.16724130511283875,-0.13801538944244385,0.02042919211089611,-0.017588432878255844,-0.33935409784317017,0.31256431341171265,0.3387036621570587,-0.33935415744781494,0.16940806806087494,0.5588350296020508,0.0695895254611969,-0.1533397138118744,0.0017996419919654727,-1.0,0.2104472815990448,-0.045155636966228485,0.016990704461932182,0.21328379213809967,-0.04136843979358673,0.03813760727643967,0.2104472815990448,-0.045155636966228485,0.011990704573690891
120,DESCEND,1,0.2325260490179062,0.7152650952339172,0.1358310580253601,1.4106682538986206,0.0026905378326773643,-3.0408894957645316e-08,-0.41588523983955383,0.43105340003967285,0.4165438711643219,-0.33481132984161377,0.03910718858242035,-0.13059993088245392,0.18812215328216553,-0.14385667443275452,0.011885985732078552,-0.0029112964402884245,-0.32606351375579834,0.29789528250694275,0.3252200186252594,-0.32606351375579834,0.16963234543800354,0.5579240918159485,0.07098479568958282,-0.15577992796897888,0.0017936918884515762,-1.0,0.2104244977235794,-0.04519902169704437,0.01698085106909275,0.21322563290596008,-0.04147885739803314,0.0381154790520668,0.2104244977235794,-0.04519902169704437,0.01198085118085146
121,DESCEND,1,0.23301425576210022,0.7135580778121948,0.13816677033901215,1.4071165323257446,0.0026796155143529177,-3.0857290056474085e-08,-0.42659667134284973,0.4338693916797638,0.4272305369377136,-0.34337157011032104,0.005212706513702869,-0.12530460953712463,0.19065137207508087,-0.15140075981616974,0.0030136704444885254,0.009471126832067966,-0.35792282223701477,0.3287387192249298,0.3571065068244934,-0.35792282223701477,0.1697876751422882,0.5569303035736084,0.07243706285953522,-0.15822601318359375,0.0017864103429019451,-1.0,0.21040455996990204,-0.04522835090756416,0.016973288729786873,0.2131686806678772,-0.04155531898140907,0.038105495274066925,0.21040455996990204,-0.04522835090756416,0.011973288841545582
122,DESCEND,1,0.23281647264957428,0.7118887305259705,0.14041078090667725,1.4035534858703613,0.0026767204981297255,-3.2459206522617023e-07,-0.43668392300605774,0.4389854669570923,0.43635767698287964,-0.3551815450191498,-0.2670620083808899,-0.12056761980056763,0.20021405816078186,-0.14235326647758484,0.03200988844037056,-0.01141886506229639,-0.08017301559448242,0.05485802888870239,0.07869619131088257,-0.08017297834157944,0.16978208720684052,0.555891752243042,0.07384669780731201,-0.16063499450683594,0.0017844804096966982,-1.0,0.21040594577789307,-0.045228760689496994,0.016972612589597702,0.21315085887908936,-0.041514672338962555,0.038094714283943176,0.21040594577789307,-0.045228760689496994,0.011972613632678986
123,DESCEND,1,0.2327929437160492,0.7103522419929504,0.1425728052854538,1.3999791145324707,0.0026562027633190155,-1.6762162147188064e-07,-0.44618546962738037,0.4514099955558777,0.4428994059562683,-0.3760552704334259,-0.11957551538944244,-0.12477198243141174,0.19612403213977814,-0.1423877775669098,0.012285688892006874,-0.0031283432617783546,-0.40045005083084106,0.37085795402526855,0.4003130793571472,-0.40045008063316345,0.1697741001844406,0.554964542388916,0.0751996785402298,-0.16306225955486298,0.001770801842212677,-1.0,0.21040917932987213,-0.045220568776130676,0.01697533018887043,0.2131277620792389,-0.041504841297864914,0.03806839883327484,0.21040917932987213,-0.045220568776130676,0.011975330300629139
124,DESCEND,1,0.23285146057605743,0.7087418437004089,0.14482522010803223,1.3964099884033203,0.0026492024771869183,-2.42815417550446e-07,-0.4551337957382202,0.4611295163631439,0.45045414566993713,-0.39218848943710327,-0.17837965488433838,-0.1252751648426056,0.19911408424377441,-0.14147540926933289,0.022252991795539856,-0.006800246424973011,-0.20097771286964417,0.17963331937789917,0.2001623809337616,-0.20097774267196655,0.1698206514120102,0.5539926886558533,0.07660888135433197,-0.16549071669578552,0.0017661349847912788,-1.0,0.21040146052837372,-0.045226939022541046,0.016972940415143967,0.21309401094913483,-0.04150760918855667,0.03804872930049896,0.21040146052837372,-0.045226939022541046,0.011972940526902676
125,DESCEND,1,0.23275956511497498,0.7071540951728821,0.1470279097557068,1.3928327560424805,0.0026354906149208546,-2.349271852608581e-07,-0.4635615348815918,0.470210462808609,0.45684078335762024,-0.4078773558139801,-0.1784651279449463,-0.12411117553710938,0.19810396432876587,-0.1407344937324524,0.021006865426898003,-0.007109297905117273,-0.20384830236434937,0.18233469128608704,0.20315760374069214,-0.20384827256202698,0.16981452703475952,0.5530267357826233,0.07797615230083466,-0.16792449355125427,0.0017569938208907843,-1.0,0.2104063332080841,-0.04522281885147095,0.016974449157714844,0.21307216584682465,-0.04148554801940918,0.038028281182050705,0.2104063332080841,-0.04522281885147095,0.011974450200796127
126,DESCEND,1,0.23278258740901947,0.7055700421333313,0.14924925565719604,1.38925302028656,0.0026218967977911234,-2.2392576681795617e-07,-0.47149893641471863,0.47856390476226807,0.46306708455085754,-0.4221869707107544,-0.1631455421447754,-0.12467814981937408,0.19737854599952698,-0.140892893075943,0.021512050181627274,-0.006447307299822569,-0.1675032079219818,0.1492733657360077,0.16674107313156128,-0.16750319302082062,0.16984151303768158,0.552072286605835,0.07935987412929535,-0.1703614443540573,0.0017479312373325229,-1.0,0.2104044109582901,-0.04522458463907242,0.01697380095720291,0.2130429595708847,-0.041482824832201004,0.03800652176141739,0.2104044109582901,-0.04522458463907242,0.011973802000284195
127,DESCEND,1,0.23274599015712738,0.7039781212806702,0.1514693945646286,1.385669469833374,0.002608192851766944,-2.408643808848865e-07,-0.4789743423461914,0.485351026058197,0.4689692258834839,-0.4344813823699951,-0.18100956082344055,-0.12402036786079407,0.19711053371429443,-0.14034503698349,0.02417573891580105,-0.007846325635910034,-0.10399973392486572,0.08769738674163818,0.10308647155761719,-0.10399973392486572,0.16985678672790527,0.5511082410812378,0.08073800057172775,-0.17280110716819763,0.0017387953121215105,-1.0,0.210405632853508,-0.04522499069571495,0.01697397232055664,0.21301700174808502,-0.04146989434957504,0.03798606991767883,0.210405632853508,-0.04522499069571495,0.011973973363637924
128,DESCEND,1,0.23272962868213654,0.7023974657058716,0.15368497371673584,1.3820812702178955,0.0025922616478055716,-2.3028101736599638e-07,-0.48601484298706055,0.49157974123954773,0.47443222999572754,-0.44600149989128113,-0.17081432044506073,-0.12401469051837921,0.19602558016777039,-0.14036183059215546,0.023857947438955307,-0.007494909688830376,-0.08988863229751587,0.07486170530319214,0.08899614214897156,-0.08988864719867706,0.1698734015226364,0.5501539707183838,0.08211451768875122,-0.17524354159832,0.0017281745094805956,-1.0,0.2104063183069229,-0.045225080102682114,0.016974059864878654,0.21299035847187042,-0.04146064817905426,0.0379643514752388,0.2104063183069229,-0.045225080102682114,0.011974059976637363
129,DESCEND,1,0.23271438479423523,0.700812816619873,0.15590685606002808,1.3784894943237305,0.002576332539319992,-2.3437581830876297e-07,-0.49264559149742126,0.49681970477104187,0.4796791076660156,-0.4561535120010376,-0.17457357048988342,-0.12383412569761276,0.19528687000274658,-0.14024369418621063,0.02527221478521824,-0.00804133154451847,-0.049368321895599365,0.03596913814544678,0.0483967661857605,-0.04936832934617996,0.16989342868328094,0.5491973161697388,0.08349409699440002,-0.17768868803977966,0.0017175551038235426,-1.0,0.21040667593479156,-0.045226115733385086,0.016973957419395447,0.21296338737010956,-0.04145141318440437,0.03794305771589279,0.21040667593479156,-0.045226115733385086,0.011973957531154156
130,DESCEND,1,0.23269064724445343,0.6992316246032715,0.15812639892101288,1.3748940229415894,0.002559270244091749,-2.340856752880427e-07,-0.4988905191421509,0.5013872981071472,0.48459184169769287,-0.4654353857040405,-0.17524100840091705,-0.12355861812829971,0.1944330781698227,-0.14011141657829285,0.025887351483106613,-0.008354663848876953,-0.024673432111740112,0.012264847755432129,0.0236818790435791,-0.024673372507095337,0.1699102371931076,0.5482429265975952,0.08487119525671005,-0.18013620376586914,0.0017061801627278328,-1.0,0.21040765941143036,-0.045226458460092545,0.016974011436104774,0.21293696761131287,-0.04144081100821495,0.03792151063680649,0.21040765941143036,-0.045226458460092545,0.011974011547863483
131,DESCEND,1,0.23267363011837006,0.6976519823074341,0.16034772992134094,1.3712947368621826,0.002541489666327834,-2.3220376021981792e-07,-0.5047720670700073,0.5053935647010803,0.48924127221107483,-0.4739426374435425,-0.17373111844062805,-0.12340400367975235,0.19349318742752075,-0.1401326209306717,0.02637026645243168,-0.00852790754288435,-0.0029603242874145508,-0.008449465036392212,0.00195428729057312,-0.0029603391885757446,0.16992905735969543,0.5472903847694397,0.08624950051307678,-0.18258611857891083,0.0016943265218287706,-1.0,0.2104083001613617,-0.04522707313299179,0.016974017024040222,0.21291020512580872,-0.04143129289150238,0.03789976239204407,0.2104083001613617,-0.04522707313299179,0.011974017135798931
132,DESCEND,1,0.2326541244983673,0.6960720419883728,0.1625707745552063,1.3676913976669312,0.0025231693871319294,-2.329026074221474e-07,-0.510311484336853,0.5088444948196411,0.49364393949508667,-0.48170506954193115,-0.17514897882938385,-0.1232207641005516,0.1926531195640564,-0.14007960259914398,0.027058109641075134,-0.008888576179742813,0.020158827304840088,-0.030700713396072388,-0.021185249090194702,0.020158782601356506,0.16994747519493103,0.5463379621505737,0.08762800693511963,-0.18503889441490173,0.0016821129247546196,-1.0,0.21040910482406616,-0.045227717608213425,0.016974035650491714,0.21288351714611053,-0.04142138734459877,0.037878140807151794,0.21040910482406616,-0.045227717608213425,0.011974034830927849
133,DESCEND,1,0.23263417184352875,0.6944951415061951,0.16479352116584778,1.3640841245651245,0.002504128497093916,-2.3204430021905864e-07,-0.5155283808708191,0.5118851661682129,0.49779245257377625,-0.4889133870601654,-0.17476052045822144,-0.1230207085609436,0.1917237937450409,-0.1400739848613739,0.02743050828576088,-0.009119301103055477,0.036893486976623535,-0.04675084352493286,-0.03791940212249756,0.036893486976623535,0.16996531188488007,0.5453879237174988,0.08900630474090576,-0.1874939650297165,0.0016694189980626106,-1.0,0.2104099690914154,-0.04522818699479103,0.01697405055165291,0.2128569632768631,-0.041411470621824265,0.03785625100135803,0.2104099690914154,-0.04522818699479103,0.011974051594734192
134,DESCEND,1,0.2326149195432663,0.6929185390472412,0.16701827943325043,1.3604737520217896,0.002484596101567149,-2.317449485644829e-07,-0.520442008972168,0.5145498514175415,0.501719057559967,-0.49559998512268066,-0.17511782050132751,-0.12284263968467712,0.1907699704170227,-0.14011617004871368,0.027876010164618492,-0.009387084282934666,0.0538560152053833,-0.06303396821022034,-0.05488520860671997,0.05385597050189972,0.16998416185379028,0.5444387197494507,0.0903845727443695,-0.1899515837430954,0.0016563974786549807,-1.0,0.21041078865528107,-0.04522880166769028,0.0169740729033947,0.21283015608787537,-0.041401516646146774,0.03783435374498367,0.21041078865528107,-0.04522880166769028,0.011974073015153408
135,DESCEND,1,0.23258459568023682,0.6912809014320374,0.16895692050457,1.3568403720855713,0.002464713528752327,-2.3479842070628365e-07,-0.5250695943832397,0.516607403755188,0.5054181218147278,-0.5015699863433838,-0.18460716307163239,-0.11198896169662476,0.170669287443161,-0.1504489779472351,0.027057742699980736,-0.007212306838482618,0.07739262282848358,-0.08577516674995422,-0.07851919531822205,0.07739266753196716,0.16997841000556946,0.5433874726295471,0.0917741060256958,-0.1922769546508789,0.0016431424301117659,-1.0,0.210410013794899,-0.0452289916574955,0.016973424702882767,0.21285085380077362,-0.04140084981918335,0.03783674165606499,0.210410013794899,-0.0452289916574955,0.01197342574596405
136,DESCEND,1,0.2325841337442398,0.6898764967918396,0.17102734744548798,1.3532209396362305,0.0024435764644294977,-2.2497383156405704e-07,-0.5294279456138611,0.5191231966018677,0.5088896751403809,-0.5079070925712585,-0.17137575149536133,-0.12234321981668472,0.19287307560443878,-0.14487028121948242,0.02695111371576786,-0.008355222642421722,0.06414270401000977,-0.0721915066242218,-0.06512823700904846,0.06414268910884857,0.17000776529312134,0.5425379276275635,0.0930880531668663,-0.1947093904018402,0.0016290510538965464,-1.0,0.21040990948677063,-0.04522903636097908,0.016973869875073433,0.21283286809921265,-0.04139649495482445,0.03779812157154083,0.21040990948677063,-0.04522903636097908,0.011973869986832142
137,DESCEND,1,0.23255333304405212,0.6883228421211243,0.17323559522628784,1.3496099710464478,0.0024230845738202333,-2.3352164646439633e-07,-0.5335326790809631,0.5210285186767578,0.5122249722480774,-0.5134490728378296,-0.18038702011108398,-0.12387999147176743,0.19454361498355865,-0.14411111176013947,0.028519177809357643,-0.009476413950324059,0.09321977198123932,-0.10057535767555237,-0.09425121545791626,0.09321984648704529,0.17002448439598083,0.5416018962860107,0.09445950388908386,-0.19716255366802216,0.0016153897158801556,-1.0,0.21041052043437958,-0.04522894695401192,0.016973963007330894,0.21280746161937714,-0.04138484597206116,0.03777465596795082,0.21041052043437958,-0.04522894695401192,0.011973963119089603
138,DESCEND,1,0.23253729939460754,0.686760425567627,0.1754540503025055,1.3459964990615845,0.002401401288807392,-2.2718387526765582e-07,-0.537398636341095,0.5228351354598999,0.515325665473938,-0.5188377499580383,-0.1742422878742218,-0.12401701509952545,0.19363434612751007,-0.14404310286045074,0.028190378099679947,-0.0093769496306777,0.09449179470539093,-0.10149991512298584,-0.09547993540763855,0.09449169039726257,0.17004311084747314,0.5406633615493774,0.09583427011966705,-0.19962041079998016,0.0016009341925382614,-1.0,0.21041105687618256,-0.0452292375266552,0.016974031925201416,0.21278083324432373,-0.04137560352683067,0.03775208443403244,0.21041105687618256,-0.0452292375266552,0.01197403110563755
139,DESCEND,1,0.23251695930957794,0.68519526720047,0.1776769906282425,1.3423799276351929,0.00237985304556787,-2.3042356644964457e-07,-0.5410396456718445,0.5243095755577087,0.5183034539222717,-0.5237419605255127,-0.17802637815475464,-0.12374093383550644,0.1927884966135025,-0.14407233893871307,0.028944121673703194,-0.009814695455133915,0.11278727650642395,-0.11914753913879395,-0.11379551887512207,0.11278721690177917,0.17006218433380127,0.53972327709198,0.09720996022224426,-0.2020811289548874,0.0015865687746554613,-1.0,0.21041178703308105,-0.04522990435361862,0.016973990947008133,0.21275416016578674,-0.041365575045347214,0.03772994875907898,0.21041178703308105,-0.04522990435361862,0.011973990127444267
140,DESCEND,1,0.23249614238739014,0.6836335062980652,0.17989787459373474,1.3387593030929565,0.0023575809318572283,-2.2812498912117007e-07,-0.5444689393043518,0.5256667137145996,0.5210891366004944,-0.5284623503684998,-0.17624394595623016,-0.12355764955282211,0.19176353514194489,-0.14406128227710724,0.028948206454515457,-0.00995488092303276,0.11772505939006805,-0.12375339865684509,-0.11870557069778442,0.11772507429122925,0.17008058726787567,0.5387858152389526,0.09858405590057373,-0.2045443058013916,0.0015717206988483667,-1.0,0.21041275560855865,-0.04523028805851936,0.01697402447462082,0.21272774040699005,-0.04135545715689659,0.037707503885030746,0.21041275560855865,-0.04523028805851936,0.011974024586379528
141,DESCEND,1,0.2324775606393814,0.6820729374885559,0.182121142745018,1.3351351022720337,0.0023351688869297504,-2.2882989014760824e-07,-0.5476986169815063,0.5268506407737732,0.5237436890602112,-0.5328959226608276,-0.1771765500307083,-0.12330326437950134,0.19072437286376953,-0.1441829949617386,0.029316142201423645,-0.010209542699158192,0.1287529021501541,-0.13425928354263306,-0.1297314167022705,0.1287529468536377,0.17009982466697693,0.5378498435020447,0.09995900839567184,-0.20701003074645996,0.001556779257953167,-1.0,0.21041357517242432,-0.04523088037967682,0.016974007710814476,0.21270105242729187,-0.041345756500959396,0.037684984505176544,0.21041357517242432,-0.04523088037967682,0.011974007822573185
142,DESCEND,1,0.2324560284614563,0.6805137991905212,0.18434423208236694,1.3315072059631348,0.0023123302962630987,-2.2799196131018107e-07,-0.5507404208183289,0.527912974357605,0.5262446999549866,-0.5371265411376953,-0.1769275963306427,-0.12308445572853088,0.18968279659748077,-0.1442478895187378,0.029475465416908264,-0.010425358079373837,0.13533832132816315,-0.14047494530677795,-0.13629907369613647,0.13533827662467957,0.1701182723045349,0.5369150042533875,0.10133320093154907,-0.20947813987731934,0.0015415535308420658,-1.0,0.21041463315486908,-0.04523127153515816,0.016974031925201416,0.2126746028661728,-0.04133552312850952,0.03766239434480667,0.21041463315486908,-0.04523127153515816,0.011974032036960125
143,DESCEND,1,0.23243717849254608,0.6789562702178955,0.186568483710289,1.3278757333755493,0.0022892472334206104,-2.2795323673108214e-07,-0.5536050796508789,0.5288626551628113,0.5286179184913635,-0.5411481857299805,-0.17703047394752502,-0.12285635620355606,0.18855449557304382,-0.1444145143032074,0.02970537170767784,-0.010625445283949375,0.143233984708786,-0.14792025089263916,-0.14418497681617737,0.1432340145111084,0.17013755440711975,0.5359818935394287,0.10270791500806808,-0.2119484841823578,0.001526164822280407,-1.0,0.2104155421257019,-0.04523182660341263,0.016974013298749924,0.21264800429344177,-0.041325777769088745,0.037639737129211426,0.2104155421257019,-0.04523182660341263,0.011974012479186058
144,DESCEND,1,0.23241600394248962,0.6774008274078369,0.1887930929660797,1.3242406845092773,0.002265863586217165,-2.2786409203945368e-07,-0.5563029050827026,0.5297102332115173,0.5308615565299988,-0.5449820756912231,-0.17727944254875183,-0.12259039282798767,0.18743133544921875,-0.14456409215927124,0.029901793226599693,-0.010842925868928432,0.149904265999794,-0.1542016565799713,-0.15084192156791687,0.14990422129631042,0.17015616595745087,0.5350505113601685,0.10408206284046173,-0.21442119777202606,0.001510575762949884,-1.0,0.21041662991046906,-0.045232199132442474,0.016974013298749924,0.2126215100288391,-0.041315604001283646,0.03761693835258484,0.21041662991046906,-0.045232199132442474,0.011974013410508633
145,DESCEND,1,0.23241214454174042,0.6758553385734558,0.19099941849708557,1.320600152015686,0.0022421565372496843,-2.257368834079898e-07,-0.5588440299034119,0.5304810404777527,0.5329961776733398,-0.5486427545547485,-0.1755569875240326,-0.12225230038166046,0.18723779916763306,-0.14382275938987732,0.029652442783117294,-0.010362474247813225,0.153498113155365,-0.15733042359352112,-0.15442511439323425,0.15349817276000977,0.17017678916454315,0.5341244339942932,0.10545521974563599,-0.21688978374004364,0.0014947711024433374,-1.0,0.21041662991046906,-0.04523259028792381,0.016974015161395073,0.21259641647338867,-0.04130898043513298,0.03759371489286423,0.21041662991046906,-0.04523259028792381,0.011974015273153782
146,DESCEND,1,0.2323841154575348,0.6743062734603882,0.19322119653224945,1.316957950592041,0.0022183635737746954,-2.290625218392961e-07,-0.5612372756004333,0.5311403274536133,0.5350073575973511,-0.552113950252533,-0.17979808151721954,-0.12208676338195801,0.18695029616355896,-0.14362452924251556,0.030125582590699196,-0.010787862353026867,0.16264891624450684,-0.16613465547561646,-0.1635720133781433,0.16264888644218445,0.17019307613372803,0.5331965684890747,0.10683028399944305,-0.21936416625976562,0.0014789090491831303,-1.0,0.21041737496852875,-0.04523218795657158,0.016974082216620445,0.21257059276103973,-0.04129769280552864,0.037570495158433914,0.21041737496852875,-0.04523218795657158,0.011974082328379154
147,DESCEND,1,0.23237095773220062,0.6727588772773743,0.19544534385204315,1.3133124113082886,0.002194072585552931,-2.2564400126157125e-07,-0.5634912252426147,0.5318508744239807,0.5368956923484802,-0.5555685758590698,-0.17637158930301666,-0.12208419293165207,0.18593192100524902,-0.1437249779701233,0.029954694211483,-0.010756297037005424,0.16292783617973328,-0.16603270173072815,-0.16382154822349548,0.16292783617973328,0.17021332681179047,0.5322719812393188,0.10820486396551132,-0.22184237837791443,0.0014627150958403945,-1.0,0.21041780710220337,-0.04523260518908501,0.016974080353975296,0.2125438153743744,-0.041288960725069046,0.03754705190658569,0.21041780710220337,-0.04523260518908501,0.01197407953441143
148,DESCEND,1,0.23234844207763672,0.6712120175361633,0.19767068326473236,1.3096635341644287,0.002169855171814561,-2.2863827098262846e-07,-0.5656139850616455,0.5324179530143738,0.5387028455734253,-0.5587712526321411,-0.1794494092464447,-0.12169305980205536,0.18489259481430054,-0.14391885697841644,0.030435938388109207,-0.01109296828508377,0.17313683032989502,-0.17577612400054932,-0.1740359663963318,0.17313694953918457,0.1702319085597992,0.5313477516174316,0.1095779538154602,-0.22432351112365723,0.0014465701533481479,-1.0,0.21041889488697052,-0.04523289203643799,0.016974054276943207,0.21251742541790009,-0.04127863794565201,0.03752370923757553,0.21041889488697052,-0.04523289203643799,0.01197405532002449
149,DESCEND,1,0.23233024775981903,0.6696688532829285,0.1998940259218216,1.3060110807418823,0.0021451562643051147,-2.2610156236169132e-07,-0.5676131844520569,0.5329897999763489,0.5403950214385986,-0.5619140267372131,-0.17735299468040466,-0.12150957435369492,0.18368645012378693,-0.1440897285938263,0.030361607670783997,-0.011162104085087776,0.1740959882736206,-0.17641723155975342,-0.1749693751335144,0.174096018075943,0.17025169730186462,0.5304263830184937,0.11095021665096283,-0.22680632770061493,0.0014301042538136244,-1.0,0.2104198932647705,-0.04523320496082306,0.016974084079265594,0.21249109506607056,-0.0412689708173275,0.037500057369470596,0.2104198932647705,-0.04523320496082306,0.011974083259701729
150,DESCEND,1,0.23231157660484314,0.6681221127510071,0.2021217793226242,1.3023552894592285,0.00212043896317482,-2.2816048783624865e-07,-0.5694961547851562,0.5334632992744446,0.5420180559158325,-0.564853310585022,-0.17913761734962463,-0.12447332590818405,0.18324624001979828,-0.14471739530563354,0.03075556829571724,-0.011424397118389606,0.183604434132576,-0.18545010685920715,-0.18448609113693237,0.1836044192314148,0.1702711433172226,0.5295034646987915,0.11232443898916245,-0.22929176688194275,0.0014136260142549872,-1.0,0.2104208916425705,-0.04523361101746559,0.01697404682636261,0.21246463060379028,-0.041259270161390305,0.03747692331671715,0.2104208916425705,-0.04523361101746559,0.011974047869443893
151,DESCEND,1,0.23223218321800232,0.6665506958961487,0.20409290492534637,1.2986794710159302,0.00209640059620142,-2.4967735612335673e-07,-0.5712695121765137,0.5335525870323181,0.5435648560523987,-0.5673209428787231,-0.20674918591976166,-0.12020658701658249,0.1673278659582138,-0.15665258467197418,0.03175889328122139,-0.011011864989995956,0.22637403011322021,-0.22709402441978455,-0.2274327576160431,0.22637394070625305,0.17026793956756592,0.528502345085144,0.1137026995420456,-0.23165933787822723,0.0013976003974676132,-1.0,0.2104208618402481,-0.04523371532559395,0.01697332039475441,0.21248111128807068,-0.041248634457588196,0.03747158125042915,0.2104208618402481,-0.04523371532559395,0.011973321437835693
152,DESCEND,1,0.23223821818828583,0.6651939153671265,0.20615388453006744,1.2950133085250854,0.002069162903353572,-2.1012620265992155e-07,-0.5729398727416992,0.5348590016365051,0.5448473691940308,-0.571099579334259,-0.16262690722942352,-0.12056449055671692,0.18207983672618866,-0.15115989744663239,0.02841615304350853,-0.010687803849577904,0.1488511860370636,-0.1504594087600708,-0.1495673954486847,0.14885112643241882,0.17030110955238342,0.5276912450790405,0.1150006651878357,-0.23412251472473145,0.001379441935569048,-1.0,0.21042214334011078,-0.04523409157991409,0.016974184662103653,0.21246401965618134,-0.041245754808187485,0.037430085241794586,0.21042214334011078,-0.04523409157991409,0.011974184773862362
153,DESCEND,1,0.23222535848617554,0.6636538505554199,0.208375483751297,1.291357398033142,0.002045100089162588,-2.3607734078723297e-07,-0.5745127201080322,0.5350759029388428,0.5463762879371643,-0.5733640193939209,-0.18614040315151215,-0.14586658775806427,0.18844479322433472,-0.15338823199272156,0.03207959234714508,-0.012379055842757225,0.21637819707393646,-0.21645736694335938,-0.21731942892074585,0.21637824177742004,0.17032623291015625,0.5267720818519592,0.11637389659881592,-0.23660437762737274,0.00136340013705194,-1.0,0.21042221784591675,-0.045235954225063324,0.016973771154880524,0.21243788301944733,-0.04123714566230774,0.03740730136632919,0.21042221784591675,-0.045235954225063324,0.011973771266639233
154,DESCEND,1,0.23219245672225952,0.6621229648590088,0.2105766385793686,1.2876964807510376,0.002018567407503724,-2.2295347434919677e-07,-0.5759941935539246,0.5357133746147156,0.5476195812225342,-0.5761749744415283,-0.1749802827835083,-0.14433977007865906,0.18737183511257172,-0.15216271579265594,0.030375266447663307,-0.011941755190491676,0.18605053424835205,-0.1866561770439148,-0.18685364723205566,0.18605050444602966,0.17033806443214417,0.525856614112854,0.11774028837680817,-0.23908376693725586,0.00134571164380759,-1.0,0.21042412519454956,-0.045234568417072296,0.01697421818971634,0.2124151885509491,-0.04122573509812355,0.0373845249414444,0.21042412519454956,-0.045234568417072296,0.011974219232797623
155,DESCEND,1,0.2322022020816803,0.6605920195579529,0.21280020475387573,1.2840341329574585,0.001993185607716441,-2.282244651041765e-07,-0.5773894786834717,0.5362161993980408,0.5489386320114136,-0.5786252617835999,-0.1785176694393158,-0.15219365060329437,0.1888096183538437,-0.1532743126153946,0.031116852536797523,-0.011769233271479607,0.2081718146800995,-0.2076880931854248,-0.20905137062072754,0.2081718146800995,0.17036521434783936,0.5249471068382263,0.1191149652004242,-0.24157023429870605,0.0013287904439494014,-1.0,0.21042293310165405,-0.04523615539073944,0.016973847523331642,0.21238751709461212,-0.041221003979444504,0.03736073896288872,0.21042293310165405,-0.04523615539073944,0.011973847635090351
156,DESCEND,1,0.23215870559215546,0.6590623259544373,0.21501751244068146,1.2803678512573242,0.0019671921618282795,-2.316066911589587e-07,-0.5787034630775452,0.5367092490196228,0.5501132607460022,-0.5810508728027344,-0.1835319995880127,-0.15195231139659882,0.1882801204919815,-0.15308955311775208,0.03143555298447609,-0.012440541759133339,0.20937925577163696,-0.2088504433631897,-0.21022865176200867,0.20937922596931458,0.17037765681743622,0.5240340232849121,0.12048452347517014,-0.24405710399150848,0.001311461441218853,-1.0,0.21042445302009583,-0.04523485153913498,0.016974084079265594,0.21236318349838257,-0.04120725765824318,0.03733735531568527,0.21042445302009583,-0.04523485153913498,0.011974085122346878
157,DESCEND,1,0.23216193914413452,0.6575347781181335,0.21723884344100952,1.2766985893249512,0.0019407798536121845,-2.2547300204678322e-07,-0.5799412131309509,0.5373793840408325,0.5512356162071228,-0.5835622549057007,-0.1761491745710373,-0.15760111808776855,0.18796154856681824,-0.1541358381509781,0.03076060116291046,-0.011831529438495636,0.20663878321647644,-0.20560085773468018,-0.20747390389442444,0.206638902425766,0.17040185630321503,0.5231277346611023,0.12185502052307129,-0.24654889106750488,0.0012938532745465636,-1.0,0.21042446792125702,-0.04523591697216034,0.016973987221717834,0.21233625710010529,-0.041201550513505936,0.037313565611839294,0.21042446792125702,-0.04523591697216034,0.011973988264799118
158,DESCEND,1,0.23213250935077667,0.6560053825378418,0.21946102380752563,1.2730261087417603,0.0019148011924698949,-2.3350990829840157e-07,-0.5811069011688232,0.5378586053848267,0.552330732345581,-0.5857582688331604,-0.18501175940036774,-0.15957459807395935,0.18728026747703552,-0.15491075813770294,0.03153432533144951,-0.01228336337953806,0.22199663519859314,-0.22045570611953735,-0.222866952419281,0.22199660539627075,0.17041847109794617,0.522217869758606,0.12322377413511276,-0.24904251098632812,0.0012765341671183705,-1.0,0.2104259729385376,-0.04523564875125885,0.016973987221717834,0.21231092512607574,-0.04119016230106354,0.037290286272764206,0.2104259729385376,-0.04523564875125885,0.011973986402153969
159,DESCEND,1,0.23212027549743652,0.6544845700263977,0.22167842090129852,1.2693495750427246,0.0018879711860790849,-2.2707230584728677e-07,-0.5822045207023621,0.5385464429855347,0.5533207654953003,-0.5881280303001404,-0.1786632388830185,-0.16218464076519012,0.18643712997436523,-0.15550419688224792,0.030787985771894455,-0.011911104433238506,0.2139246165752411,-0.212152361869812,-0.21475434303283691,0.2139245867729187,0.1704387366771698,0.5213152766227722,0.12459109723567963,-0.2515377402305603,0.0012586475349962711,-1.0,0.21042686700820923,-0.045235857367515564,0.01697400212287903,0.21228522062301636,-0.041181840002536774,0.03726624697446823,0.21042686700820923,-0.045235857367515564,0.011974003165960312
160,DESCEND,1,0.23210576176643372,0.6529582738876343,0.22390161454677582,1.2656704187393188,0.0018615786684677005,-2.3227210022014333e-07,-0.5832381844520569,0.5391032099723816,0.5543109774589539,-0.5902256369590759,-0.18407322466373444,-0.1667780876159668,0.18623048067092896,-0.15671642124652863,0.031199699267745018,-0.011887270025908947,0.2280709147453308,-0.22566437721252441,-0.22894400358200073,0.2280709147453308,0.17045865952968597,0.5204097032546997,0.12596045434474945,-0.25403547286987305,0.0012410525232553482,-1.0,0.21042785048484802,-0.04523618519306183,0.01697392761707306,0.21225930750370026,-0.041173070669174194,0.03724284470081329,0.21042785048484802,-0.04523618519306183,0.011973927728831768
161,DESCEND,1,0.23208454251289368,0.6514406800270081,0.22611872851848602,1.2619874477386475,0.001834605005569756,-2.305657744727796e-07,-0.5842119455337524,0.5397734045982361,0.5552073121070862,-0.5923935770988464,-0.18271180987358093,-0.16844195127487183,0.18543550372123718,-0.15719056129455566,0.03088982030749321,-0.01182463951408863,0.22531528770923615,-0.22267895936965942,-0.2261636108160019,0.22531533241271973,0.1704767644405365,0.5195090770721436,0.12732693552970886,-0.25653403997421265,0.0012230700813233852,-1.0,0.2104291170835495,-0.045235905796289444,0.016973964869976044,0.21223419904708862,-0.041163187474012375,0.03721880167722702,0.2104291170835495,-0.045235905796289444,0.011973965913057327
162,DESCEND,1,0.23207707703113556,0.6499210000038147,0.22833962738513947,1.2583014965057373,0.0018076596315950155,-2.3090349543508637e-07,-0.5851290225982666,0.5404395461082458,0.5560832023620605,-0.5944460034370422,-0.18305441737174988,-0.17309923470020294,0.18531374633312225,-0.15827634930610657,0.030741974711418152,-0.011462247930467129,0.23121725022792816,-0.22805088758468628,-0.2320844829082489,0.23121720552444458,0.17049799859523773,0.5186091661453247,0.12869498133659363,-0.25903552770614624,0.0012051064986735582,-1.0,0.2104298621416092,-0.045236341655254364,0.016973931342363358,0.21220821142196655,-0.041155681014060974,0.03719506412744522,0.2104298621416092,-0.045236341655254364,0.011973931454122066
163,DESCEND,1,0.23205463588237762,0.6484050154685974,0.23055779933929443,1.2546119689941406,0.0017805962124839425,-2.3381478797546151e-07,-0.5859926342964172,0.5411015152931213,0.5569042563438416,-0.5964173078536987,-0.18629992008209229,-0.17569415271282196,0.18495431542396545,-0.15890385210514069,0.03087785840034485,-0.011523636989295483,0.23678356409072876,-0.23324429988861084,-0.23765835165977478,0.23678350448608398,0.1705155074596405,0.5177103281021118,0.13006167113780975,-0.26153773069381714,0.0011870642192661762,-1.0,0.2104310542345047,-0.0452360138297081,0.0169739481061697,0.2121831476688385,-0.04114570468664169,0.037171173840761185,0.2104310542345047,-0.0452360138297081,0.01197394821792841
164,DESCEND,1,0.23204469680786133,0.6468777656555176,0.2327670007944107,1.2509186267852783,0.0017531014746055007,-2.3131798343456467e-07,-0.586806058883667,0.5418354868888855,0.5576719641685486,-0.5983879566192627,-0.18386231362819672,-0.18451349437236786,0.1867600828409195,-0.15836955606937408,0.030476588755846024,-0.010993893258273602,0.23697598278522491,-0.23307543992996216,-0.23785078525543213,0.23697596788406372,0.17053334414958954,0.5168027281761169,0.13143351674079895,-0.2640349268913269,0.0011687343940138817,-1.0,0.2104317545890808,-0.04523603245615959,0.016973942518234253,0.21216006577014923,-0.0411384254693985,0.03714967519044876,0.2104317545890808,-0.04523603245615959,0.011973942629992962
165,DESCEND,1,0.23203295469284058,0.6454308032989502,0.2349170595407486,1.2472187280654907,0.0017262179171666503,-2.381615189506192e-07,-0.5875722765922546,0.5424367189407349,0.5584343671798706,-0.6001086831092834,-0.18862850964069366,-0.1841430515050888,0.1908082664012909,-0.15484005212783813,0.03210730105638504,-0.011825303547084332,0.253349244594574,-0.24882811307907104,-0.2542513608932495,0.2533491849899292,0.17055988311767578,0.5159419775009155,0.1327744573354721,-0.2665274143218994,0.0011508120223879814,-1.0,0.21043244004249573,-0.045236892998218536,0.016973961144685745,0.21213993430137634,-0.04113154113292694,0.03711980953812599,0.21043244004249573,-0.045236892998218536,0.01197396032512188
166,DESCEND,1,0.2320219874382019,0.6439187526702881,0.2371405065059662,1.2435208559036255,0.001698007108643651,-2.295084300385497e-07,-0.5882939100265503,0.5430403351783752,0.5591109991073608,-0.6018075942993164,-0.1802760511636734,-0.19936078786849976,0.19428108632564545,-0.1528058648109436,0.03117869794368744,-0.011380193755030632,0.2437903881072998,-0.23935511708259583,-0.24464981257915497,0.24379044771194458,0.17058037221431732,0.5150466561317444,0.13414952158927917,-0.2690310478210449,0.0011320047779008746,-1.0,0.2104312777519226,-0.045236486941576004,0.016974281519651413,0.21211391687393188,-0.04112334921956062,0.037095800042152405,0.2104312777519226,-0.045236486941576004,0.011974281631410122
167,DESCEND,1,0.23196370899677277,0.642360508441925,0.23916034400463104,1.239808201789856,0.0016715822275727987,-2.569137222963036e-07,-0.588973343372345,0.5431803464889526,0.559847354888916,-0.602885901927948,-0.21350841224193573,-0.20363746583461761,0.18355412781238556,-0.15524804592132568,0.032447200268507004,-0.010193302296102047,0.3000238537788391,-0.2942091226577759,-0.30112022161483765,0.3000239133834839,0.17058275640010834,0.5140687823295593,0.13553497195243835,-0.2714359760284424,0.0011143882293254137,-1.0,0.21043042838573456,-0.0452372208237648,0.016973303630948067,0.21212448179721832,-0.041115205734968185,0.03709025681018829,0.21043042838573456,-0.0452372208237648,0.011973303742706776
168,DESCEND,1,0.2319241613149643,0.6410542130470276,0.2411918193101883,1.2360996007919312,0.0016427914379164577,-2.343642506730248e-07,-0.5896135568618774,0.5443252921104431,0.5602982044219971,-0.6051439046859741,-0.1847505271434784,-0.18928615748882294,0.1908605992794037,-0.15304970741271973,0.03238091617822647,-0.012437283992767334,0.24873124063014984,-0.24381130933761597,-0.24955880641937256,0.24873128533363342,0.1706089824438095,0.5132896900177002,0.1368105411529541,-0.27391839027404785,0.0010951943695545197,-1.0,0.21043488383293152,-0.04523631930351257,0.016974106431007385,0.21211297810077667,-0.04110521823167801,0.03704734519124031,0.21043488383293152,-0.04523631930351257,0.011974107474088669
169,DESCEND,1,0.23198620975017548,0.6395556926727295,0.2434162050485611,1.2324026823043823,0.0016143308021128178,-2.2340992700264906e-07,-0.5902163982391357,0.5447609424591064,0.5609950423240662,-0.6063539981842041,-0.173232764005661,-0.22408467531204224,0.20008501410484314,-0.15676213800907135,0.030349623411893845,-0.009693890810012817,0.2592470049858093,-0.25345081090927124,-0.2601795792579651,0.2592470645904541,0.17064663767814636,0.5124125480651855,0.13818371295928955,-0.2764251232147217,0.0010762205347418785,-1.0,0.21043096482753754,-0.04523913562297821,0.016973819583654404,0.21208281815052032,-0.04110947623848915,0.03702240809798241,0.21043096482753754,-0.04523913562297821,0.011973820626735687
170,DESCEND,1,0.2319185584783554,0.6380429267883301,0.24564597010612488,1.2287037372589111,0.0015871974173933268,-2.5239981482627627e-07,-0.5907838344573975,0.5450229644775391,0.5616469979286194,-0.6073402762413025,-0.20560237765312195,-0.21954025328159332,0.19789011776447296,-0.15215888619422913,0.03295205906033516,-0.011399298906326294,0.2924407422542572,-0.2862933278083801,-0.2934407591819763,0.2924407720565796,0.17065617442131042,0.5115141272544861,0.1395544409751892,-0.27893099188804626,0.0010581316892057657,-1.0,0.21043211221694946,-0.04523712024092674,0.01697394624352455,0.21205848455429077,-0.041091352701187134,0.036999501287937164,0.21043211221694946,-0.04523712024092674,0.011973945423960686
171,DESCEND,1,0.2319214642047882,0.636548638343811,0.24786090850830078,1.225000262260437,0.0015573676209896803,-2.235999119193366e-07,-0.5913186073303223,0.5462069511413574,0.5620846748352051,-0.6093762516975403,-0.17613252997398376,-0.22138652205467224,0.19578298926353455,-0.14999783039093018,0.029452132061123848,-0.00968931708484888,0.2419242262840271,-0.23619046807289124,-0.24275052547454834,0.2419241964817047,0.17067834734916687,0.5106355547904968,0.1409166306257248,-0.28144145011901855,0.0010382451582700014,-1.0,0.21043232083320618,-0.045237183570861816,0.01697416976094246,0.21203233301639557,-0.04108570143580437,0.03697497397661209,0.21043232083320618,-0.045237183570861816,0.011974168941378593
172,DESCEND,1,0.23192380368709564,0.6350396871566772,0.25008681416511536,1.2212952375411987,0.0015302207320928574,-2.446448945647717e-07,-0.5918221473693848,0.5467684864997864,0.5627191662788391,-0.6104860305786133,-0.19661401212215424,-0.22325092554092407,0.19900865852832794,-0.17642292380332947,0.031513579189777374,-0.010909317061305046,0.28495728969573975,-0.27796638011932373,-0.2859684228897095,0.2849574089050293,0.17070242762565613,0.5097482204437256,0.1422833353281021,-0.28395456075668335,0.0010201472323387861,-1.0,0.21043260395526886,-0.04523840546607971,0.016973648220300674,0.21200579404830933,-0.04107985645532608,0.03695227950811386,0.21043260395526886,-0.04523840546607971,0.011973649263381958
173,DESCEND,1,0.23187236487865448,0.6335793733596802,0.2522614300251007,1.2175829410552979,0.001501078950241208,-2.3748356170472107e-07,-0.5922963619232178,0.5477232336997986,0.5631477236747742,-0.6120942234992981,-0.19204607605934143,-0.21108300983905792,0.18961572647094727,-0.1749517023563385,0.03037780337035656,-0.010847478173673153,0.2606108784675598,-0.2540544271469116,-0.2615129053592682,0.2606109082698822,0.17071053385734558,0.5088843107223511,0.14362476766109467,-0.2864621579647064,0.00100071937777102,-1.0,0.21043626964092255,-0.04523542523384094,0.016974302008748055,0.2119857221841812,-0.04106571525335312,0.0369255356490612,0.21043626964092255,-0.04523542523384094,0.011974302120506763
174,DESCEND,1,0.23190587759017944,0.6321170330047607,0.25443804264068604,1.213868498802185,0.0014723669737577438,-2.330530151084531e-07,-0.5927430391311646,0.5486610531806946,0.5636572241783142,-0.6135132312774658,-0.18455272912979126,-0.22063541412353516,0.19348707795143127,-0.1748560518026352,0.030043696984648705,-0.009789536707103252,0.26676663756370544,-0.25940772891044617,-0.2677100896835327,0.26676660776138306,0.17074403166770935,0.5080235004425049,0.14497949182987213,-0.2889658808708191,0.0009815780213102698,-1.0,0.2104344367980957,-0.04523772373795509,0.01697397790849209,0.2119622379541397,-0.041066259145736694,0.03689926862716675,0.2104344367980957,-0.04523772373795509,0.011973978020250797
175,DESCEND,1,0.23186103999614716,0.6306479573249817,0.25663021206855774,1.2101529836654663,0.0014440572122111917,-2.4619933469693933e-07,-0.5931637287139893,0.5492401123046875,0.5641443729400635,-0.6144993901252747,-0.1988205909729004,-0.22647185623645782,0.19497650861740112,-0.17507946491241455,0.03202607482671738,-0.011223826557397842,0.29024985432624817,-0.28267979621887207,-0.29124197363853455,0.29024988412857056,0.17076048254966736,0.5071532726287842,0.1463356912136078,-0.2914726138114929,0.0009627048275433481,-1.0,0.21043482422828674,-0.04523651674389839,0.016974233090877533,0.21194015443325043,-0.04105283319950104,0.03687337785959244,0.21043482422828674,-0.04523651674389839,0.011974232271313667
176,DESCEND,1,0.23186944425106049,0.6291841864585876,0.25881654024124146,1.2064343690872192,0.0014143734006211162,-2.323738783616136e-07,-0.593559980392456,0.550136387348175,0.5645567774772644,-0.6158047914505005,-0.18408817052841187,-0.23417675495147705,0.1966746300458908,-0.17523695528507233,0.030451927334070206,-0.0101833026856184,0.2722972333431244,-0.2646816074848175,-0.2732372283935547,0.2722972631454468,0.17078599333763123,0.5062932968139648,0.1476866602897644,-0.29398441314697266,0.0009429156198166311,-1.0,0.21043501794338226,-0.04523728787899017,0.016974307596683502,0.21191667020320892,-0.041048869490623474,0.03684741631150246,0.21043501794338226,-0.04523728787899017,0.011974307708442211
177,DESCEND,1,0.23185493052005768,0.6277163028717041,0.26101091504096985,1.202713966369629,0.0013859611935913563,-2.457261132349231e-07,-0.5939331650733948,0.5506765246391296,0.5650430917739868,-0.6166021227836609,-0.19770430028438568,-0.23875916004180908,0.19826358556747437,-0.17571474611759186,0.031936611980199814,-0.010528703220188618,0.30019819736480713,-0.29195722937583923,-0.30122968554496765,0.30019819736480713,0.1708083599805832,0.5054287314414978,0.14904147386550903,-0.29649680852890015,0.0009239741484634578,-1.0,0.21043503284454346,-0.04523744061589241,0.016974207013845444,0.211893230676651,-0.04104068502783775,0.03682178258895874,0.21043503284454346,-0.04523744061589241,0.011974208056926727
178,DESCEND,1,0.23183241486549377,0.6262603402137756,0.2631952166557312,1.1989903450012207,0.0013561981031671166,-2.384518609233055e-07,-0.5942845940589905,0.5514711737632751,0.5654103755950928,-0.6177043914794922,-0.1905771940946579,-0.24313639104366302,0.19908089935779572,-0.17548324167728424,0.03125949949026108,-0.010520780459046364,0.2861901819705963,-0.2781635820865631,-0.2871593236923218,0.2861902117729187,0.17082791030406952,0.5045711398124695,0.15039032697677612,-0.2990097999572754,0.0009041320881806314,-1.0,0.21043585240840912,-0.045236777514219284,0.016974441707134247,0.21187099814414978,-0.04103129729628563,0.03679533302783966,0.21043585240840912,-0.045236777514219284,0.01197444275021553
179,DESCEND,1,0.23184014856815338,0.6247984766960144,0.2653859257698059,1.1952654123306274,0.0013270402560010552,-2.412964761333569e-07,-0.5946154594421387,0.5521391034126282,0.5658393502235413,-0.6185526847839355,-0.19242559373378754,-0.2502519190311432,0.201482355594635,-0.1759193241596222,0.03144434839487076,-0.009964055381715298,0.29896536469459534,-0.29038259387016296,-0.299990177154541,0.29896533489227295,0.170854389667511,0.5037136077880859,0.15174297988414764,-0.3015250563621521,0.0008846935234032571,-1.0,0.21043545007705688,-0.04523777961730957,0.01697424426674843,0.21184706687927246,-0.04102711379528046,0.036769650876522064,0.21043545007705688,-0.04523777961730957,0.011974243447184563
180,DESCEND,1,0.23180821537971497,0.6233458518981934,0.26757290959358215,1.1915372610092163,0.0012976054567843676,-2.4465813908136624e-07,-0.5949269533157349,0.5527754426002502,0.566211998462677,-0.6193604469299316,-0.19678780436515808,-0.25315922498703003,0.20213377475738525,-0.17577379941940308,0.03206079453229904,-0.010547888465225697,0.30391114950180054,-0.2953295409679413,-0.3049319386482239,0.30391108989715576,0.17087315022945404,0.5028578639030457,0.15309272706508636,-0.3040400445461273,0.0008650703239254653,-1.0,0.21043606102466583,-0.04523688182234764,0.01697447896003723,0.21182489395141602,-0.04101599007844925,0.036743178963661194,0.21043606102466583,-0.04523688182234764,0.01197447907179594
181,DESCEND,1,0.23181240260601044,0.6218932867050171,0.26975759863853455,1.1878067255020142,0.001267709070816636,-2.3908989987830864e-07,-0.5952205061912537,0.5535241961479187,0.5665711164474487,-0.6202380657196045,-0.19047436118125916,-0.26051437854766846,0.204372376203537,-0.1758989840745926,0.031388357281684875,-0.00984543189406395,0.3001942038536072,-0.2914055585861206,-0.3012109696865082,0.30019426345825195,0.1708984375,0.5020066499710083,0.15444117784500122,-0.306557834148407,0.0008451393805444241,-1.0,0.21043604612350464,-0.04523753747344017,0.01697441190481186,0.21180161833763123,-0.04101131856441498,0.03671706095337868,0.21043604612350464,-0.04523753747344017,0.011974412947893143
182,DESCEND,1,0.23179194331169128,0.6204428672790527,0.27194514870643616,1.1840742826461792,0.0012383225839585066,-2.468291881996265e-07,-0.5954967141151428,0.5540894269943237,0.5669459104537964,-0.6208574175834656,-0.19846123456954956,-0.26504606008529663,0.20589548349380493,-0.1759794056415558,0.032410528510808945,-0.010251677595078945,0.31625762581825256,-0.30718672275543213,-0.31731754541397095,0.3162575960159302,0.1709202527999878,0.5011540651321411,0.15579143166542053,-0.3090749680995941,0.0008255484281107783,-1.0,0.21043607592582703,-0.04523734003305435,0.01697448641061783,0.21177898347377777,-0.04100223258137703,0.03669077903032303,0.21043607592582703,-0.04523734003305435,0.011974486522376537
183,DESCEND,1,0.23175084590911865,0.6189415454864502,0.27391284704208374,1.1803253889083862,0.0012085081543773413,-2.524260196423711e-07,-0.5957569479942322,0.5544845461845398,0.5672644972801208,-0.6213166117668152,-0.20752033591270447,-0.27566948533058167,0.20016425848007202,-0.18581348657608032,0.03234093263745308,-0.009417105466127396,0.3320232033729553,-0.32269686460494995,-0.33317476511001587,0.3320232033729553,0.17092210054397583,0.5002144575119019,0.15715700387954712,-0.31148600578308105,0.0008056721417233348,-1.0,0.21043623983860016,-0.04523760452866554,0.01697402447462082,0.21179531514644623,-0.040998537093400955,0.036684971302747726,0.21043623983860016,-0.04523760452866554,0.011974023655056953
184,DESCEND,1,0.2317223846912384,0.6176990866661072,0.2759506404399872,1.1765871047973633,0.0011794721940532327,-2.603773623377492e-07,-0.5960022211074829,0.5551939010620117,0.5675700306892395,-0.6220525503158569,-0.2080880105495453,-0.27664270997047424,0.20912224054336548,-0.18177950382232666,0.03628650680184364,-0.012789960019290447,0.3578201234340668,-0.3481544554233551,-0.35896754264831543,0.3578200340270996,0.17096349596977234,0.4994850754737854,0.1584201455116272,-0.31399068236351013,0.0007863148348405957,-1.0,0.21043801307678223,-0.04523886740207672,0.016974154859781265,0.2117799073457718,-0.04098968580365181,0.036637596786022186,0.21043801307678223,-0.04523886740207672,0.011974154971539974
185,DESCEND,1,0.23176729679107666,0.6162682175636292,0.2781147360801697,1.1728553771972656,0.0011475571664050221,-2.2954041867251362e-07,-0.5962332487106323,0.5558335185050964,0.5678576827049255,-0.6227017045021057,-0.1792725920677185,-0.2881815731525421,0.2166944444179535,-0.18178236484527588,0.03128539025783539,-0.009410511702299118,0.3017337918281555,-0.2926138639450073,-0.3027500510215759,0.3017337918281555,0.17099228501319885,0.49865150451660156,0.15976542234420776,-0.31650203466415405,0.0007650381303392351,-1.0,0.21043571829795837,-0.04523925110697746,0.016974564641714096,0.21175658702850342,-0.040992408990859985,0.03661093860864639,0.21043571829795837,-0.04523925110697746,0.011974564753472805
186,DESCEND,1,0.23173165321350098,0.6148281693458557,0.28030112385749817,1.169123888015747,0.0011187323834747076,-2.577521343027911e-07,-0.596450686454773,0.5560120344161987,0.5682770013809204,-0.6227220296859741,-0.20858804881572723,-0.28935110569000244,0.21755070984363556,-0.18192504346370697,0.03470758721232414,-0.010919908992946148,0.3503398001194,-0.3405658006668091,-0.35149213671684265,0.3503398299217224,0.17101308703422546,0.4978044629096985,0.1611155867576599,-0.3190152049064636,0.0007458216277882457,-1.0,0.21043479442596436,-0.045238740742206573,0.016974400728940964,0.21173407137393951,-0.04098060354590416,0.036584869027137756,0.21043479442596436,-0.045238740742206573,0.011974401772022247
187,DESCEND,1,0.23171380162239075,0.613404393196106,0.2824628949165344,1.1653882265090942,0.0010870769619941711,-2.364584759106947e-07,-0.5966556072235107,0.5568552613258362,0.5684967041015625,-0.6235737204551697,-0.1875496506690979,-0.29383134841918945,0.21788932383060455,-0.18148371577262878,0.03235246613621712,-0.010242368094623089,0.3085907995700836,-0.2995237708091736,-0.30959662795066833,0.308590829372406,0.1710326075553894,0.49697089195251465,0.1624489277601242,-0.3215315341949463,0.0007247179746627808,-1.0,0.2104363888502121,-0.0452379547059536,0.01697484776377678,0.2117135226726532,-0.04097248986363411,0.03655803203582764,0.2104363888502121,-0.0452379547059536,0.011974847875535488
188,DESCEND,1,0.23172910511493683,0.6119694113731384,0.2846425473690033,1.161651849746704,0.001057528192177415,-2.48768401434063e-07,-0.5968486070632935,0.5573013424873352,0.5688812136650085,-0.6238234639167786,-0.19855396449565887,-0.29866886138916016,0.2203834503889084,-0.18180778622627258,0.03381260856986046,-0.009864953346550465,0.34186139702796936,-0.33190783858299255,-0.34299373626708984,0.341861367225647,0.1710623949766159,0.4961338937282562,0.16379414498806,-0.32404956221580505,0.0007050188141874969,-1.0,0.21043506264686584,-0.045239485800266266,0.016974400728940964,0.21168982982635498,-0.04096970334649086,0.036532189697027206,0.21043506264686584,-0.045239485800266266,0.011974399909377098
189,DESCEND,1,0.23168031871318817,0.6105504631996155,0.28680920600891113,1.157913088798523,0.0010267234174534678,-2.479634417795751e-07,-0.5970302224159241,0.5578383803367615,0.5691327452659607,-0.6242572665214539,-0.1993362307548523,-0.3004773259162903,0.22001004219055176,-0.18148252367973328,0.034123990684747696,-0.010695865377783775,0.3350224792957306,-0.32555922865867615,-0.33609992265701294,0.33502256870269775,0.17107784748077393,0.49530065059661865,0.16512911021709442,-0.3265664577484131,0.0006844822783023119,-1.0,0.21043644845485687,-0.0452377013862133,0.01697484590113163,0.21166957914829254,-0.040956031531095505,0.036505065858364105,0.21043644845485687,-0.0452377013862133,0.011974846012890339
190,DESCEND,1,0.23170365393161774,0.6091280579566956,0.28897690773010254,1.1541719436645508,0.0009958907030522823,-2.414508912806923e-07,-0.5972012877464294,0.5584715008735657,0.5694283843040466,-0.6247164011001587,-0.19114668667316437,-0.3059670925140381,0.22225505113601685,-0.18141919374465942,0.03329523280262947,-0.009473806247115135,0.33237847685813904,-0.32256534695625305,-0.33347025513648987,0.3323785066604614,0.17110787332057953,0.49447351694107056,0.16646608710289001,-0.32908695936203003,0.0006639271741732955,-1.0,0.2104359120130539,-0.045239172875881195,0.016974596306681633,0.21164670586585999,-0.0409548319876194,0.03647870197892189,0.2104359120130539,-0.045239172875881195,0.011974596418440342
191,DESCEND,1,0.23166584968566895,0.6077107191085815,0.29114851355552673,1.1504292488098145,0.0009657092741690576,-2.5348941790070967e-07,-0.5973623394966125,0.5588076114654541,0.5697270035743713,-0.6248390078544617,-0.20429453253746033,-0.3079233467578888,0.22271773219108582,-0.18136443197727203,0.03508244827389717,-0.010452834889292717,0.35376447439193726,-0.3438812494277954,-0.3549017310142517,0.35376453399658203,0.1711108535528183,0.4935559630393982,0.1678299605846405,-0.3315548300743103,0.0006438061827793717,-1.0,0.210436150431633,-0.045238181948661804,0.016974736005067825,0.21162542700767517,-0.04094294458627701,0.036451637744903564,0.210436150431633,-0.045238181948661804,0.01197473518550396
192,DESCEND,1,0.23166713118553162,0.6062988042831421,0.2933090031147003,1.1466875076293945,0.0009342114208266139,-2.4114413577080995e-07,-0.5975141525268555,0.5594412684440613,0.5699605941772461,-0.625302791595459,-0.19148392975330353,-0.31098219752311707,0.22340650856494904,-0.1807737499475479,0.033652059733867645,-0.009592519141733646,0.334246426820755,-0.3245418965816498,-0.33532604575157166,0.3342464566230774,0.17111359536647797,0.4926178455352783,0.16919569671154022,-0.3340061604976654,0.0006228076526895165,-1.0,0.2104366272687912,-0.04523848369717598,0.0169747993350029,0.21160385012626648,-0.04093809053301811,0.03642500936985016,0.2104366272687912,-0.04523848369717598,0.011974799446761608
193,DESCEND,1,0.23165707290172577,0.6049063205718994,0.2954559028148651,1.1429487466812134,0.0009039831347763538,-2.5072040443774313e-07,-0.5976570844650269,0.5597312450408936,0.5702658891677856,-0.6253252625465393,-0.20124776661396027,-0.3101636469364166,0.22353008389472961,-0.17974472045898438,0.035189591348171234,-0.009980401024222374,0.3582841753959656,-0.34822502732276917,-0.3594309091567993,0.3582841753959656,0.1711168736219406,0.49168431758880615,0.1705593317747116,-0.33644771575927734,0.0006026554619893432,-1.0,0.21043597161769867,-0.045238688588142395,0.01697465404868126,0.21158310770988464,-0.04093137010931969,0.03639674186706543,0.21043597161769867,-0.045238688588142395,0.011974654160439968
194,DESCEND,1,0.2316361367702484,0.6035082340240479,0.297606498003006,1.1392136812210083,0.0008725086809135973,-2.4425870037703135e-07,-0.5977917909622192,0.5601236820220947,0.5704904794692993,-0.6255146265029907,-0.19550392031669617,-0.31403079628944397,0.224423348903656,-0.17921248078346252,0.03468896076083183,-0.009878650307655334,0.3469431400299072,-0.3372425138950348,-0.3480435609817505,0.34694331884384155,0.1711156666278839,0.49075210094451904,0.17191873490810394,-0.33889240026474,0.0005816724733449519,-1.0,0.2104368507862091,-0.04523802548646927,0.01697487011551857,0.21156252920627594,-0.04092270880937576,0.03636951372027397,0.2104368507862091,-0.04523802548646927,0.011974869295954704
195,DESCEND,1,0.23163995146751404,0.6021103858947754,0.2997590899467468,1.1354824304580688,0.0008415993652306497,-2.4615277993689233e-07,-0.5979185104370117,0.5604114532470703,0.5707678198814392,-0.6255351305007935,-0.19689659774303436,-0.3168286383152008,0.22551734745502472,-0.178817480802536,0.03498118370771408,-0.009463822469115257,0.3567909002304077,-0.3468390107154846,-0.35792970657348633,0.3567909598350525,0.17112068831920624,0.48982346057891846,0.17327910661697388,-0.34133586287498474,0.0005610662628896534,-1.0,0.21043647825717926,-0.04523872211575508,0.016974719241261482,0.21154038608074188,-0.040918171405792236,0.03634266555309296,0.21043647825717926,-0.04523872211575508,0.011974719353020191
196,DESCEND,1,0.23161296546459198,0.6007221341133118,0.3019063472747803,1.1317540407180786,0.0008104361477307975,-2.483203900283115e-07,-0.5980378985404968,0.5606531500816345,0.5710082650184631,-0.6255340576171875,-0.19999812543392181,-0.3179405629634857,0.2254723757505417,-0.1782989203929901,0.03547637537121773,-0.009809872135519981,0.3601677417755127,-0.3503956198692322,-0.36130112409591675,0.36016780138015747,0.17111961543560028,0.48889753222465515,0.17463462054729462,-0.34377622604370117,0.0005402907845564187,-1.0,0.2104371041059494,-0.045238006860017776,0.01697491854429245,0.21151947975158691,-0.040908318012952805,0.03631521016359329,0.2104371041059494,-0.045238006860017776,0.011974919587373734
197,DESCEND,1,0.23161299526691437,0.5993378758430481,0.3040468394756317,1.1280285120010376,0.0007789555238559842,-2.4368185336243187e-07,-0.5981503129005432,0.5609828233718872,0.571244478225708,-0.625618577003479,-0.1953817903995514,-0.32016265392303467,0.22616934776306152,-0.177692249417305,0.03498871996998787,-0.009251877665519714,0.3560326397418976,-0.3462617099285126,-0.35715728998184204,0.35603266954421997,0.17112305760383606,0.4879758358001709,0.17598772048950195,-0.34621375799179077,0.0005193037213757634,-1.0,0.21043722331523895,-0.045238420367240906,0.01697486639022827,0.21149811148643494,-0.040903281420469284,0.0362880602478981,0.21043722331523895,-0.045238420367240906,0.01197486650198698
198,DESCEND,1,0.2315955013036728,0.5979577898979187,0.30618664622306824,1.1243064403533936,0.0007478256593458354,-2.484532899416081e-07,-0.5982561707496643,0.5611693263053894,0.5714925527572632,-0.6255375146865845,-0.2005172222852707,-0.3219948709011078,0.22663557529449463,-0.1772502213716507,0.03574857488274574,-0.00945557001978159,0.3666209578514099,-0.35683223605155945,-0.3677697777748108,0.3666209578514099,0.1711241900920868,0.487056702375412,0.1773393750190735,-0.34864911437034607,0.0004985504783689976,-1.0,0.2104373723268509,-0.04523817077279091,0.016974862664937973,0.21147704124450684,-0.04089509695768356,0.03626079857349396,0.2104373723268509,-0.04523817077279091,0.011974862776696682
199,DESCEND,1,0.23156318068504333,0.5964970588684082,0.3080933690071106,1.12057363986969,0.0007162937545217574,-2.5258256641791377e-07,-0.5983558297157288,0.5611100792884827,0.5717041492462158,-0.625247061252594,-0.20849493145942688,-0.33441418409347534,0.22159816324710846,-0.1878829002380371,0.03547480329871178,-0.008268378674983978,0.37994110584259033,-0.37013933062553406,-0.3811831474304199,0.3799409866333008,0.1711227297782898,0.48614463210105896,0.17868034541606903,-0.35103291273117065,0.0004775291890837252,-1.0,0.2104381024837494,-0.045238520950078964,0.016974374651908875,0.21149922907352448,-0.040894441306591034,0.036259617656469345,0.2104381024837494,-0.045238520950078964,0.011974373832345009
