step,state,force_close,jpos_shoulder_pan,jpos_shoulder_lift,jpos_elbow_flex,jpos_wrist_flex,jpos_wrist_roll,jpos_gripper,jpos_left_proximal,jpos_right_proximal,jpos_left_distal,jpos_right_distal,jvel_shoulder_pan,jvel_shoulder_lift,jvel_elbow_flex,jvel_wrist_flex,jvel_wrist_roll,jvel_gripper,jvel_left_proximal,jvel_right_proximal,jvel_left_distal,jvel_right_distal,action_0,action_1,action_2,action_3,action_4,action_5,target_ee_x,target_ee_y,target_ee_z,current_ee_x,current_ee_y,current_ee_z,cube_x,cube_y,cube_z
0,APPROACH,0,0.0,0.0,0.0,1.5700000524520874,0.0,0.0,0.0,0.0,0.0,0.0,0.0,0.0,0.0,0.0,0.0,0.0,0.0,0.0,0.0,0.0,0.041411299258470535,0.017560258507728577,0.05327688902616501,0.02302630804479122,1.0704543154660406e-11,1.0,0.2112959921360016,-0.048994116485118866,0.1120000034570694,0.23218289017677307,-0.00017702672630548477,0.1732701063156128,0.2112959921360016,-0.048994116485118866,0.012000000104308128
1,APPROACH,0,0.0030096678528934717,0.0032967105507850647,0.004089331720024347,1.5717769861221313,1.5777301086927764e-05,-1.5813196585501288e-10,-3.4914746720460244e-06,0.022270388901233673,0.000255564518738538,-0.02140328474342823,0.14101341366767883,0.06975709646940231,0.20259173214435577,0.08395116776227951,-0.025145774707198143,-0.00013555277837440372,-0.6250224709510803,0.630754292011261,0.6248868703842163,-0.6250225305557251,0.041658610105514526,0.0196926798671484,0.05778161436319351,0.025198698043823242,1.051821163855493e-05,1.0,0.2104758322238922,-0.0454731322824955,0.11236373335123062,0.23202736675739288,-0.000758451409637928,0.17218279838562012,0.2104758322238922,-0.0454731322824955,0.012363729067146778
2,APPROACH,0,0.00591930840164423,0.007001708727329969,0.008516867645084858,1.5736408233642578,5.3472514991881326e-05,-9.730100059002211e-11,-5.526358108909335e-06,0.045521028339862823,0.00035346561344340444,-0.042449306696653366,0.1350417286157608,0.06823164224624634,0.20863431692123413,0.08800982683897018,-0.02400287054479122,-6.175401358632371e-05,-0.5935766696929932,0.6071205735206604,0.5935148596763611,-0.5935766696929932,0.043433479964733124,0.02269638329744339,0.06061873957514763,0.026001136749982834,3.5648354241857305e-05,1.0,0.21047969162464142,-0.044925156980752945,0.11214709281921387,0.23185986280441284,-0.0013196086511015892,0.17098760604858398,0.21047969162464142,-0.044925156980752945,0.012147095054388046
3,APPROACH,0,0.008815547451376915,0.010739962570369244,0.012928949669003487,1.5754694938659668,9.165457595372573e-05,-9.465515177220496e-11,-7.478663974325173e-06,0.06661827862262726,0.0004396884760353714,-0.05996069312095642,0.13550135493278503,0.07002538442611694,0.20800931751728058,0.08694639801979065,-0.020283591002225876,4.479878953134175e-06,-0.5011659264564514,0.5215210914611816,0.5011705160140991,-0.501166045665741,0.04565052688121796,0.025596758350729942,0.06315457820892334,0.026671171188354492,6.110306276241317e-05,1.0,0.21047869324684143,-0.045073751360177994,0.11199992895126343,0.23168638348579407,-0.0018771681934595108,0.16979336738586426,0.21047869324684143,-0.045073751360177994,0.011999930255115032
4,APPROACH,0,0.01173185184597969,0.014501354657113552,0.01729431003332138,1.5772545337677002,0.00012909005454275757,-3.198955544903015e-10,-9.256920748157427e-06,0.08455824851989746,0.0005173810059204698,-0.07320556789636612,0.1376723200082779,0.07135021686553955,0.2063555270433426,0.08544687181711197,-0.016099968925118446,4.7816516598686576e-05,-0.39887735247612,0.42450106143951416,0.39892518520355225,-0.3988773822784424,0.04785240814089775,0.02846282534301281,0.06571929156780243,0.027374109253287315,8.60600484884344e-05,1.0,0.2104785293340683,-0.045073214918375015,0.11199992895126343,0.2315087467432022,-0.0024375636130571365,0.16860580444335938,0.2104785293340683,-0.045073214918375015,0.011999926529824734
5,APPROACH,0,0.014666399918496609,0.018279748037457466,0.021616386249661446,1.5790003538131714,0.00016541175136808306,-6.090142279369104e-10,-1.0839649803529028e-05,0.0993369072675705,0.0005882224650122225,-0.08247260749340057,0.139643132686615,0.07248745113611221,0.20499050617218018,0.084084652364254,-0.012211239896714687,6.957114237593487e-05,-0.3048206567764282,0.33420684933662415,0.30489033460617065,-0.30482062697410583,0.05007021129131317,0.031334832310676575,0.0682523176074028,0.028053998947143555,0.0001102745154639706,1.0,0.2104785293340683,-0.04507320746779442,0.11199996620416641,0.23132620751857758,-0.0030003362335264683,0.16742545366287231,0.2104785293340683,-0.04507320746779442,0.011999961920082569
6,APPROACH,0,0.017619509249925613,0.022074859589338303,0.02589563839137554,1.5807071924209595,0.0002006013091886416,-8.681632079898804e-10,-1.2243200217199046e-05,0.11135812103748322,0.0006525636417791247,-0.08842679858207703,0.14146073162555695,0.07359346747398376,0.2036559134721756,0.0826277881860733,-0.008897018618881702,7.520963117713109e-05,-0.22529743611812592,0.2571623623371124,0.22537276148796082,-0.22529739141464233,0.052303850650787354,0.03421250730752945,0.07075423002243042,0.028711002320051193,0.0001337342255283147,1.0,0.21047867834568024,-0.04507331922650337,0.11199995130300522,0.23113884031772614,-0.0035656504333019257,0.1662522852420807,0.21047867834568024,-0.04507331922650337,0.011999950744211674
7,APPROACH,0,0.020591523498296738,0.025886433199048042,0.03013218194246292,1.5823761224746704,0.00023478633374907076,-1.283848471977933e-09,-1.3485648196365219e-05,0.12108464539051056,0.0007108923746272922,-0.09174441546201706,0.1431272178888321,0.07467194646596909,0.2023387998342514,0.08109240233898163,-0.00616409769281745,6.98516596457921e-05,-0.16011320054531097,0.19342459738254547,0.16018328070640564,-0.1601131409406662,0.05455350875854492,0.03709518909454346,0.07322565466165543,0.029346387833356857,0.00015652424190193415,1.0,0.21047855913639069,-0.04507321119308472,0.11199993640184402,0.2309466302394867,-0.004133448004722595,0.16508609056472778,0.21047855913639069,-0.04507321119308472,0.011999936774373055
8,APPROACH,0,0.023582762107253075,0.02971414290368557,0.03432614728808403,1.584006428718567,0.0002681193873286247,-1.831558016363033e-09,-1.4583977645088453e-05,0.1289377510547638,0.0007636656519025564,-0.09301500022411346,0.14466418325901031,0.075724296271801,0.20103074610233307,0.07950436323881149,-0.003943991381675005,5.743927613366395e-05,-0.1073957309126854,0.14134810864925385,0.10745338350534439,-0.10739573836326599,0.05681959539651871,0.03998274356126785,0.07566621899604797,0.02995952032506466,0.0001787462824722752,1.0,0.21047855913639069,-0.04507321119308472,0.11199992150068283,0.2307497262954712,-0.0047037648037076,0.16392704844474792,0.21047855913639069,-0.04507321119308472,0.011999920941889286
9,APPROACH,0,0.026593564078211784,0.03355766460299492,0.03847761079668999,1.5855988264083862,0.0003007394843734801,-2.3611876898144146e-09,-1.5555793652310967e-05,0.13527408242225647,0.0008112937794066966,-0.09272503852844238,0.14609667658805847,0.07675416022539139,0.19972282648086548,0.07787659764289856,-0.002154134213924408,4.082349187228829e-05,-0.0650293305516243,0.09900610893964767,0.06507040560245514,-0.06502938270568848,0.05910254269838333,0.04287455603480339,0.0780760645866394,0.030551036819815636,0.0002004930138355121,1.0,0.2104785293340683,-0.04507320374250412,0.11199995875358582,0.23054811358451843,-0.005276516079902649,0.162774920463562,0.2104785293340683,-0.04507320374250412,0.011999956332147121
10,APPROACH,0,0.02962425909936428,0.03741663321852684,0.04258669912815094,1.5871537923812866,0.00033276694011874497,-2.8843893939978216e-09,-1.6412834156653844e-05,0.14038698375225067,0.0008541526622138917,-0.0912662148475647,0.1474476158618927,0.07776246219873428,0.19841060042381287,0.07622469216585159,-0.0007172371842898428,2.1960342564852908e-05,-0.031092919409275055,0.06463033705949783,0.031115148216485977,-0.03109303116798401,0.06140236184000969,0.04577026888728142,0.08045541495084763,0.03112141415476799,0.00022184464614838362,1.0,0.2104785442352295,-0.04507320746779442,0.11199995130300522,0.23034192621707916,-0.005851960275322199,0.1616297960281372,0.2104785442352295,-0.04507320746779442,0.011999950744211674
11,APPROACH,0,0.032675158232450485,0.04129067063331604,0.046653490513563156,1.5886708498001099,0.00036429971805773675,-3.45839690218952e-09,-1.716782026051078e-05,0.14451472461223602,0.0008925895090214908,-0.08894998580217361,0.148734912276268,0.07875028997659683,0.19709226489067078,0.0745590478181839,0.00043311755871400237,2.1724215457652463e-06,-0.00396081293001771,0.03671716898679733,0.003963261842727661,-0.003960788249969482,0.06371959298849106,0.048669397830963135,0.08280427753925323,0.03167041391134262,0.00024286650295834988,1.0,0.21047855913639069,-0.04507321119308472,0.11199994385242462,0.2301311492919922,-0.0064298659563064575,0.16049164533615112,0.21047855913639069,-0.04507321119308472,0.011999944224953651
12,APPROACH,0,0.035746585577726364,0.04517936334013939,0.05067810043692589,1.590151071548462,0.000395416805986315,-4.2505075015242255e-09,-1.7831564036896452e-05,0.14784978330135345,0.0009269177680835128,-0.08602205663919449,0.14997494220733643,0.07971814274787903,0.1957661211490631,0.072884202003479,0.0013519525527954102,-1.7652480892138556e-05,0.017700619995594025,0.014029297977685928,-0.017717983573675156,0.017700612545013428,0.06605436652898788,0.05157133564352989,0.08512284606695175,0.032198987901210785,0.00026361123309470713,1.0,0.21047855913639069,-0.04507321119308472,0.11199993640184402,0.22991585731506348,-0.007010415196418762,0.15936046838760376,0.21047855913639069,-0.04507321119308472,0.011999936774373055
13,APPROACH,0,0.03883884474635124,0.04908223822712898,0.05466058477759361,1.5915945768356323,0.0004261829308234155,-4.9140762570232255e-09,-1.8413044017506763e-05,0.15054728090763092,0.0009574285359121859,-0.08267493546009064,0.15117990970611572,0.08066591620445251,0.19443154335021973,0.0712091326713562,0.002084723673760891,-3.694136830745265e-05,0.03497651591897011,-0.004442792385816574,-0.03501317277550697,0.03497648239135742,0.0684071034193039,0.054475560784339905,0.08741116523742676,0.032707296311855316,0.00028412198298610747,1.0,0.2104785293340683,-0.045073192566633224,0.11199992150068283,0.22969605028629303,-0.0075936084613204,0.15823614597320557,0.2104785293340683,-0.045073192566633224,0.011999922804534435
14,APPROACH,0,0.04195226728916168,0.05299883708357811,0.05860106274485588,1.5930017232894897,0.00045664963545277715,-5.65120350515258e-09,-1.8920571164926514e-05,0.15273185074329376,0.0009843884035944939,-0.07905855029821396,0.15236049890518188,0.08159269392490387,0.19308774173259735,0.06953677535057068,0.0026681453455239534,-5.536236858461052e-05,0.048742085695266724,-0.019515492022037506,-0.048797186464071274,0.04874217510223389,0.07077813148498535,0.05738165229558945,0.08966924250125885,0.033195655792951584,0.00030443310970440507,1.0,0.2104785442352295,-0.04507321119308472,0.1119999811053276,0.22947169840335846,-0.00817938894033432,0.15711891651153564,0.2104785442352295,-0.04507321119308472,0.011999976821243763
15,APPROACH,0,0.04508717730641365,0.05692865699529648,0.06249959394335747,1.5943725109100342,0.0004868577525485307,-6.469049740331911e-09,-1.9360892110853456e-05,0.154503732919693,0.0010080435313284397,-0.07528869807720184,0.15352508425712585,0.08249898999929428,0.19173499941825867,0.0678713470697403,0.003131951205432415,-7.27813967387192e-05,0.059702761471271515,-0.03184860199689865,-0.059775277972221375,0.05970275402069092,0.07316760718822479,0.06028875336050987,0.09189720451831818,0.03366430848836899,0.00032457185443490744,1.0,0.21047866344451904,-0.04507330805063248,0.11199997365474701,0.22924309968948364,-0.00876789540052414,0.15600863099098206,0.21047866344451904,-0.04507330805063248,0.011999974958598614
16,APPROACH,0,0.04824389889836311,0.06087120994925499,0.06635626405477524,1.5957077741622925,0.00051684002391994,-7.358953890701514e-09,-1.9740828065550886e-05,0.1559433788061142,0.001028623548336327,-0.07145413011312485,0.1546798050403595,0.08338303118944168,0.19037288427352905,0.06621435284614563,0.003500057617202401,-8.908860036171973e-05,0.06842321902513504,-0.04197189211845398,-0.06851205974817276,0.06842324137687683,0.07557594776153564,0.06319649517536163,0.09409525245428085,0.0341140441596508,0.00034456001594662666,1.0,0.21047867834568024,-0.04507330432534218,0.11199997365474701,0.22901000082492828,-0.009359071031212807,0.1549053192138672,0.21047867834568024,-0.04507330432534218,0.011999968439340591
17,APPROACH,0,0.05142273008823395,0.06482596695423126,0.07017114758491516,1.597007393836975,0.0005466227885335684,-8.410975915751351e-09,-2.0065370335942134e-05,0.15711545944213867,0.0010463391663506627,-0.06762205064296722,0.1558304727077484,0.08424443751573563,0.1890023797750473,0.0645708441734314,0.0037918509915471077,-0.00010430646216263995,0.07535761594772339,-0.05031295865774155,-0.07546169310808182,0.075357586145401,0.07800357043743134,0.06610384583473206,0.09626349061727524,0.034544944763183594,0.0003644152020569891,1.0,0.21047867834568024,-0.045073315501213074,0.11199994385242462,0.2287725806236267,-0.009952862747013569,0.1538088619709015,0.21047867834568024,-0.045073315501213074,0.011999944224953651
18,APPROACH,0,0.0546240396797657,0.06879230588674545,0.0739443451166153,1.5982719659805298,0.0005762260989286005,-9.207276718825597e-09,-2.033988494076766e-05,0.15807181596755981,0.0010613846825435758,-0.06384281814098358,0.156981959939003,0.08508066087961197,0.18762338161468506,0.0629405751824379,0.004022769629955292,-0.00011843512038467452,0.08086823672056198,-0.057214222848415375,-0.08098647743463516,0.08086830377578735,0.08045056462287903,0.06901013106107712,0.09840228408575058,0.034957967698574066,0.00038415074232034385,1.0,0.2104785293340683,-0.04507320001721382,0.11199993640184402,0.2285308837890625,-0.010549456812441349,0.1527194082736969,0.2104785293340683,-0.04507320001721382,0.011999937705695629
19,APPROACH,0,0.05784814432263374,0.0727696493268013,0.077675960958004,1.5995025634765625,0.0006056670681573451,-1.0259632254872031e-08,-2.056918128801044e-05,0.1588539332151413,0.001073945197276771,-0.06015319377183914,0.15813691914081573,0.08589110523462296,0.18623703718185425,0.061326175928115845,0.00420532189309597,-0.00013158777437638491,0.08524790406227112,-0.062953881919384,-0.08537930995225906,0.08524790406227112,0.08291759341955185,0.07191504538059235,0.10051115602254868,0.03535326570272446,0.00040377804543823004,1.0,0.2104785293340683,-0.04507319629192352,0.11199993640184402,0.2282848209142685,-0.01114879734814167,0.15163695812225342,0.2104785293340683,-0.04507319629192352,0.011999932117760181
20,APPROACH,0,0.06109539791941643,0.07675737887620926,0.08136601746082306,1.6006991863250732,0.0006349579198285937,-1.1072409655810134e-08,-2.0757490347023122e-05,0.15949535369873047,0.0010841874172911048,-0.056579601019620895,0.15929949283599854,0.0866757407784462,0.18484167754650116,0.05972839146852493,0.004349272232502699,-0.00014379792264662683,0.08872814476490021,-0.06775296479463577,-0.08887182176113129,0.0887281596660614,0.08540486544370651,0.07481744140386581,0.10259057581424713,0.03573155403137207,0.00042330528958700597,1.0,0.2104785442352295,-0.04507320746779442,0.11199992150068283,0.22803452610969543,-0.011750931851565838,0.15056154131889343,0.2104785442352295,-0.04507320746779442,0.011999920010566711
21,APPROACH,0,0.06436614692211151,0.080754853785038,0.08501461893320084,1.601861834526062,0.0006641082582063973,-1.2236395896536578e-08,-2.0908464648528025e-05,0.1600227952003479,0.0010922708315774798,-0.05314016714692116,0.16047169268131256,0.0874314159154892,0.18343909084796906,0.05815001577138901,0.004462721291929483,-0.00015521871682722121,0.09149465709924698,-0.07178989052772522,-0.09164978563785553,0.09149470925331116,0.08791296929121017,0.07771660387516022,0.10464048385620117,0.03609291836619377,0.0004427388485055417,1.0,0.2104785442352295,-0.045073218643665314,0.11199996620416641,0.22777993977069855,-0.012355775572359562,0.14949309825897217,0.2104785442352295,-0.045073218643665314,0.011999961920082569
22,APPROACH,0,0.06766081601381302,0.08476140350103378,0.0886218398809433,1.6029913425445557,0.0006931264069862664,-1.3415708544073368e-08,-2.102521830238402e-05,0.16045786440372467,0.001098338863812387,-0.04984666779637337,0.16165637969970703,0.08815723657608032,0.18202821910381317,0.0565914623439312,0.004551973659545183,-0.00016589785809628665,0.09369692951440811,-0.07520929723978043,-0.09386274963617325,0.09369692206382751,0.09044205397367477,0.08061178773641586,0.10666096210479736,0.036438070237636566,0.0004620842810254544,1.0,0.21047869324684143,-0.045073311775922775,0.11199995875358582,0.22752118110656738,-0.012963551096618176,0.14843180775642395,0.21047869324684143,-0.045073311775922775,0.011999953538179398
23,APPROACH,0,0.0709797590970993,0.08877633512020111,0.09218773245811462,1.6040880680084229,0.0007220182451419532,-1.4371569712068322e-08,-2.1110274246893823e-05,0.16081759333610535,0.001102530979551375,-0.04670584946870804,0.1628543734550476,0.08885187655687332,0.18061019480228424,0.055054135620594025,0.004622193053364754,-0.00017589105118531734,0.09545375406742096,-0.07812720537185669,-0.09562964737415314,0.09545376896858215,0.09299257397651672,0.08350154012441635,0.10865285992622375,0.036768198013305664,0.0004813455161638558,1.0,0.2104785442352295,-0.04507320374250412,0.11199995130300522,0.22725820541381836,-0.01357412338256836,0.14737749099731445,0.2104785442352295,-0.04507320374250412,0.011999952606856823
24,APPROACH,0,0.07432335615158081,0.0927988737821579,0.09571242332458496,1.6051523685455322,0.0007507879054173827,-1.5605941428020742e-08,-2.1166953956708312e-05,0.16111598908901215,0.0011049744207412004,-0.04372077435255051,0.16406749188899994,0.08951152116060257,0.17918746173381805,0.05354178324341774,0.004677304998040199,-0.0001853459980338812,0.09685847908258438,-0.08063560724258423,-0.09704384952783585,0.09685850143432617,0.09556514024734497,0.08638551086187363,0.11061535775661469,0.03708291053771973,0.0005005252896808088,1.0,0.2104785442352295,-0.045073214918375015,0.11199995130300522,0.22699099779129028,-0.014187628403306007,0.14633029699325562,0.2104785442352295,-0.045073214918375015,0.011999947018921375
25,APPROACH,0,0.07769199460744858,0.09682820737361908,0.09919596463441849,1.6061850786209106,0.0007794394041411579,-1.6747483400081364e-08,-2.1197294699959457e-05,0.1613640934228897,0.001105783972889185,-0.040891677141189575,0.16529785096645355,0.09013628214597702,0.17775669693946838,0.052051346749067307,0.004720575641840696,-0.00019424271886236966,0.09798591583967209,-0.08280900120735168,-0.09818026423454285,0.09798592329025269,0.09815999120473862,0.08926236629486084,0.11254911869764328,0.03738363832235336,0.0005196263082325459,1.0,0.21047855913639069,-0.04507321119308472,0.11199994385242462,0.2267196774482727,-0.014804043807089329,0.145290344953537,0.21047855913639069,-0.04507321119308472,0.011999940499663353
26,APPROACH,0,0.08108611404895782,0.10086353123188019,0.10263845324516296,1.6071864366531372,0.0008079748949967325,-1.7866794266296893e-08,-2.120322096743621e-05,0.16157086193561554,0.0011050727916881442,-0.03821653872728348,0.1665458232164383,0.09072339534759521,0.17632023990154266,0.05058695748448372,0.004754588473588228,-0.00020271900575608015,0.09889794141054153,-0.08470994234085083,-0.09910080581903458,0.09889796376228333,0.10077768564224243,0.09213106334209442,0.11445420235395432,0.037670694291591644,0.0005386499688029289,1.0,0.2104785293340683,-0.045073192566633224,0.11199993640184402,0.22644414007663727,-0.01542343944311142,0.14425766468048096,0.2104785293340683,-0.045073192566633224,0.011999933049082756
27,APPROACH,0,0.08450616151094437,0.10490397363901138,0.10604001581668854,1.6081570386886597,0.0008363962988369167,-1.9304380316498282e-08,-2.118832344422117e-05,0.1617434173822403,0.0011029444867745042,-0.035691842436790466,0.16781307756900787,0.09127052873373032,0.17487865686416626,0.049150221049785614,0.00478131091222167,-0.00021080822625663131,0.0996399000287056,-0.08638492971658707,-0.09985087811946869,0.099639892578125,0.10341888666152954,0.09499045461416245,0.116330586373806,0.03794471547007561,0.0005575975519604981,1.0,0.2104785442352295,-0.045073214918375015,0.11199995875358582,0.22616446018218994,-0.01604579947888851,0.14323222637176514,0.2104785442352295,-0.045073214918375015,0.01199996005743742
28,APPROACH,0,0.08795254677534103,0.10894862562417984,0.10940069705247879,1.609098196029663,0.0008647057111375034,-2.033389279176845e-08,-2.1153064153622836e-05,0.16188755631446838,0.0010994895128533244,-0.033312950283288956,0.16910123825073242,0.09177552908658981,0.1734306365251541,0.04773982614278793,0.004802471958100796,-0.00021850370103493333,0.1002507284283638,-0.0878746286034584,-0.10046949237585068,0.1002507209777832,0.10608404874801636,0.09783944487571716,0.11817841231822968,0.038206975907087326,0.0005764705128967762,1.0,0.21047866344451904,-0.04507330060005188,0.11199996620416641,0.22588060796260834,-0.01667122356593609,0.1422140896320343,0.21047866344451904,-0.04507330060005188,0.011999964714050293
29,APPROACH,0,0.09142576158046722,0.11299657076597214,0.11272057145833969,1.610010027885437,0.0008929034811444581,-2.182211922274746e-08,-2.110036621161271e-05,0.16200800240039825,0.001094801351428032,-0.031074438244104385,0.17041128873825073,0.09223601222038269,0.17197777330875397,0.046360231935977936,0.0048192511312663555,-0.0002259227039758116,0.10075929760932922,-0.08920983225107193,-0.10098553448915482,0.10075929760932922,0.1087733805179596,0.10067668557167053,0.11999821662902832,0.03845810890197754,0.000595269026234746,1.0,0.21047867834568024,-0.04507330432534218,0.11199997365474701,0.22559256851673126,-0.017299776896834373,0.14120355248451233,0.21047867834568024,-0.04507330432534218,0.01199997030198574
30,APPROACH,0,0.09492626041173935,0.1170467883348465,0.11599976569414139,1.6108931303024292,0.000920990074519068,-2.2912946207043206e-08,-2.1031262804172002e-05,0.1621083766222,0.0010889644036069512,-0.028970293700695038,0.1717429906129837,0.09264921396970749,0.1705208420753479,0.04501206427812576,0.004832698032259941,-0.00023303722264245152,0.10119078308343887,-0.0904180034995079,-0.10142423212528229,0.10119080543518066,0.1114877313375473,0.1035006195306778,0.12179005146026611,0.03869891166687012,0.000613993383012712,1.0,0.21047866344451904,-0.04507330805063248,0.11199994385242462,0.2253004014492035,-0.017931483685970306,0.1402004361152649,0.21047866344451904,-0.04507330805063248,0.0119999460875988
31,APPROACH,0,0.0984545573592186,0.12109822034835815,0.11923839896917343,1.611748218536377,0.0009489661897532642,-2.428660295095142e-08,-2.094731644319836e-05,0.16219168901443481,0.0010820528259500861,-0.02699432335793972,0.17309847474098206,0.09301204234361649,0.16906006634235382,0.043696530163288116,0.004843592643737793,-0.0002399137447355315,0.10156214982271194,-0.09151831269264221,-0.1018025353550911,0.10156217217445374,0.1142275333404541,0.10630989074707031,0.12355425208806992,0.038930416107177734,0.0006326441653072834,1.0,0.2104785442352295,-0.045073214918375015,0.11199994385242462,0.22500401735305786,-0.018566418439149857,0.1392049491405487,0.2104785442352295,-0.045073214918375015,0.011999941430985928
32,APPROACH,0,0.10201113671064377,0.12514972686767578,0.12243659049272537,1.6125757694244385,0.0009768324671313167,-2.5763830180380864e-08,-2.085000232909806e-05,0.16226045787334442,0.0010741406586021185,-0.025140143930912018,0.17447833716869354,0.09332137554883957,0.16759641468524933,0.04241707921028137,0.0048525710590183735,-0.00024661110364831984,0.10188870131969452,-0.09252842515707016,-0.10213582217693329,0.10188871622085571,0.11699369549751282,0.10910284519195557,0.1252906769514084,0.039153337478637695,0.0006512216641567647,1.0,0.2104785293340683,-0.04507320001721382,0.11199994385242462,0.22470350563526154,-0.019204508513212204,0.13821718096733093,0.2104785293340683,-0.04507320001721382,0.011999942362308502
33,APPROACH,0,0.10559657216072083,0.12920014560222626,0.12559445202350616,1.6133770942687988,0.0010045886738225818,-2.699403900408015e-08,-2.074107396765612e-05,0.16231666505336761,0.0010652916971594095,-0.02340141125023365,0.17588458955287933,0.09357386082410812,0.16612926125526428,0.041174232959747314,0.0048600793816149235,-0.0002530899364501238,0.10218089818954468,-0.09346120059490204,-0.10243457555770874,0.10218092799186707,0.11978678405284882,0.1118779331445694,0.12699955701828003,0.03936886787414551,0.0006697258213534951,1.0,0.2104785442352295,-0.04507320746779442,0.11199994385242462,0.22439880669116974,-0.019845962524414062,0.13723713159561157,0.2104785442352295,-0.04507320746779442,0.011999941430985928
34,APPROACH,0,0.10921140760183334,0.13324816524982452,0.12871208786964417,1.614152431488037,0.0010322344023734331,-2.8240817684377362e-08,-2.0620904251700267e-05,0.16236186027526855,0.0010555670596659184,-0.021771784871816635,0.17731811106204987,0.09376668184995651,0.16465942561626434,0.03997020050883293,0.004866548348218203,-0.00025936003657989204,0.10244955122470856,-0.094329833984375,-0.1027095764875412,0.10244959592819214,0.1226075142621994,0.1146332249045372,0.1286812275648117,0.03957796096801758,0.000688156287651509,1.0,0.21047855913639069,-0.04507320746779442,0.11199993640184402,0.2240898758172989,-0.020490724593400955,0.13626503944396973,0.21047855913639069,-0.04507320746779442,0.011999934911727905
35,APPROACH,0,0.11285625398159027,0.1372925341129303,0.13178963959217072,1.6149028539657593,0.0010597704676911235,-2.9601679329971375e-08,-2.0491297618718818e-05,0.1623973846435547,0.0010450249537825584,-0.020245127379894257,0.1787802129983902,0.09389536082744598,0.16318723559379578,0.0388067290186882,0.004872224293649197,-0.00026548781897872686,0.10269931703805923,-0.0951412096619606,-0.10296555608510971,0.10269930958747864,0.12545648217201233,0.11736675351858139,0.13033609092235565,0.039782047271728516,0.0007065136451274157,1.0,0.21047855913639069,-0.045073214918375015,0.11199992895126343,0.22377680242061615,-0.021138951182365417,0.13530105352401733,0.21047855913639069,-0.045073214918375015,0.011999928392469883
36,APPROACH,0,0.11653169989585876,0.14133180677890778,0.13482731580734253,1.6156294345855713,0.0010871962876990438,-3.1082947771210456e-08,-2.0352816136437468e-05,0.16242431104183197,0.0010337199782952666,-0.0188154187053442,0.18027161061763763,0.09395548701286316,0.16171419620513916,0.037686899304389954,0.004877455532550812,-0.000271443510428071,0.10293785482645035,-0.09590523689985275,-0.10321011394262314,0.10293783247470856,0.1283346712589264,0.12007635831832886,0.1319642812013626,0.03998255729675293,0.0007247975445352495,1.0,0.21047855913639069,-0.045073218643665314,0.11199997365474701,0.22345943748950958,-0.02179063856601715,0.13434526324272156,0.21047855913639069,-0.045073218643665314,0.011999973095953465
37,APPROACH,0,0.12023837119340897,0.14536447823047638,0.13782525062561035,1.6163333654403687,0.0011145113967359066,-3.229426326356588e-08,-2.020697866100818e-05,0.16244354844093323,0.00102169846650213,-0.01747695729136467,0.18179447948932648,0.09394275397062302,0.16024035215377808,0.036614030599594116,0.004882266744971275,-0.0002772818261291832,0.1031678318977356,-0.09662680327892303,-0.10344600677490234,0.1031678318977356,0.13124299049377441,0.12275996059179306,0.1335657387971878,0.04018060490489006,0.000743007636629045,1.0,0.21047864854335785,-0.04507332295179367,0.11199995875358582,0.22313784062862396,-0.02244582772254944,0.13339781761169434,0.21047864854335785,-0.04507332295179367,0.011999956332147121
38,APPROACH,0,0.12397697567939758,0.14938895404338837,0.14078357815742493,1.6170148849487305,0.0011417169589549303,-3.348044330664379e-08,-2.0054007109138183e-05,0.16245579719543457,0.0010090036084875464,-0.016224242746829987,0.18335053324699402,0.09385259449481964,0.1587652564048767,0.03558949753642082,0.004886907059699297,-0.00028292901697568595,0.10339242219924927,-0.09731101989746094,-0.10367638617753983,0.10339240729808807,0.13418199121952057,0.12541477382183075,0.1351415365934372,0.04037785530090332,0.0007611446781083941,1.0,0.2104785442352295,-0.04507321119308472,0.11199995130300522,0.22281184792518616,-0.02310469187796116,0.13245883584022522,0.2104785442352295,-0.04507321119308472,0.01199994795024395
39,APPROACH,0,0.12774819135665894,0.15340349078178406,0.1437024623155594,1.617675542831421,0.0011688114609569311,-3.506164958366753e-08,-1.9895331206498668e-05,0.16246168315410614,0.0009956815047189593,-0.015051973052322865,0.1849401444196701,0.09367883950471878,0.15729235112667084,0.03461795672774315,0.004891403950750828,-0.0002885409048758447,0.10361525416374207,-0.09796355664730072,-0.10390486568212509,0.10361525416374207,0.13715282082557678,0.12803839147090912,0.1366913616657257,0.04057574272155762,0.0007792076794430614,1.0,0.21047855913639069,-0.04507321119308472,0.11199994385242462,0.22248156368732452,-0.02376730926334858,0.13152867555618286,0.21047855913639069,-0.04507321119308472,0.011999941430985928
40,APPROACH,0,0.13155274093151093,0.15740631520748138,0.14658208191394806,1.618316650390625,0.0011957952519878745,-3.655642899502709e-08,-1.9731105567188933e-05,0.1624617725610733,0.0009817661484703422,-0.013955219648778439,0.1865658313035965,0.09341643750667572,0.1558200716972351,0.033701155334711075,0.004895832389593124,-0.00029401128995232284,0.10383635759353638,-0.09858623892068863,-0.10413151234388351,0.10383637249469757,0.140156552195549,0.1306275725364685,0.13821572065353394,0.04077649116516113,0.0007971968734636903,1.0,0.2104785293340683,-0.04507319629192352,0.11199993640184402,0.2221468836069107,-0.024433689191937447,0.13060736656188965,0.2104785293340683,-0.04507319629192352,0.01199993398040533
41,APPROACH,0,0.13539139926433563,0.16139551997184753,0.14942269027233124,1.6189393997192383,0.0012226687977090478,-3.7843481237587184e-08,-1.9562901798053645e-05,0.16245649755001068,0.0009672928717918694,-0.01292931754142046,0.18822957575321198,0.09305736422538757,0.1543501913547516,0.03284631669521332,0.004900251515209675,-0.0002993062371388078,0.1040571853518486,-0.09918230772018433,-0.10435774177312851,0.104057177901268,0.1431942880153656,0.1331792175769806,0.13971489667892456,0.04098176956176758,0.0008151125512085855,1.0,0.2104785293340683,-0.04507320746779442,0.11199997365474701,0.2218078225851059,-0.025103863328695297,0.129695326089859,0.2104785293340683,-0.04507320746779442,0.011999969370663166
42,APPROACH,0,0.1392650157213211,0.16536884009838104,0.15222448110580444,1.6195452213287354,0.0012494323309510946,-3.949779525669328e-08,-1.939142202900257e-05,0.1624463051557541,0.000952290662098676,-0.011969824321568012,0.1899336576461792,0.0925954133272171,0.15288276970386505,0.0320526622235775,0.004904812667518854,-0.0003045621560886502,0.10427995026111603,-0.0997556522488594,-0.10458581894636154,0.10427996516227722,0.14626723527908325,0.1356901228427887,0.1411888152360916,0.0411934070289135,0.0008329548873007298,1.0,0.21047866344451904,-0.045073311775922775,0.11199996620416641,0.22146420180797577,-0.025778163224458694,0.12879261374473572,0.21047866344451904,-0.045073311775922775,0.011999964714050293
43,APPROACH,0,0.1431744396686554,0.16932412981987,0.154987633228302,1.6201354265213013,0.0012760856188833714,-4.0536136225455266e-08,-1.921658440551255e-05,0.16243161261081696,0.0009367850725539029,-0.011072586290538311,0.19168025255203247,0.09202288091182709,0.15141752362251282,0.031326793134212494,0.004909357987344265,-0.0003096000582445413,0.10450392216444016,-0.10030701756477356,-0.10481500625610352,0.10450391471385956,0.1493763029575348,0.13815581798553467,0.1426388919353485,0.04141458123922348,0.0008507237653248012,1.0,0.21047869324684143,-0.04507330060005188,0.11199995875358582,0.2211160808801651,-0.026456505060195923,0.12789970636367798,0.21047869324684143,-0.04507330060005188,0.01199995819479227
44,APPROACH,0,0.1471206247806549,0.17325899004936218,0.1577124148607254,1.6207106113433838,0.001302628661505878,-4.2026119473348444e-08,-1.903960401250515e-05,0.1624125987291336,0.0009208099218085408,-0.01023363322019577,0.1934705674648285,0.09132928401231766,0.1499590128660202,0.030678601935505867,0.004914045799523592,-0.00031464966014027596,0.10473092645406723,-0.10083979368209839,-0.1050470769405365,0.10473091900348663,0.15252326428890228,0.14057135581970215,0.14406540989875793,0.04164743423461914,0.000868419127073139,1.0,0.2104784995317459,-0.04507334530353546,0.11200005561113358,0.22076331079006195,-0.027139058336615562,0.12701669335365295,0.2104784995317459,-0.04507334530353546,0.012000053189694881
45,APPROACH,0,0.15110450983047485,0.17717060446739197,0.1603991836309433,1.6212730407714844,0.00132906180806458,-4.343036863474481e-08,-1.8860859199776314e-05,0.16238972544670105,0.0009043780737556517,-0.009449410252273083,0.19530873000621796,0.09050168842077255,0.14850811660289764,0.030110780149698257,0.004918806720525026,-0.0003195523167960346,0.10495906323194504,-0.10135333985090256,-0.10528022795915604,0.10495905578136444,0.15570929646492004,0.14293324947357178,0.14546799659729004,0.04189404100179672,0.0008860412053763866,1.0,0.2104785293340683,-0.04507334157824516,0.11200004816055298,0.22040590643882751,-0.027825798839330673,0.1261441707611084,0.2104785293340683,-0.04507334157824516,0.012000045739114285
46,APPROACH,0,0.15512710809707642,0.18105614185333252,0.16304822266101837,1.6218252182006836,0.0013553855242207646,-4.4708702517937127e-08,-1.868074650701601e-05,0.1623632162809372,0.000887510075699538,-0.008716417476534843,0.1971968114376068,0.08953392505645752,0.14706161618232727,0.029626954346895218,0.004923745524138212,-0.00032433561864309013,0.10519164800643921,-0.10185233503580093,-0.10551771521568298,0.10519164800643921,0.15893596410751343,0.14523527026176453,0.14684784412384033,0.04215884208679199,0.0009035903494805098,1.0,0.2104785144329071,-0.04507334157824516,0.11200003325939178,0.22004370391368866,-0.028517084196209908,0.12528231739997864,0.2104785144329071,-0.04507334157824516,0.01200003083795309
47,APPROACH,0,0.15918947756290436,0.18491245806217194,0.1656598150730133,1.622368335723877,0.0013815995771437883,-4.6142584864128366e-08,-1.849924046837259e-05,0.1623334437608719,0.0008702226914465427,-0.008031473495066166,0.1991378366947174,0.08840973675251007,0.14562422037124634,0.02923898957669735,0.0049287984147667885,-0.000329082045936957,0.1054268330335617,-0.10233605653047562,-0.10575767606496811,0.10542681813240051,0.16220515966415405,0.14747153222560883,0.1482049524784088,0.04244454950094223,0.0009210663847625256,1.0,0.2104785293340683,-0.04507335275411606,0.11200001835823059,0.21967656910419464,-0.0292129535228014,0.12443158030509949,0.2104785293340683,-0.04507335275411606,0.012000016868114471
48,APPROACH,0,0.16329282522201538,0.18873608112335205,0.1682342290878296,1.6229047775268555,0.0014077047817409039,-4.769522377046087e-08,-1.831733425206039e-05,0.1623006910085678,0.0008525244193151593,-0.007391659542918205,0.2011360377073288,0.08711463212966919,0.1441950649023056,0.028952158987522125,0.004933946765959263,-0.0003337133675813675,0.10566385835409164,-0.10280484706163406,-0.1059994176030159,0.10566385090351105,0.16551873087882996,0.14963489770889282,0.14953987300395966,0.042755525559186935,0.0009384698932990432,1.0,0.21047864854335785,-0.04507330060005188,0.11199996620416641,0.21930450201034546,-0.029913419857621193,0.12359242141246796,0.21047864854335785,-0.04507330060005188,0.011999965645372868
49,DESCEND,0,0.16743838787078857,0.19252318143844604,0.17077180743217468,1.6234369277954102,0.001433701254427433,-4.923770902109936e-08,-1.8136001017410308e-05,0.16226527094841003,0.0008344255038537085,-0.00679425336420536,0.2031952291727066,0.08563067018985748,0.14277516305446625,0.02877848409116268,0.004939209204167128,-0.00033821380930021405,0.10590345412492752,-0.10326050966978073,-0.10624362528324127,0.10590344667434692,0.16860662400722504,0.151606023311615,0.15067780017852783,0.04306117817759514,0.0009558008750900626,1.0,0.21047866344451904,-0.04507330060005188,0.11199997365474701,0.2189273238182068,-0.03061879612505436,0.12276546657085419,0.21047866344451904,-0.04507330060005188,0.011999971233308315
50,DESCEND,0,0.17160776257514954,0.19626235961914062,0.17325976490974426,1.6239644289016724,0.0014596194960176945,-5.0668180762158954e-08,-1.7948723325389437e-05,0.1621878296136856,0.0008192609529942274,-0.0061947996728122234,0.2043529450893402,0.08351624757051468,0.14069914817810059,0.028597386553883553,0.004966601729393005,-0.00034438373404555023,0.10669244825839996,-0.10426269471645355,-0.10703887045383453,0.10669244825839996,0.12464933842420578,0.1977156102657318,0.13897041976451874,0.013434648513793945,0.0009730797028169036,1.0,0.21047869324684143,-0.04507330060005188,0.016999971121549606,0.21854691207408905,-0.031325869262218475,0.12195348739624023,0.21047869324684143,-0.04507330060005188,0.01199997030198574
51,DESCEND,0,0.17238527536392212,0.20312871038913727,0.17481975257396698,1.6221693754196167,0.0014854978071525693,-7.385033740092695e-08,-1.6447236703243107e-05,0.15314386785030365,0.0014662706525996327,0.0037311315536499023,0.038577523082494736,0.24703238904476166,0.08945605903863907,-0.08473411202430725,0.0101555110886693,-0.0007649687468074262,0.23533987998962402,-0.2358108013868332,-0.2361099272966385,0.2353399097919464,0.12519612908363342,0.2027207314968109,0.1393175721168518,0.011650959961116314,0.0009903318714350462,1.0,0.21047867834568024,-0.045073315501213074,0.016999954357743263,0.21849916875362396,-0.03146149963140488,0.12070494145154953,0.21047867834568024,-0.045073315501213074,0.011999954469501972
52,DESCEND,0,0.17313985526561737,0.21021582186222076,0.17619840800762177,1.620316982269287,0.0015081485034897923,-4.803994357871488e-08,-1.6258667528745718e-05,0.15170937776565552,0.0014351301360875368,0.004948669578880072,0.0375557579100132,0.24800193309783936,0.08706767112016678,-0.08736294507980347,0.0044614351354539394,-0.0003138792817480862,0.09600858390331268,-0.09770404547452927,-0.09632497280836105,0.09600858390331268,0.12573185563087463,0.20786026120185852,0.13954384624958038,0.009840091690421104,0.0010054323356598616,1.0,0.21047855913639069,-0.04507321119308472,0.01699994131922722,0.218463733792305,-0.031595032662153244,0.11944039165973663,0.21047855913639069,-0.04507321119308472,0.011999940499663353
53,DESCEND,0,0.17389722168445587,0.2173306792974472,0.17751473188400269,1.6184189319610596,0.0015332195907831192,-4.731606040309089e-08,-1.6176392819033936e-05,0.1524810791015625,0.0014056663494557142,0.003937131259590387,0.03736109286546707,0.24950584769248962,0.0844380334019661,-0.0896621122956276,0.002966702915728092,-0.00019509931735228747,0.05945568531751633,-0.0609322227537632,-0.05965318903326988,0.05945568531751633,0.12626992166042328,0.21301186084747314,0.13972759246826172,0.008003553375601768,0.00102214643266052,1.0,0.21047855913639069,-0.04507321119308472,0.016999924555420876,0.21842658519744873,-0.03172872215509415,0.11817717552185059,0.21047855913639069,-0.04507321119308472,0.011999924667179585
54,DESCEND,0,0.17465709149837494,0.2244727462530136,0.17876829206943512,1.6164758205413818,0.0015589033719152212,-4.895379390745802e-08,-1.6113755918922834e-05,0.15372568368911743,0.00137739023193717,0.0025352672673761845,0.0374361053109169,0.25101080536842346,0.08182675391435623,-0.09184378385543823,0.0027705891989171505,-0.00018038725829683244,0.05460158735513687,-0.055589865893125534,-0.054784517735242844,0.05460158362984657,0.12681010365486145,0.21817515790462494,0.139868825674057,0.006141821853816509,0.0010392689146101475,1.0,0.2104785442352295,-0.045073214918375015,0.016999952495098114,0.21838772296905518,-0.03186257928609848,0.11691532284021378,0.2104785442352295,-0.045073214918375015,0.011999951675534248
55,DESCEND,0,0.1754193753004074,0.23164153099060059,0.1799589991569519,1.6144877672195435,0.001584632438607514,-5.051305151937413e-08,-1.6045665688579902e-05,0.15492434799671173,0.0013501978246495128,0.0012737911893054843,0.03758768364787102,0.2524998188018799,0.07921813428401947,-0.09397859126329422,0.0029415725730359554,-0.0001958228531293571,0.0587429441511631,-0.05925796180963516,-0.058941423892974854,0.058742936700582504,0.12735235691070557,0.22334973514080048,0.13996754586696625,0.004255215637385845,0.0010564216645434499,1.0,0.2104785293340683,-0.045073192566633224,0.016999952495098114,0.2183472067117691,-0.031996533274650574,0.11565479636192322,0.2104785293340683,-0.045073192566633224,0.011999952606856823
56,DESCEND,0,0.17618416249752045,0.23883649706840515,0.18108688294887543,1.6124547719955444,0.001610237522982061,-5.203916231266703e-08,-1.5967123545124196e-05,0.15594545006752014,0.0013240178814157844,0.0002709313412196934,0.03775547444820404,0.2539667785167694,0.0766083300113678,-0.09608697146177292,0.0031870354432612658,-0.00021767080761492252,0.06473489105701447,-0.06486313045024872,-0.06495536118745804,0.06473488360643387,0.1278967559337616,0.22853505611419678,0.1400241255760193,0.002343813655897975,0.0010734917595982552,1.0,0.2104785442352295,-0.04507321119308472,0.016999946907162666,0.21830517053604126,-0.03213071450591087,0.1143956184387207,0.2104785442352295,-0.04507321119308472,0.011999947018921375
57,DESCEND,0,0.17695139348506927,0.2460571974515915,0.18215195834636688,1.6103781461715698,0.0016356764826923609,-5.355067145274006e-08,-1.5877320038271137e-05,0.15677648782730103,0.001298783696256578,-0.0004788392980117351,0.037922244518995285,0.2554095685482025,0.07399699836969376,-0.09817788004875183,0.0034202805254608393,-0.00023887152201496065,0.0704541876912117,-0.07028862088918686,-0.07069592922925949,0.0704541727900505,0.12844327092170715,0.23373106122016907,0.140038400888443,0.00040825208998285234,0.0010904510272666812,1.0,0.21047855913639069,-0.04507321119308472,0.016999930143356323,0.2182614803314209,-0.03226500004529953,0.11313772201538086,0.21047855913639069,-0.04507321119308472,0.011999931186437607
58,DESCEND,0,0.17772112786769867,0.25330308079719543,0.1831541806459427,1.6082582473754883,0.0016609460581094027,-5.4600658216941156e-08,-1.5778992747073062e-05,0.15743781626224518,0.0012744407868012786,-0.0010127027053385973,0.0380835197865963,0.2568281888961792,0.07138292491436005,-0.10025310516357422,0.0036200638860464096,-0.00025745577295310795,0.07537692040205002,-0.07499904930591583,-0.0756373479962349,0.07537692785263062,0.1289919763803482,0.2389371246099472,0.1400107741355896,-0.001550833461806178,0.001107297372072935,1.0,0.2104785442352295,-0.045073218643665314,0.01699995808303356,0.21821624040603638,-0.03239942714571953,0.11188115924596786,0.2104785442352295,-0.045073218643665314,0.01199995819479227
59,DESCEND,0,0.17849338054656982,0.26057377457618713,0.18409356474876404,1.6060949563980103,0.0016860535833984613,-5.5814890487226876e-08,-1.5673322195652872e-05,0.15795600414276123,0.001250936184078455,-0.0013712808722630143,0.03823953866958618,0.258221834897995,0.0687682256102562,-0.10230915248394012,0.003784983418881893,-0.0002733428555075079,0.07946430891752243,-0.0789409875869751,-0.07974068820476532,0.07946431636810303,0.12954303622245789,0.24415305256843567,0.13994111120700836,-0.0035336813889443874,0.0011240357998758554,1.0,0.2104785293340683,-0.04507335275411606,0.01700003817677498,0.2181694209575653,-0.03253400698304176,0.11062585562467575,0.2104785293340683,-0.04507335275411606,0.012000039219856262
60,DESCEND,0,0.1792682558298111,0.2678687870502472,0.18497009575366974,1.6038891077041626,0.0017110089538618922,-5.7048733737019575e-08,-1.5562512999167666e-05,0.15835587680339813,0.0012282169191166759,-0.0015907128108665347,0.03839155286550522,0.25959065556526184,0.06615211069583893,-0.10434910655021667,0.003919127397239208,-0.0002866962749976665,0.08281335234642029,-0.0821978971362114,-0.08310317993164062,0.08281335979700089,0.1300961971282959,0.249378502368927,0.13982975482940674,-0.005539576523005962,0.0011406727135181427,1.0,0.2104785293340683,-0.04507334902882576,0.017000021412968636,0.21812114119529724,-0.03266876935958862,0.1093718633055687,0.2104785293340683,-0.04507334902882576,0.012000021524727345
61,DESCEND,0,0.1800457239151001,0.275187611579895,0.18578381836414337,1.6016408205032349,0.001735821133479476,-5.8263264435254314e-08,-1.5448433259734884e-05,0.15865854918956757,0.0012062427122145891,-0.00170110200997442,0.038539573550224304,0.26093482971191406,0.06353557109832764,-0.1063699796795845,0.004027554299682379,-0.0002979619021061808,0.08554309606552124,-0.08487746864557266,-0.0858442634344101,0.08554309606552124,0.13065163791179657,0.25461310148239136,0.1396767646074295,-0.00756843900308013,0.0011572141665965319,1.0,0.2104785144329071,-0.04507334902882576,0.01700000651180744,0.2180713564157486,-0.0328037366271019,0.10811923444271088,0.2104785144329071,-0.04507334902882576,0.01200000662356615
62,DESCEND,0,0.18082597851753235,0.28252971172332764,0.1865348219871521,1.5993508100509644,0.0017604976892471313,-5.918639800484016e-08,-1.533139220555313e-05,0.15888166427612305,0.0011849667644128203,-0.0017270552925765514,0.03868505731225014,0.2622543275356293,0.060919586569070816,-0.10837271064519882,0.0041147503070533276,-0.00030741392401978374,0.08776247501373291,-0.087079256772995,-0.08807317167520523,0.08776247501373291,0.13120943307876587,0.25985658168792725,0.13948220014572144,-0.009619872085750103,0.0011736651649698615,1.0,0.21047864854335785,-0.04507330060005188,0.016999954357743263,0.21802009642124176,-0.032938916236162186,0.106867715716362,0.21047864854335785,-0.04507330060005188,0.011999954469501972
63,DESCEND,0,0.18160885572433472,0.2898947298526764,0.18722307682037354,1.5970194339752197,0.0017850452568382025,-6.024858834052793e-08,-1.5212874131975695e-05,0.15903964638710022,0.0011643465841189027,-0.0016883824719116092,0.038829248398542404,0.26354920864105225,0.05830380320549011,-0.11035647243261337,0.004184671677649021,-0.0003153897705487907,0.08956430107355118,-0.08888845145702362,-0.08988305926322937,0.08956430852413177,0.1317695826292038,0.26510852575302124,0.13924641907215118,-0.011693398468196392,0.0011900302488356829,1.0,0.2104785442352295,-0.045073214918375015,0.016999956220388412,0.21796736121177673,-0.03307422623038292,0.10561742633581161,0.2104785442352295,-0.045073214918375015,0.011999955400824547
64,DESCEND,0,0.18239445984363556,0.29728204011917114,0.18784867227077484,1.59464693069458,0.0018094696570187807,-6.126994378519157e-08,-1.5094177797436714e-05,0.15914425253868103,0.0011443451512604952,-0.0016009934479370713,0.0389726348221302,0.2648189663887024,0.055689889937639236,-0.11232011765241623,0.004240457899868488,-0.00032216182444244623,0.09102553874254227,-0.09037599712610245,-0.09135114401578903,0.09102554619312286,0.13233214616775513,0.27036866545677185,0.13896940648555756,-0.013789018616080284,0.0012063131434842944,1.0,0.2104785293340683,-0.04507319629192352,0.016999956220388412,0.2179132103919983,-0.03320976719260216,0.10436835139989853,0.2104785293340683,-0.04507319629192352,0.011999956332147121
65,DESCEND,0,0.18318292498588562,0.30469128489494324,0.18841169774532318,1.5922338962554932,0.0018337751971557736,-6.222798987209899e-08,-1.497518769610906e-05,0.15920504927635193,0.001124923350289464,-0.0014775454765185714,0.03911586105823517,0.26606419682502747,0.053077857941389084,-0.11426586657762527,0.00428485032171011,-0.0003278906224295497,0.0922105461359024,-0.09160137921571732,-0.09254197031259537,0.09221053868532181,0.132897287607193,0.2756366431713104,0.13865137100219727,-0.015906255692243576,0.0012225168757140636,1.0,0.2104785293340683,-0.04507321119308472,0.016999950632452965,0.21785768866539001,-0.03334551304578781,0.10312043130397797,0.2104785293340683,-0.04507321119308472,0.011999950744211674
66,DESCEND,0,0.1839742511510849,0.3121218979358673,0.18891216814517975,1.5897806882858276,0.001857966766692698,-6.310408906529119e-08,-1.4857043424854055e-05,0.15922999382019043,0.001106048352085054,-0.001328160404227674,0.03925963118672371,0.2672845721244812,0.05046752840280533,-0.11618983000516891,0.004319869913160801,-0.00033280407660640776,0.09316908568143845,-0.09261048585176468,-0.09350546449422836,0.09316908568143845,0.13346491754055023,0.2809121608734131,0.13829246163368225,-0.018044790253043175,0.0012386445887386799,1.0,0.2104785442352295,-0.04507321119308472,0.016999945044517517,0.21780076622962952,-0.033481478691101074,0.1018737182021141,0.2104785442352295,-0.04507321119308472,0.011999944224953651
67,DESCEND,0,0.1847684681415558,0.3195735216140747,0.1893501877784729,1.5872880220413208,0.001882046926766634,-6.36800763231804e-08,-1.473983775213128e-05,0.15922537446022034,0.0010876876767724752,-0.001160825020633638,0.039404064416885376,0.2684800624847412,0.04786057397723198,-0.1180947944521904,0.0043473439291119576,-0.00033695390447974205,0.09394364804029465,-0.09344275295734406,-0.094284288585186,0.09394364804029465,0.13403509557247162,0.28619492053985596,0.13789287209510803,-0.020204147323966026,0.0012546980287879705,1.0,0.2104785442352295,-0.04507320746779442,0.016999928280711174,0.21774247288703918,-0.03361770883202553,0.10062820464372635,0.2104785442352295,-0.04507320746779442,0.011999928392469883
68,DESCEND,0,0.18556563556194305,0.3270455002784729,0.18972578644752502,1.5847558975219727,0.0019060197519138455,-6.477674219240726e-08,-1.4624703908339143e-05,0.15919646620750427,0.0010698122205212712,-0.0009818652179092169,0.03954951465129852,0.26965105533599854,0.045256540179252625,-0.11997833847999573,0.004368627909570932,-0.0003405299794394523,0.0945676639676094,-0.09412919729948044,-0.09491196274757385,0.09456767141819,0.13460791110992432,0.291484534740448,0.13745282590389252,-0.022384246811270714,0.0012706798734143376,1.0,0.21047855913639069,-0.04507320746779442,0.016999922692775726,0.2176828682422638,-0.03375415876507759,0.09938377887010574,0.21047855913639069,-0.04507320746779442,0.01199992187321186
69,DESCEND,0,0.18636584281921387,0.3345373570919037,0.19003908336162567,1.5821847915649414,0.0019298875704407692,-6.556353326914177e-08,-1.45116700878134e-05,0.1591475009918213,0.0010523921810090542,-0.0007962576346471906,0.03969639167189598,0.27079734206199646,0.0426567867398262,-0.12184184789657593,0.004384848289191723,-0.00034363113809376955,0.09506785124540329,-0.09469463676214218,-0.09541530162096024,0.09506785124540329,0.1351834088563919,0.29678064584732056,0.13697241246700287,-0.024584850296378136,0.0012865917524322867,1.0,0.21047855913639069,-0.045073218643665314,0.01699991524219513,0.21762195229530334,-0.03389086574316025,0.09814047813415527,0.21047855913639069,-0.045073218643665314,0.011999915353953838
70,DESCEND,0,0.18716903030872345,0.342048704624176,0.1902901828289032,1.579575538635254,0.001953652361407876,-6.64573249764544e-08,-1.4400496183952782e-05,0.1590820997953415,0.001035399385727942,-0.0006079027079977095,0.03984507545828819,0.27191853523254395,0.04006123170256615,-0.12368527799844742,0.004396951291710138,-0.00034632423194125295,0.09546727687120438,-0.0951605960726738,-0.09581746906042099,0.09546726197004318,0.1357615888118744,0.3020831346511841,0.13645170629024506,-0.026805400848388672,0.001302434946410358,1.0,0.2104785293340683,-0.04507320374250412,0.01699995994567871,0.21755968034267426,-0.034027840942144394,0.09689819812774658,0.2104785293340683,-0.04507320374250412,0.011999960988759995
71,DESCEND,0,0.18797533214092255,0.34957900643348694,0.19047911465168,1.5769281387329102,0.0019773179665207863,-6.7458074681781e-08,-1.4291262232291047e-05,0.15900307893753052,0.001018810668028891,-0.0004197622765786946,0.0399954617023468,0.2730157673358917,0.03746965900063515,-0.12550775706768036,0.004405769985169172,-0.00034863431937992573,0.0957847535610199,-0.09554481506347656,-0.09613732993602753,0.0957847610116005,0.1363426297903061,0.3073914647102356,0.13589109480381012,-0.029045742005109787,0.0013182120164856315,1.0,0.21047866344451904,-0.04507330432534218,0.016999971121549606,0.21749623119831085,-0.034165073186159134,0.09565721452236176,0.21047866344451904,-0.04507330432534218,0.01199997030198574
72,DESCEND,0,0.18878482282161713,0.357127845287323,0.19060610234737396,1.5742433071136475,0.0020008848514407873,-6.801582230764325e-08,-1.4184317478793673e-05,0.158912792801857,0.001002600067295134,-0.00023414315364789218,0.04014813154935837,0.27408722043037415,0.03488418087363243,-0.12730902433395386,0.004411798901855946,-0.00035065787960775197,0.0960339829325676,-0.09586003422737122,-0.09638863056898117,0.0960339680314064,0.13692648708820343,0.31270551681518555,0.13529066741466522,-0.031305473297834396,0.0013339233119040728,1.0,0.21047864854335785,-0.04507332295179367,0.016999954357743263,0.2174314707517624,-0.034302592277526855,0.09441713243722916,0.21047864854335785,-0.04507332295179367,0.011999954469501972
73,DESCEND,0,0.1895974576473236,0.36469465494155884,0.19067110121250153,1.571521282196045,0.0020243553444743156,-6.865112567311371e-08,-1.407929630659055e-05,0.1588132232427597,0.0009867461631074548,-5.277583113638684e-05,0.04030309244990349,0.2751350998878479,0.03230380266904831,-0.12908917665481567,0.0044156028889119625,-0.0003523829800542444,0.09622744470834732,-0.09611812978982925,-0.09658389538526535,0.09622742235660553,0.13751310110092163,0.31802481412887573,0.13465073704719543,-0.0335843563079834,0.0013495702296495438,1.0,0.2104785442352295,-0.045073214918375015,0.016999948769807816,0.21736542880535126,-0.03444039821624756,0.09317819029092789,0.2104785442352295,-0.045073214918375015,0.011999948881566525
74,DESCEND,0,0.19041337072849274,0.37227898836135864,0.19067440927028656,1.5687628984451294,0.002047731773927808,-6.911106709139858e-08,-1.3977343769511208e-05,0.1587059497833252,0.0009712310857139528,0.0001230745401699096,0.04045999050140381,0.276157408952713,0.029730524867773056,-0.13084842264652252,0.004417558666318655,-0.0003539066528901458,0.0963752344250679,-0.09632865339517593,-0.09673327952623367,0.0963752269744873,0.13810265064239502,0.3233492374420166,0.13397131860256195,-0.03588191792368889,0.0013651545159518719,1.0,0.21047855913639069,-0.045073214918375015,0.01699994131922722,0.21729815006256104,-0.034578587859869,0.09194038808345795,0.21047855913639069,-0.045073214918375015,0.011999942362308502
75,DESCEND,0,0.19123265147209167,0.37988027930259705,0.19061605632305145,1.5659679174423218,0.0020710155367851257,-7.000545565460925e-08,-1.3878403478884138e-05,0.1585923731327057,0.0009560341131873429,0.0002924612781498581,0.040619343519210815,0.27715590596199036,0.027162864804267883,-0.1325862854719162,0.004418045282363892,-0.0003552403359208256,0.09648473560810089,-0.09649866819381714,-0.09684418141841888,0.0964847281575203,0.13869540393352509,0.32867830991744995,0.13325265049934387,-0.0381983146071434,0.0013806771021336317,1.0,0.21047861874103546,-0.045073214918375015,0.01699993386864662,0.21722978353500366,-0.034716952592134476,0.09070352464914322,0.21047861874103546,-0.045073214918375015,0.011999933049082756
76,DESCEND,0,0.19205529987812042,0.38749822974205017,0.19049620628356934,1.563137412071228,0.002094208262860775,-7.047145800243015e-08,-1.3781784218735993e-05,0.15847355127334595,0.0009411311475560069,0.00045473402133211493,0.04078194499015808,0.2781297266483307,0.024602359160780907,-0.1343037486076355,0.00441729836165905,-0.00035641013528220356,0.0965629443526268,-0.09663485735654831,-0.09692360460758209,0.0965629369020462,0.1392911672592163,0.33401188254356384,0.13249510526657104,-0.0405326709151268,0.0013961389195173979,1.0,0.2104785442352295,-0.04507319629192352,0.016999930143356323,0.217160165309906,-0.03485574573278427,0.08946768194437027,0.2104785442352295,-0.04507319629192352,0.011999931186437607
77,DESCEND,0,0.19288139045238495,0.3951322138309479,0.19031500816345215,1.5602713823318481,0.002117311581969261,-7.147798442019848e-08,-1.3688123544852715e-05,0.15835040807724,0.0009265110129490495,0.0006094853742979467,0.04094717279076576,0.2790790796279907,0.02204984426498413,-0.13599902391433716,0.004415496718138456,-0.0003574467555154115,0.09661433845758438,-0.09674157202243805,-0.09697609394788742,0.09661433845758438,0.13989003002643585,0.33934950828552246,0.13169875741004944,-0.04288506507873535,0.0014115411322563887,1.0,0.2104785293340683,-0.04507319629192352,0.016999967396259308,0.21708938479423523,-0.03499490022659302,0.08823289722204208,0.2104785293340683,-0.04507319629192352,0.011999966576695442
78,DESCEND,0,0.19371092319488525,0.4027818441390991,0.19007261097431183,1.5573707818984985,0.0021403273567557335,-7.196682361154672e-08,-1.3597283214039635e-05,0.15822376310825348,0.0009121549082919955,0.0007564807892777026,0.04111526161432266,0.28000423312187195,0.019505120813846588,-0.13767291605472565,0.0044129034504294395,-0.00035831311834044755,0.09664475917816162,-0.09682455658912659,-0.09700746089220047,0.09664476662874222,0.14049223065376282,0.3446912467479706,0.13086342811584473,-0.04525526612997055,0.0014268849045038223,1.0,0.21047867834568024,-0.04507330060005188,0.01699995808303356,0.21701742708683014,-0.03513433784246445,0.08699902892112732,0.21047867834568024,-0.04507330060005188,0.01199995819479227
79,DESCEND,0,0.19454404711723328,0.41044649481773376,0.18976911902427673,1.5544357299804688,0.002163256984204054,-7.254289613456422e-08,-1.350944694422651e-05,0.15809424221515656,0.0008980441489256918,0.0008955981465987861,0.041286807507276535,0.2809058129787445,0.01696718856692314,-0.13932716846466064,0.004409634508192539,-0.0003590835549402982,0.09665656089782715,-0.09688607603311539,-0.09702008962631226,0.09665656089782715,0.1410977691411972,0.35003626346588135,0.12999016046524048,-0.04764239117503166,0.0014421714004129171,1.0,0.2104785144329071,-0.04507334902882576,0.01700003817677498,0.2169443666934967,-0.035274118185043335,0.0857662558555603,0.2104785144329071,-0.04507334902882576,0.012000038288533688
80,DESCEND,0,0.19538083672523499,0.4181259274482727,0.18940484523773193,1.5514668226242065,0.0021861016284674406,-7.324489814664048e-08,-1.342403356829891e-05,0.1579623967409134,0.0008841658709570765,0.001026814104989171,0.041461795568466187,0.2817825376987457,0.014439635910093784,-0.14095960557460785,0.004405743908137083,-0.00035978382220491767,0.09665238112211227,-0.09692878276109695,-0.09701661765575409,0.09665237367153168,0.14170655608177185,0.3553847670555115,0.1290786862373352,-0.05004652589559555,0.0014574010856449604,1.0,0.2104784995317459,-0.04507334157824516,0.017000041902065277,0.21687017381191254,-0.035414353013038635,0.08453438431024551,0.2104784995317459,-0.04507334157824516,0.012000041082501411
81,DESCEND,0,0.1962212771177292,0.4258194863796234,0.18897981941699982,1.5484645366668701,0.0022088629193603992,-7.387278344594961e-08,-1.3342251804715488e-05,0.1578286588191986,0.0008705105865374207,0.0011502642882987857,0.041639745235443115,0.28263556957244873,0.011920694261789322,-0.14257028698921204,0.00440146354958415,-0.0003603617660701275,0.0966365709900856,-0.09695710241794586,-0.09700143337249756,0.0966365784406662,0.14231877028942108,0.36073625087738037,0.12812918424606323,-0.052467428147792816,0.001472575357183814,1.0,0.2104785293340683,-0.04507334902882576,0.01700003445148468,0.21679487824440002,-0.03555493801832199,0.08330356329679489,0.2104785293340683,-0.04507334902882576,0.012000034563243389
82,DESCEND,0,0.19706547260284424,0.43352675437927246,0.18849432468414307,1.545428991317749,0.0022315424866974354,-7.439693661126512e-08,-1.3262478205433581e-05,0.15769344568252563,0.0008570622885599732,0.0012660670327022672,0.04182109236717224,0.2834647297859192,0.009411330334842205,-0.14415927231311798,0.004396768752485514,-0.00036083534359931946,0.09660890698432922,-0.09697075933218002,-0.09697432816028595,0.09660890698432922,0.14293459057807922,0.3660905361175537,0.12714193761348724,-0.05490485951304436,0.0014876950299367309,1.0,0.2104785144329071,-0.045073337852954865,0.017000041902065277,0.21671846508979797,-0.0356958843767643,0.0820736363530159,0.2104785144329071,-0.045073337852954865,0.012000041082501411
83,DESCEND,0,0.19791358709335327,0.4412473738193512,0.18794852495193481,1.5423610210418701,0.0022541412618011236,-7.478341501609975e-08,-1.3186185242375359e-05,0.15755712985992432,0.0008438079385086894,0.0013743744930252433,0.042006295174360275,0.284270316362381,0.006911441683769226,-0.14572793245315552,0.004391707479953766,-0.0003612440195865929,0.09657130390405655,-0.0969717875123024,-0.09693717956542969,0.09657129645347595,0.14355403184890747,0.3714473247528076,0.1261172741651535,-0.05735834687948227,0.0015027609188109636,1.0,0.2104785293340683,-0.04507334530353546,0.017000028863549232,0.21664094924926758,-0.03583728149533272,0.0808446928858757,0.2104785293340683,-0.04507334530353546,0.012000028975307941
84,DESCEND,0,0.1987656205892563,0.44898077845573425,0.1873425543308258,1.539260983467102,0.002276660641655326,-7.543373214957683e-08,-1.311201231146697e-05,0.1574200689792633,0.0008307363023050129,0.0014754107687622309,0.04219522699713707,0.2850523293018341,0.004422205965965986,-0.14727571606636047,0.004386416170746088,-0.0003616064786911011,0.09652601182460785,-0.09696250408887863,-0.09689226746559143,0.09652602672576904,0.14417724311351776,0.376806378364563,0.12505540251731873,-0.05982748791575432,0.0015177738387137651,1.0,0.2104785293340683,-0.04507335275411606,0.017000027000904083,0.216562420129776,-0.03597908839583397,0.07961670309305191,0.2104785293340683,-0.04507335275411606,0.012000026181340218
85,DESCEND,0,0.19962166249752045,0.4567264914512634,0.18667669594287872,1.5361287593841553,0.0022991029545664787,-7.58711991011296e-08,-1.3040339581493754e-05,0.15728244185447693,0.0008178355055861175,0.0015693980967625976,0.04238833487033844,0.28581100702285767,0.0019438709132373333,-0.14880111813545227,0.004380872473120689,-0.0003618844202719629,0.0964728444814682,-0.09694281220436096,-0.09683942049741745,0.0964728444814682,0.1448042243719101,0.38216733932495117,0.12395651638507843,-0.06231260299682617,0.0015327353030443192,1.0,0.2104785293340683,-0.04507334902882576,0.01700000837445259,0.21648281812667847,-0.036121394485235214,0.07838954776525497,0.2104785293340683,-0.04507334902882576,0.0120000084862113
86,DESCEND,0,0.20048178732395172,0.4644840657711029,0.18595115840435028,1.5329653024673462,0.002321469597518444,-7.633515508587152e-08,-1.2971292562724557e-05,0.15714453160762787,0.000805097515694797,0.001656597713008523,0.04258529841899872,0.2865462899208069,-0.0005237793666310608,-0.1503061205148697,0.004375153686851263,-0.0003620923380367458,0.09641390293836594,-0.0969148576259613,-0.09678076207637787,0.09641388803720474,0.14543509483337402,0.3875301480293274,0.1228206604719162,-0.06481313705444336,0.001547646475955844,1.0,0.21047866344451904,-0.04507330432534218,0.01699996553361416,0.21640215814113617,-0.03626405820250511,0.07716342061758041,0.21047866344451904,-0.04507330432534218,0.011999965645372868
87,DESCEND,0,0.20134612917900085,0.47225314378738403,0.18516606092453003,1.5297712087631226,0.002343760570511222,-7.692756298638415e-08,-1.2904340110253543e-05,0.15700651705265045,0.0007925106910988688,0.0017372668953612447,0.04278647527098656,0.28725922107696533,-0.0029806275852024555,-0.1517905741930008,0.0043692998588085175,-0.00036227484815753996,0.09634986519813538,-0.09687952697277069,-0.09671692550182343,0.09634986519813538,0.14607009291648865,0.39289435744285583,0.1216484010219574,-0.06732837855815887,0.0015625071246176958,1.0,0.21047867834568024,-0.04507330432534218,0.01699995994567871,0.2163204550743103,-0.03640727698802948,0.07593812048435211,0.21047867834568024,-0.04507330432534218,0.011999959126114845
88,DESCEND,0,0.20221476256847382,0.48003309965133667,0.18432176113128662,1.526546597480774,0.0023659784346818924,-7.72907426949132e-08,-1.284009704249911e-05,0.15686863660812378,0.0007800652529112995,0.0018116575665771961,0.042992379516363144,0.28794869780540466,-0.005425082985311747,-0.1532532125711441,0.0043633016757667065,-0.0003623548545874655,0.09628118574619293,-0.09683717787265778,-0.09664838016033173,0.09628117829561234,0.14670926332473755,0.3982594907283783,0.12044032663106918,-0.06985807418823242,0.0015773189952597022,1.0,0.2104785293340683,-0.04507334530353546,0.017000049352645874,0.21623778343200684,-0.036551035940647125,0.07471378147602081,0.2104785293340683,-0.04507334530353546,0.012000048533082008
89,DESCEND,0,0.203087717294693,0.48782363533973694,0.1834184229373932,1.5232924222946167,0.002388124354183674,-7.769975240989879e-08,-1.2778601558238734e-05,0.1567310392856598,0.0007677527610212564,0.0018800244433805346,0.043203145265579224,0.28861430287361145,-0.007855577394366264,-0.15469445288181305,0.00435719545930624,-0.00036241207271814346,0.09620784968137741,-0.09678804874420166,-0.09657516330480576,0.0962078645825386,0.14735272526741028,0.40362581610679626,0.11919590085744858,-0.0724022388458252,0.001592082902789116,1.0,0.2104784995317459,-0.04507334530353546,0.017000041902065277,0.21615402400493622,-0.036695193499326706,0.07349034398794174,0.2104784995317459,-0.04507334530353546,0.01200004294514656
90,DESCEND,0,0.20396524667739868,0.4956243336200714,0.18245631456375122,1.5200085639953613,0.002410199726000428,-7.817589420255899e-08,-1.2719311598630156e-05,0.15659388899803162,0.0007555658230558038,0.001942655653692782,0.04341864958405495,0.2892581820487976,-0.01027496624737978,-0.15611405670642853,0.004351046867668629,-0.0003624432429205626,0.09613148123025894,-0.09673384577035904,-0.09649884700775146,0.09613151103258133,0.1480005979537964,0.4089929461479187,0.1179158091545105,-0.0749606341123581,0.0016067998949438334,1.0,0.2104785293340683,-0.04507334157824516,0.017000040039420128,0.2160693109035492,-0.03683992475271225,0.07226773351430893,0.2104785293340683,-0.04507334157824516,0.012000040151178837
91,DESCEND,0,0.20484723150730133,0.5034347176551819,0.181435689330101,1.5166956186294556,0.0024322057142853737,-7.875917873434446e-08,-1.2662521839956753e-05,0.15645724534988403,0.0007434943108819425,0.0019997870549559593,0.04363946244120598,0.2898796796798706,-0.01268076803535223,-0.15751445293426514,0.004344786051660776,-0.0003624337259680033,0.0960516557097435,-0.09667413681745529,-0.09641901403665543,0.0960516706109047,0.14865300059318542,0.4143604636192322,0.11660026013851166,-0.07753285020589828,0.0016214705538004637,1.0,0.2104785293340683,-0.04507334530353546,0.01700003445148468,0.2159835696220398,-0.03698517009615898,0.07104599475860596,0.2104785293340683,-0.04507334530353546,0.012000033631920815
92,DESCEND,0,0.20573391020298004,0.5112543106079102,0.18035674095153809,1.5133535861968994,0.0024541437160223722,-7.900998610921306e-08,-1.260812314285431e-05,0.15632134675979614,0.0007315321709029377,0.002051651943475008,0.04386569932103157,0.29047882556915283,-0.015073285438120365,-0.1588927060365677,0.004338483326137066,-0.0003623424272518605,0.09596841782331467,-0.09660912305116653,-0.0963357537984848,0.09596841037273407,0.14931009709835052,0.41972821950912476,0.11524951457977295,-0.08011889457702637,0.0016360958106815815,1.0,0.2104785144329071,-0.04507334902882576,0.017000019550323486,0.215896874666214,-0.03713095933198929,0.06982508301734924,0.2104785144329071,-0.04507334902882576,0.01200001873075962
93,DESCEND,0,0.20662541687488556,0.5190827250480652,0.17921975255012512,1.5099838972091675,0.0024760165251791477,-7.925554257326439e-08,-1.2555509783851448e-05,0.1561862975358963,0.0007196709048002958,0.002098482334986329,0.04409752041101456,0.2910560369491577,-0.01745227910578251,-0.16025061905384064,0.0043321275152266026,-0.0003622214717324823,0.09588270634412766,-0.09653983265161514,-0.09624996036291122,0.09588270634412766,0.14997199177742004,0.4250960052013397,0.11386387050151825,-0.08271797746419907,0.0016506777610629797,1.0,0.2104785442352295,-0.04507334902882576,0.01700001209974289,0.2158091515302658,-0.03727738559246063,0.06860512495040894,0.2104785442352295,-0.04507334902882576,0.012000013142824173
94,DESCEND,0,0.20752188563346863,0.5269196033477783,0.17802508175373077,1.5065860748291016,0.0024978241417557,-7.965379467123057e-08,-1.2505111044447403e-05,0.15605221688747406,0.0007079067290760577,0.0021405289880931377,0.044334981590509415,0.29161080718040466,-0.01981654390692711,-0.16158680617809296,0.00432575773447752,-0.0003620823554228991,0.09579475969076157,-0.0964665561914444,-0.09616190940141678,0.09579474478960037,0.15063878893852234,0.4304637312889099,0.11244340240955353,-0.08533041179180145,0.0016652161721140146,1.0,0.21047867834568024,-0.04507330805063248,0.016999950632452965,0.21572047472000122,-0.037424419075250626,0.0673859640955925,0.21047867834568024,-0.04507330805063248,0.011999950744211674
95,DESCEND,0,0.2084234058856964,0.5347644686698914,0.17677289247512817,1.503161072731018,0.0025195686612278223,-8.006017537809385e-08,-1.2457257071218919e-05,0.155919149518013,0.0006962312618270516,0.002178012393414974,0.04457831010222435,0.29214420914649963,-0.022167200222611427,-0.16290383040905,0.004319373983889818,-0.0003619144845288247,0.09570494294166565,-0.0963897705078125,-0.09607193619012833,0.09570494294166565,0.15131086111068726,0.4358307123184204,0.11098918318748474,-0.08795499801635742,0.0016797124408185482,1.0,0.2104785442352295,-0.04507321119308472,0.016999943181872368,0.21563081443309784,-0.037572041153907776,0.06616764515638351,0.2104785442352295,-0.04507321119308472,0.011999943293631077
96,DESCEND,0,0.20933005213737488,0.5426167845726013,0.17546354234218597,1.4997093677520752,0.0025412507820874453,-8.045811483725629e-08,-1.241083737113513e-05,0.15578725934028625,0.000684636936057359,0.002211100421845913,0.04482844099402428,0.2926557660102844,-0.02450033277273178,-0.16419796645641327,0.0043129087425768375,-0.0003617018519435078,0.09561219811439514,-0.09630849212408066,-0.0959790050983429,0.09561221301555634,0.15198831260204315,0.44119715690612793,0.10950060188770294,-0.09059222787618637,0.0016941672656685114,1.0,0.2104785293340683,-0.045073192566633224,0.016999945044517517,0.21554015576839447,-0.03772030025720596,0.06495016068220139,0.2104785293340683,-0.045073192566633224,0.011999944224953651
97,DESCEND,0,0.21024204790592194,0.5504763126373291,0.17409732937812805,1.496231198310852,0.002562873298302293,-8.066772494430552e-08,-1.2367175258987118e-05,0.15565669536590576,0.0006731158937327564,0.0022399993613362312,0.045085612684488297,0.2931457459926605,-0.026819782331585884,-0.16547177731990814,0.004306497983634472,-0.0003614324959926307,0.09551824629306793,-0.09622444212436676,-0.09588482230901718,0.09551826119422913,0.15267138183116913,0.4465627074241638,0.10797825455665588,-0.0932416170835495,0.0017085822764784098,1.0,0.2104785442352295,-0.045073192566633224,0.016999930143356323,0.21544848382472992,-0.037869229912757874,0.06373344361782074,0.2104785442352295,-0.045073192566633224,0.011999930255115032
98,DESCEND,0,0.21115954220294952,0.5583425760269165,0.1726745218038559,1.4927268028259277,0.0025844364427030087,-8.108505511472686e-08,-1.2325051102379803e-05,0.15552745759487152,0.0006616615573875606,0.0022649031598120928,0.04535021260380745,0.29361429810523987,-0.029123084619641304,-0.16672609746456146,0.004300064407289028,-0.00036118330899626017,0.09542274475097656,-0.09613743424415588,-0.0957891047000885,0.09542271494865417,0.15336021780967712,0.451927125453949,0.10642264783382416,-0.09590291976928711,0.001722957706078887,1.0,0.2104785442352295,-0.04507320374250412,0.016999918967485428,0.21535588800907135,-0.03801886364817619,0.06251763552427292,0.2104785442352295,-0.04507320374250412,0.011999919079244137
99,DESCEND,0,0.2120826542377472,0.5662153363227844,0.17119546234607697,1.4891968965530396,0.002605942077934742,-8.126605166580703e-08,-1.2284430340514518e-05,0.15539968013763428,0.0006502711912617087,0.0022859980817884207,0.0456223227083683,0.29406237602233887,-0.03140980377793312,-0.16795818507671356,0.004293654579669237,-0.00036085431929677725,0.09532589465379715,-0.09604767709970474,-0.0956919863820076,0.09532588720321655,0.15405505895614624,0.4572902321815491,0.10483398288488388,-0.09857575595378876,0.0017372947186231613,1.0,0.2104785442352295,-0.04507320746779442,0.016999967396259308,0.2152622938156128,-0.03816923871636391,0.061302583664655685,0.2104785442352295,-0.04507320746779442,0.011999967508018017
100,DESCEND,1,0.21301154792308807,0.5740936994552612,0.16966043412685394,1.4856414794921875,0.00262739066965878,-8.155937791798351e-08,-1.2246566257090308e-05,0.1552734375,0.0006389375776052475,0.00230345013551414,0.045902591198682785,0.294489324092865,-0.033679667860269547,-0.16916915774345398,0.004287236370146275,-0.00036054709926247597,0.0952276811003685,-0.0959552749991417,-0.09559345990419388,0.0952276736497879,0.15475627779960632,0.4626515507698059,0.10321255028247833,-0.10126011073589325,0.00175159377977252,-1.0,0.21047866344451904,-0.045073315501213074,0.01699994131922722,0.21516777575016022,-0.03832031786441803,0.06008853018283844,0.21047866344451904,-0.045073315501213074,0.011999941430985928
101,DESCEND,1,0.21394167840480804,0.5819698572158813,0.16806535422801971,1.4820635318756104,0.0026210597716271877,-7.408557678445504e-08,-0.030011309310793877,0.1629994511604309,0.03062880039215088,-0.006270465441048145,0.04847249761223793,0.29520848393440247,-0.03585019335150719,-0.16922889649868011,0.017888318747282028,-0.0016864176141098142,-1.0612348318099976,1.0541688203811646,1.059543490409851,-1.0612348318099976,0.15546143054962158,0.46800467371940613,0.10155882686376572,-0.10395161807537079,0.0017473732586950064,-1.0,0.2104785442352295,-0.045073214918375015,0.01699994131922722,0.21507331728935242,-0.038471560925245285,0.05887667462229729,0.2104785442352295,-0.045073214918375015,0.011999941430985928
102,DESCEND,1,0.21488173305988312,0.5898570418357849,0.16641956567764282,1.4784609079360962,0.0026336906012147665,-6.55178951092239e-08,-0.06001070514321327,0.18816210329532623,0.06061724200844765,-0.03314053267240524,0.0468129999935627,0.29529327154159546,-0.03818061575293541,-0.1713123917579651,0.006238190922886133,-0.0005532183567993343,-1.3567684888839722,1.3473964929580688,1.3562111854553223,-1.3567683696746826,0.1561754047870636,0.47336071729660034,0.09987369179725647,-0.10665600001811981,0.0017557938117533922,-1.0,0.2104785293340683,-0.04507319629192352,0.01699994131922722,0.21497689187526703,-0.03862407058477402,0.05766445770859718,0.2104785293340683,-0.04507319629192352,0.011999942362308502
103,DESCEND,1,0.21582837402820587,0.5977497696876526,0.1647190898656845,1.4748343229293823,0.0026493207551538944,-7.097749943341114e-08,-0.09000992774963379,0.21632714569568634,0.09060558676719666,-0.06313470751047134,0.04696512967348099,0.29561665654182434,-0.04040449485182762,-0.17253459990024567,0.005326458252966404,-0.00046210631262511015,-1.3815672397613525,1.3720529079437256,1.3811004161834717,-1.3815672397613525,0.1568966805934906,0.4787151515483856,0.09815673530101776,-0.10937094688415527,0.0017662139143794775,-1.0,0.2104785442352295,-0.04507320374250412,0.016999930143356323,0.21487931907176971,-0.03877740725874901,0.05645288527011871,0.2104785442352295,-0.04507320374250412,0.011999929323792458
104,DESCEND,1,0.2167816460132599,0.6056463122367859,0.1629643440246582,1.4711846113204956,0.0026654358953237534,-7.046223515771999e-08,-0.11959657818078995,0.2441791296005249,0.12018138915300369,-0.09281989932060242,0.04719408601522446,0.29594436287879944,-0.04259892553091049,-0.17370975017547607,0.004797223024070263,-0.00040271569741889834,-1.339030146598816,1.3295178413391113,1.3386224508285522,-1.339030146598816,0.15762537717819214,0.4840666651725769,0.09640898555517197,-0.1120956763625145,0.0017769573023542762,-1.0,0.2104785442352295,-0.04507321119308472,0.016999972984194756,0.2147808074951172,-0.03893163800239563,0.055242232978343964,0.2104785442352295,-0.04507321119308472,0.011999973095953465
105,DESCEND,1,0.21774156391620636,0.6135463118553162,0.16115550696849823,1.4675123691558838,0.002681085839867592,-7.154321224334126e-08,-0.14754794538021088,0.27007871866226196,0.14812201261520386,-0.12054989486932755,0.04766925424337387,0.2962680757045746,-0.04477757588028908,-0.17474457621574402,0.005727194715291262,-0.0004891029093414545,-1.2349671125411987,1.2254329919815063,1.2344729900360107,-1.2349672317504883,0.15836182236671448,0.48941510915756226,0.09463023394346237,-0.11482986062765121,0.001787390559911728,-1.0,0.21047864854335785,-0.045073315501213074,0.01699996180832386,0.2146812230348587,-0.03908680006861687,0.05403248593211174,0.21047864854335785,-0.045073315501213074,0.011999961920082569
106,DESCEND,1,0.21870820224285126,0.6214491128921509,0.15929298102855682,1.4638175964355469,0.0026947360020130873,-7.190450901362055e-08,-0.17387287318706512,0.2930765450000763,0.17443639039993286,-0.14542517066001892,0.048254769295454025,0.2965853214263916,-0.04693596065044403,-0.17571058869361877,0.007288709748536348,-0.0006347768357954919,-1.1214855909347534,1.111547589302063,1.1208456754684448,-1.121485710144043,0.15910640358924866,0.49475976824760437,0.09282207489013672,-0.11757278442382812,0.0017964907456189394,-1.0,0.2104784995317459,-0.04507334530353546,0.01700005680322647,0.21458066999912262,-0.039242807775735855,0.05282372236251831,0.2104784995317459,-0.04507334530353546,0.01200005691498518
107,DESCEND,1,0.21968179941177368,0.6293542981147766,0.15737715363502502,1.4601013660430908,0.002706043655052781,-7.088354436746158e-08,-0.19866597652435303,0.3132276237010956,0.19921915233135223,-0.1675868034362793,0.04882810264825821,0.2968800663948059,-0.04907386377453804,-0.17666108906269073,0.008714783936738968,-0.0007667789468541741,-1.0162272453308105,1.005448818206787,1.0154553651809692,-1.0162272453308105,0.1598593294620514,0.5001007318496704,0.09098374098539352,-0.12032445520162582,0.0018040291033685207,-1.0,0.2104785144329071,-0.04507334902882576,0.017000041902065277,0.21447905898094177,-0.03939976170659065,0.051615770906209946,0.2104785144329071,-0.04507334902882576,0.012000041082501411
108,DESCEND,1,0.2206626832485199,0.6372620463371277,0.15540850162506104,1.4563629627227783,0.002715030685067177,-6.872545554870158e-08,-0.22201640903949738,0.33084943890571594,0.22255933284759521,-0.18742738664150238,0.049360547214746475,0.2971494197845459,-0.051196034997701645,-0.17760956287384033,0.00981504563242197,-0.0008675295393913984,-0.9229812622070312,0.9110180139541626,0.9221087694168091,-0.9229812622070312,0.16062119603157043,0.5054380297660828,0.08911624550819397,-0.12308494746685028,0.0018100205343216658,-1.0,0.2104785293340683,-0.04507334530353546,0.017000019550323486,0.21437637507915497,-0.039557717740535736,0.05040869116783142,0.2104785293340683,-0.04507334530353546,0.01200001873075962
109,DESCEND,1,0.22165115177631378,0.6451716423034668,0.15338736772537231,1.452604055404663,0.002721824450418353,-6.628187065871316e-08,-0.2440081685781479,0.3462928235530853,0.24454091489315033,-0.20535102486610413,0.049853160977363586,0.29739436507225037,-0.053299449384212494,-0.17855852842330933,0.010578588582575321,-0.0009365148725919425,-0.8414513468742371,0.8280744552612305,0.8405100107192993,-0.8414513468742371,0.16139280796051025,0.5107709169387817,0.08722027391195297,-0.1258528232574463,0.0018145496724173427,-1.0,0.2104784995317459,-0.045073337852954865,0.01700001023709774,0.2142726629972458,-0.03971659764647484,0.0492025762796402,0.2104784995317459,-0.045073337852954865,0.012000010348856449
110,DESCEND,1,0.222647562623024,0.6530830264091492,0.15131433308124542,1.448824405670166,0.002726580249145627,-6.331787716362669e-08,-0.2647203505039215,0.35987767577171326,0.26524293422698975,-0.22170986235141754,0.05031583085656166,0.2976135015487671,-0.05538073554635048,-0.179500550031662,0.011045217514038086,-0.000977790099568665,-0.770298421382904,0.7553814053535461,0.7693159580230713,-0.7702983617782593,0.16217418015003204,0.5160996913909912,0.0852956771850586,-0.12862882018089294,0.0018177202437072992,-1.0,0.21047866344451904,-0.04507330805063248,0.016999967396259308,0.2141677886247635,-0.039876654744148254,0.047997280955314636,0.21047866344451904,-0.04507330805063248,0.011999968439340591
111,DESCEND,1,0.22365231812000275,0.6609956622123718,0.1491898149251938,1.4450243711471558,0.0027294503524899483,-6.010317576965463e-08,-0.2842274010181427,0.3718797266483307,0.28473973274230957,-0.23679380118846893,0.05075623095035553,0.2978101670742035,-0.05744057893753052,-0.1804368495941162,0.011265194043517113,-0.0009963319171220064,-0.7080549001693726,0.691554069519043,0.7070541381835938,-0.7080549001693726,0.16296648979187012,0.5214235782623291,0.08334428071975708,-0.13141140341758728,0.0018196336459368467,-1.0,0.21047867834568024,-0.04507330805063248,0.016999971121549606,0.21406187117099762,-0.0400378555059433,0.046792950481176376,0.21047867834568024,-0.04507330805063248,0.011999971233308315
112,DESCEND,1,0.2246658056974411,0.6689091324806213,0.1470143347978592,1.4412046670913696,0.0027305777184665203,-5.669937763741473e-08,-0.30259934067726135,0.3825318217277527,0.303101509809494,-0.250836580991745,0.0511857233941555,0.29798322916030884,-0.05947194620966911,-0.18136098980903625,0.011285809800028801,-0.0009967676596716046,-0.6533920764923096,0.6353269815444946,0.6523910760879517,-0.6533921360969543,0.16377048194408417,0.5267423391342163,0.08136605471372604,-0.13420066237449646,0.0018203852232545614,-1.0,0.21047866344451904,-0.045073315501213074,0.016999946907162666,0.21395470201969147,-0.04020019993185997,0.04558945447206497,0.21047866344451904,-0.045073315501213074,0.011999947018921375
113,DESCEND,1,0.22568847239017487,0.6768234968185425,0.14478841423988342,1.4373658895492554,0.0027300973888486624,-5.3142723999144437e-08,-0.3199024200439453,0.39202940464019775,0.32039427757263184,-0.26402395963668823,0.05161299556493759,0.29813265800476074,-0.06147536262869835,-0.18227173388004303,0.01114868838340044,-0.0009830177295953035,-0.6051636934280396,0.5856004357337952,0.6041766405105591,-0.6051636934280396,0.16458651423454285,0.5320557355880737,0.07936235517263412,-0.1369953155517578,0.0018200649647042155,-1.0,0.2104785442352295,-0.04507320374250412,0.016999945044517517,0.2138463705778122,-0.0403638631105423,0.04438681900501251,0.2104785442352295,-0.04507320374250412,0.0119999460875988
114,DESCEND,1,0.22672083973884583,0.6847379207611084,0.14251269400119781,1.433508276939392,0.002728129271417856,-4.9543395164164394e-08,-0.3361985385417938,0.4005362093448639,0.33668026328086853,-0.2765025496482849,0.052043698728084564,0.29825884103775024,-0.06344587355852127,-0.18316473066806793,0.010889161378145218,-0.0009584429208189249,-0.5624036192893982,0.5414421558380127,0.5614413022994995,-0.5624035596847534,0.16541625559329987,0.5373634696006775,0.07733273506164551,-0.1397959440946579,0.0018187528476119041,-1.0,0.2104785442352295,-0.04507321119308472,0.01699993386864662,0.21373668313026428,-0.0405287928879261,0.04318501800298691,0.2104785442352295,-0.04507321119308472,0.01199993398040533
115,DESCEND,1,0.22776338458061218,0.6926522254943848,0.14018774032592773,1.4296327829360962,0.0027247867546975613,-4.6058232783252606e-08,-0.3515465557575226,0.4081895649433136,0.35201796889305115,-0.2883874177932739,0.05248741805553436,0.2983626127243042,-0.0653868317604065,-0.1840420663356781,0.010536441579461098,-0.0009257671772502363,-0.5243068337440491,0.5020694136619568,0.5233774185180664,-0.5243068337440491,0.1662600189447403,0.5426650643348694,0.0752788707613945,-0.1426011025905609,0.0018165245419368148,-1.0,0.21047855913639069,-0.045073218643665314,0.016999918967485428,0.21362565457820892,-0.04069521650671959,0.0419841930270195,0.21047855913639069,-0.045073218643665314,0.011999919079244137
116,DESCEND,1,0.22881671786308289,0.7005661725997925,0.13781413435935974,1.4257396459579468,0.0027201701886951923,-4.254697927308371e-08,-0.3660014569759369,0.4151046872138977,0.3664626479148865,-0.2997680902481079,0.05294758826494217,0.298442542552948,-0.06729267537593842,-0.1848980337381363,0.010114814154803753,-0.000887206697370857,-0.4901962876319885,0.4668198227882385,0.4893057346343994,-0.4901963174343109,0.1671193540096283,0.5479600429534912,0.07320185750722885,-0.1454099863767624,0.0018134468700736761,-1.0,0.2104785293340683,-0.04507320001721382,0.01699995994567871,0.21351321041584015,-0.04086316376924515,0.040784191340208054,0.2104785293340683,-0.04507320001721382,0.01199996005743742
117,DESCEND,1,0.2298814058303833,0.7084792256355286,0.13539257645606995,1.4218295812606812,0.002714373404160142,-3.916623825261922e-08,-0.3796153962612152,0.42137855291366577,0.3800661265850067,-0.3107139468193054,0.05343161150813103,0.2984980046749115,-0.06916076689958572,-0.1857297122478485,0.009643967263400555,-0.0008445594576187432,-0.459509015083313,0.4351378381252289,0.4586612582206726,-0.4595089852809906,0.16799601912498474,0.5532480478286743,0.0711018443107605,-0.14822229743003845,0.0018095823470503092,-1.0,0.21047867834568024,-0.045073315501213074,0.016999956220388412,0.21339932084083557,-0.041032593697309494,0.039585210382938385,0.21047867834568024,-0.045073315501213074,0.011999957263469696
118,DESCEND,1,0.23095881938934326,0.7163809537887573,0.13292331993579865,1.4179035425186157,0.0027074101381003857,-3.42510979578492e-08,-0.3924371302127838,0.4270903170108795,0.39287641644477844,-0.32127633690834045,0.06339102238416672,0.2540586590766907,-0.10875125229358673,-0.15521252155303955,0.012946701608598232,-0.007778042461723089,-0.4131501317024231,0.38745352625846863,0.41240793466567993,-0.4131501317024231,0.16888758540153503,0.5585194230079651,0.06899125128984451,-0.15102919936180115,0.0018049401696771383,-1.0,0.21047723293304443,-0.04507217928767204,0.017000842839479446,0.2132846564054489,-0.041204098612070084,0.03838865086436272,0.21047723293304443,-0.04507217928767204,0.01200084201991558
119,DESCEND,1,0.23185165226459503,0.7167056202888489,0.13361257314682007,1.4142210483551025,0.002699054777622223,-3.9825447828434335e-08,-0.40451276302337646,0.42963168025016785,0.4051477909088135,-0.32870203256607056,0.07398532330989838,-0.29288750886917114,0.19774669408798218,-0.1521122306585312,0.022258508950471878,-0.01885494589805603,-0.3107827305793762,0.28364327549934387,0.31002840399742126,-0.31078284978866577,0.16938996315002441,0.5587297677993774,0.06963486969470978,-0.15331420302391052,0.0017993699293583632,-1.0,0.21044838428497314,-0.04515514150261879,0.016990531235933304,0.21329404413700104,-0.04137074202299118,0.0381590873003006,0.21044838428497314,-0.04515514150261879,0.011990531347692013
120,DESCEND,1,0.23251646757125854,0.7149240970611572,0.13586623966693878,1.410660743713379,0.002689092420041561,-3.6366671452015e-08,-0.4158857762813568,0.43183690309524536,0.41696465015411377,-0.3358587920665741,0.03223416954278946,-0.3801674246788025,0.24226093292236328,-0.1617107093334198,0.012007702142000198,-0.001295404857955873,-0.31216198205947876,0.28455716371536255,0.31121572852134705,-0.31216204166412354,0.16954444348812103,0.5576829314231873,0.07112672924995422,-0.15570974349975586,0.0017927283188328147,-1.0,0.2104213684797287,-0.0451817661523819,0.01698281057178974,0.21324746310710907,-0.04148229584097862,0.03816404938697815,0.2104213684797287,-0.0451817661523819,0.01198281068354845
121,DESCEND,1,0.23206956684589386,0.7133444547653198,0.13812527060508728,1.4070996046066284,0.002684967825189233,-2.988744540743937e-07,-0.4265962839126587,0.4368736147880554,0.4267350435256958,-0.34730151295661926,-0.23952265083789825,-0.3262938857078552,0.24950075149536133,-0.15196889638900757,0.03523334115743637,-0.022653568536043167,-0.11566361784934998,0.08786505460739136,0.11441934108734131,-0.11566364020109177,0.1694512814283371,0.5566961765289307,0.07251535356044769,-0.15813224017620087,0.0017899785889312625,-1.0,0.21042822301387787,-0.04515945538878441,0.016981372609734535,0.21323083341121674,-0.041396018117666245,0.03813886642456055,0.21042822301387787,-0.04515945538878441,0.011981372721493244
122,DESCEND,1,0.23231284320354462,0.7117334008216858,0.14031462371349335,1.4035285711288452,0.0026674303226172924,-1.5888458904100844e-07,-0.4366847276687622,0.4491584300994873,0.43464258313179016,-0.3671301305294037,-0.08134371042251587,-0.37955042719841003,0.24872490763664246,-0.15665513277053833,0.0206681527197361,-0.014753718860447407,-0.33587217330932617,0.30901411175727844,0.33553871512413025,-0.33587217330932617,0.1695423573255539,0.555732250213623,0.07390205562114716,-0.16055512428283691,0.0017782868817448616,-1.0,0.21042121946811676,-0.045175693929195404,0.016980336979031563,0.21319839358329773,-0.04143314063549042,0.03812209144234657,0.21042121946811676,-0.045175693929195404,0.011980337090790272
123,DESCEND,1,0.2321528196334839,0.7101100087165833,0.14256229996681213,1.3999594449996948,0.002661605831235647,-2.712025093387638e-07,-0.44618573784828186,0.4579131305217743,0.4430144131183624,-0.38189446926116943,-0.1981092393398285,-0.3691334128379822,0.25664249062538147,-0.15385723114013672,0.03230775520205498,-0.021663257852196693,-0.12167087197303772,0.0998094379901886,0.12066355347633362,-0.12167079001665115,0.16951799392700195,0.5547388792037964,0.07529504597187042,-0.16298556327819824,0.001774403965100646,-1.0,0.2104244828224182,-0.045167986303567886,0.016980301588773727,0.2131752222776413,-0.04139821231365204,0.038104258477687836,0.2104244828224182,-0.045167986303567886,0.011980301700532436
124,DESCEND,1,0.232221320271492,0.7085435390472412,0.14475788176059723,1.3963816165924072,0.0026456417981535196,-1.9020066588382178e-07,-0.4551342725753784,0.46803903579711914,0.450105220079422,-0.3984275162220001,-0.1120465025305748,-0.37869808077812195,0.25161874294281006,-0.15372124314308167,0.02512238547205925,-0.018213672563433647,-0.22045530378818512,0.19802580773830414,0.21991539001464844,-0.22045530378818512,0.16956615447998047,0.5537958145141602,0.07666447758674622,-0.1654202938079834,0.0017637612763792276,-1.0,0.21042273938655853,-0.045174624770879745,0.016980785876512527,0.2131461352109909,-0.041403885930776596,0.03808078542351723,0.21042273938655853,-0.045174624770879745,0.011980785988271236
125,DESCEND,1,0.23220589756965637,0.7069279551506042,0.14700107276439667,1.3928039073944092,0.002635712269693613,-2.4529353481739236e-07,-0.4635618329048157,0.47555339336395264,0.4574684798717499,-0.41122496128082275,-0.16717079281806946,-0.37703967094421387,0.2508357763290405,-0.15622778236865997,0.03183834254741669,-0.020579330623149872,-0.07393345236778259,0.05599638819694519,0.0729043185710907,-0.07393355667591095,0.16959553956985474,0.5528173446655273,0.07805319130420685,-0.16786067187786102,0.0017571415519341826,-1.0,0.2104225903749466,-0.04517913609743118,0.016980145126581192,0.2131175845861435,-0.04139430820941925,0.03806228190660477,0.2104225903749466,-0.04517913609743118,0.011980145238339901
126,DESCEND,1,0.2321818321943283,0.7053539156913757,0.14920613169670105,1.389219045639038,0.002619900507852435,-2.1269188721362298e-07,-0.47149911522865295,0.48303842544555664,0.46393099427223206,-0.42414340376853943,-0.13627910614013672,-0.3779236674308777,0.24843572080135345,-0.15527786314487457,0.02939486876130104,-0.020193202421069145,-0.1022893488407135,0.0839819610118866,0.10147351026535034,-0.1022893637418747,0.16961590945720673,0.5518650412559509,0.0794210284948349,-0.17030160129070282,0.0017466003773733974,-1.0,0.21042469143867493,-0.045180533081293106,0.01698099821805954,0.21309202909469604,-0.041383881121873856,0.03803972527384758,0.21042469143867493,-0.045180533081293106,0.011980997398495674
127,DESCEND,1,0.2321922779083252,0.70374596118927,0.15144434571266174,1.3856326341629028,0.002606077352538705,-2.3015697081518738e-07,-0.47897449135780334,0.489284485578537,0.47034767270088196,-0.43520087003707886,-0.15319949388504028,-0.38010913133621216,0.2477821409702301,-0.15754243731498718,0.03170238807797432,-0.019852185621857643,-0.02937743067741394,0.01396411657333374,0.028327971696853638,-0.029377400875091553,0.16964119672775269,0.5508955121040344,0.08081059157848358,-0.17274610698223114,0.0017373849404975772,-1.0,0.21042393147945404,-0.04518284276127815,0.016980335116386414,0.21306300163269043,-0.041378941386938095,0.03802055865526199,0.21042393147945404,-0.04518284276127815,0.011980335228145123
128,DESCEND,1,0.23215250670909882,0.7021621465682983,0.15366438031196594,1.3820401430130005,0.0025897023733705282,-2.2321498249766591e-07,-0.4860149323940277,0.4950680136680603,0.4761999547481537,-0.44573408365249634,-0.1480497419834137,-0.3794931173324585,0.24713702499866486,-0.1565631628036499,0.03162221610546112,-0.02053040824830532,-0.020316243171691895,0.005193948745727539,0.019329696893692017,-0.020316317677497864,0.16965465247631073,0.5499371886253357,0.08218774199485779,-0.17519187927246094,0.0017264683265239,-1.0,0.210425466299057,-0.045182500034570694,0.016980860382318497,0.21303711831569672,-0.04136550426483154,0.03799891099333763,0.210425466299057,-0.045182500034570694,0.011980859562754631
129,DESCEND,1,0.23215848207473755,0.7005641460418701,0.15589724481105804,1.3784449100494385,0.0025732426438480616,-2.2351086670369114e-07,-0.4926457107067108,0.5002374649047852,0.48182612657546997,-0.45532554388046265,-0.14820995926856995,-0.38209810853004456,0.24661454558372498,-0.15787526965141296,0.03207675740122795,-0.019734244793653488,0.013694405555725098,-0.027155756950378418,-0.01476353406906128,0.01369456946849823,0.16967640817165375,0.5489742755889893,0.08357560634613037,-0.17764005064964294,0.001715495134703815,-1.0,0.21042492985725403,-0.045183636248111725,0.016980528831481934,0.213008850812912,-0.041359927505254745,0.03797886148095131,0.21042492985725403,-0.045183636248111725,0.011980528943240643
130,DESCEND,1,0.23212598264217377,0.6989763379096985,0.158126100897789,1.3748455047607422,0.0025558562483638525,-2.2548361755525548e-07,-0.49889063835144043,0.5048282742500305,0.4870906472206116,-0.46417370438575745,-0.15185585618019104,-0.38192445039749146,0.2463417649269104,-0.15753522515296936,0.032780375331640244,-0.020351633429527283,0.03760361671447754,-0.05036914348602295,-0.038684725761413574,0.03760369122028351,0.16969077289104462,0.5480151176452637,0.08495836704969406,-0.1800902783870697,0.0017039042431861162,-1.0,0.21042577922344208,-0.04518335685133934,0.016980677843093872,0.21298225224018097,-0.04134763777256012,0.037957653403282166,0.21042577922344208,-0.04518335685133934,0.011980677023530006
131,DESCEND,1,0.23212255537509918,0.6973846554756165,0.16035693883895874,1.3712424039840698,0.0025376148987561464,-2.2141745148474001e-07,-0.5047721266746521,0.5090551376342773,0.49206578731536865,-0.47247475385665894,-0.14801324903964996,-0.3839210271835327,0.24571441113948822,-0.1582845151424408,0.03268351033329964,-0.019730953499674797,0.0555170476436615,-0.06730583310127258,-0.05661541223526001,0.055517107248306274,0.16971060633659363,0.5470563173294067,0.08634387701749802,-0.18254312872886658,0.001691743265837431,-1.0,0.2104257196187973,-0.04518406465649605,0.0169806107878685,0.212954580783844,-0.04134048894047737,0.03793700784444809,0.2104257196187973,-0.04518406465649605,0.011980611830949783
132,DESCEND,1,0.23209945857524872,0.6957961320877075,0.16258950531482697,1.3676352500915527,0.002518990309908986,-2.2503665775275294e-07,-0.5103116631507874,0.5127851963043213,0.4967727065086365,-0.4800995886325836,-0.15250301361083984,-0.3843500316143036,0.24546794593334198,-0.15838338434696198,0.033369556069374084,-0.020034968852996826,0.07994195818901062,-0.09094291925430298,-0.08106920123100281,0.0799420177936554,0.16972693800926208,0.5460982322692871,0.08772923797369003,-0.1849982738494873,0.0016793268732726574,-1.0,0.2104261815547943,-0.04518409073352814,0.016980642452836037,0.21292760968208313,-0.041329823434352875,0.03791601210832596,0.2104261815547943,-0.04518409073352814,0.011980642564594746
133,DESCEND,1,0.23208825290203094,0.694209635257721,0.16482126712799072,1.36402428150177,0.0024994576815515757,-2.2147293066154816e-07,-0.5155285596847534,0.516248881816864,0.5011948943138123,-0.48733216524124146,-0.14965200424194336,-0.38573217391967773,0.24490854144096375,-0.15880261361598969,0.0332704558968544,-0.019699817523360252,0.09294939041137695,-0.10327774286270142,-0.0940740704536438,0.09294945001602173,0.1697455644607544,0.5451430082321167,0.0891140028834343,-0.18745605647563934,0.0016663051210343838,-1.0,0.21042640507221222,-0.045184530317783356,0.0169806070625782,0.21290025115013123,-0.041321296244859695,0.03789488226175308,0.21042640507221222,-0.045184530317783356,0.011980606243014336
134,DESCEND,1,0.23207128047943115,0.6926226019859314,0.16705508530139923,1.3604096174240112,0.0024796118959784508,-2.237422904727282e-07,-0.5204418897628784,0.5193415880203247,0.5053886771202087,-0.494033545255661,-0.15258903801441193,-0.38668859004974365,0.2446105182170868,-0.15914548933506012,0.033709827810525894,-0.01971955969929695,0.11309349536895752,-0.12267935276031494,-0.11424201726913452,0.11309340596199036,0.16976293921470642,0.5441873073577881,0.09049996733665466,-0.18991582095623016,0.0016530746361240745,-1.0,0.2104267030954361,-0.04518474265933037,0.016980625689029694,0.21287311613559723,-0.041311781853437424,0.037873875349760056,0.2104267030954361,-0.04518474265933037,0.011980624869465828
135,DESCEND,1,0.2318541556596756,0.6913127303123474,0.16873857378959656,1.3567547798156738,0.0024589598178863525,-2.228146911420481e-07,-0.5250693559646606,0.5224201679229736,0.5090579986572266,-0.5008775591850281,-0.160150408744812,-0.30643972754478455,0.2273268699645996,-0.15434405207633972,0.03232495114207268,-0.022572800517082214,0.07268662750720978,-0.08330479264259338,-0.073516845703125,0.07268662750720978,0.16975925862789154,0.5433018803596497,0.09177576005458832,-0.19219669699668884,0.0016393065452575684,-1.0,0.2104259580373764,-0.04518265649676323,0.016981694847345352,0.21291399002075195,-0.041281551122665405,0.03784088417887688,0.2104259580373764,-0.04518265649676323,0.011981694959104061
136,DESCEND,1,0.23197302222251892,0.6896858215332031,0.17092686891555786,1.3531432151794434,0.0024380809627473354,-2.148143636304667e-07,-0.5294277667999268,0.5252280235290527,0.5128936767578125,-0.5069609880447388,-0.14185045659542084,-0.3835669457912445,0.24762070178985596,-0.16329829394817352,0.032674383372068405,-0.017470603808760643,0.13410042226314545,-0.1413034200668335,-0.13527536392211914,0.13410037755966187,0.1697929948568344,0.5423241257667542,0.09316976368427277,-0.19463324546813965,0.001625387347303331,-1.0,0.21042387187480927,-0.0451868511736393,0.016979891806840897,0.21289090812206268,-0.041297897696495056,0.03782908245921135,0.21042387187480927,-0.0451868511736393,0.01197989284992218
137,DESCEND,1,0.23185107111930847,0.6881124973297119,0.1731444001197815,1.3495315313339233,0.0024169939570128918,-2.3308592744797352e-07,-0.5335322022438049,0.5272576808929443,0.5163889527320862,-0.5122312903404236,-0.16583219170570374,-0.3846551179885864,0.25003713369369507,-0.16045016050338745,0.03547927737236023,-0.021525157615542412,0.15930227935314178,-0.1674257516860962,-0.1604437232017517,0.15930229425430298,0.1697845458984375,0.5413678884506226,0.09454503655433655,-0.19708506762981415,0.0016113293822854757,-1.0,0.21042773127555847,-0.045182131230831146,0.016980895772576332,0.2128695249557495,-0.041270457208156586,0.03780805319547653,0.21042773127555847,-0.045182131230831146,0.011980895884335041
138,DESCEND,1,0.2319105565547943,0.6865246295928955,0.1753731369972229,1.345916986465454,0.0023942089173942804,-2.101570970580724e-07,-0.537398099899292,0.5297147035598755,0.5197010636329651,-0.5178433656692505,-0.1395483911037445,-0.39515984058380127,0.24909625947475433,-0.16353057324886322,0.032904475927352905,-0.018056895583868027,0.14804181456565857,-0.1551346480846405,-0.14916473627090454,0.14804181456565857,0.169817715883255,0.5404195785522461,0.09593015909194946,-0.19954507052898407,0.0015961392782628536,-1.0,0.2104264199733734,-0.045185528695583344,0.01698029413819313,0.212840273976326,-0.041274502873420715,0.03778868168592453,0.2104264199733734,-0.045185528695583344,0.011980293318629265
139,DESCEND,1,0.2318476140499115,0.6849498152732849,0.17760591208934784,1.342299222946167,0.0023728597443550825,-2.3368519919131359e-07,-0.5410389304161072,0.531412661075592,0.5229063034057617,-0.5224918127059937,-0.1661953330039978,-0.39346763491630554,0.2496182769536972,-0.16280294954776764,0.03565360605716705,-0.020262686535716057,0.19109660387039185,-0.19765377044677734,-0.19230657815933228,0.19109651446342468,0.169826477766037,0.5394695997238159,0.09731127321720123,-0.2020057886838913,0.0015819065738469362,-1.0,0.21042786538600922,-0.04518422484397888,0.016980499029159546,0.21281473338603973,-0.04125696048140526,0.037767358124256134,0.21042786538600922,-0.04518422484397888,0.011980499140918255
140,DESCEND,1,0.2318587601184845,0.6833807229995728,0.17982879281044006,1.3386766910552979,0.0023490942548960447,-2.128044513938221e-07,-0.544468104839325,0.5335305333137512,0.5257993340492249,-0.5276108384132385,-0.14414919912815094,-0.3974628746509552,0.24853524565696716,-0.16362905502319336,0.03343859314918518,-0.0186166875064373,0.16769030690193176,-0.17417407035827637,-0.1687929630279541,0.16769027709960938,0.16985009610652924,0.5385298728942871,0.09868991374969482,-0.20446960628032684,0.0015660629142075777,-1.0,0.21042795479297638,-0.04518543556332588,0.016980484127998352,0.2127874344587326,-0.041252486407756805,0.03774590045213699,0.21042795479297638,-0.04518543556332588,0.011980484239757061
141,DESCEND,1,0.231832817196846,0.6818064451217651,0.182064950466156,1.3350517749786377,0.002326851710677147,-2.2938947097372875e-07,-0.5476975440979004,0.5350840091705322,0.5286749005317688,-0.5319110155105591,-0.1621379256248474,-0.39742451906204224,0.24869795143604279,-0.16401931643486023,0.03527423366904259,-0.01930643431842327,0.20616097748279572,-0.21160665154457092,-0.20736899971961975,0.20616090297698975,0.16986654698848724,0.5375844240188599,0.1000741645693779,-0.20693549513816833,0.0015512345125898719,-1.0,0.21042808890342712,-0.045185383409261703,0.01698032021522522,0.21276026964187622,-0.04124131798744202,0.037724658846855164,0.21042808890342712,-0.045185383409261703,0.011980321258306503
142,DESCEND,1,0.23181724548339844,0.6802425384521484,0.1842896044254303,1.331421971321106,0.002302713692188263,-2.1751975509687327e-07,-0.5507394075393677,0.5368457436561584,0.531256377696991,-0.5364623069763184,-0.15061920881271362,-0.3992452323436737,0.248027041554451,-0.1640307754278183,0.03412344679236412,-0.01885923370718956,0.19200551509857178,-0.19753509759902954,-0.1931232511997223,0.19200539588928223,0.16988472640514374,0.5366466045379639,0.1014520451426506,-0.20940344035625458,0.0015351425390690565,-1.0,0.21042883396148682,-0.04518558830022812,0.016980543732643127,0.21273386478424072,-0.04123226925730705,0.03770264983177185,0.21042883396148682,-0.04518558830022812,0.011980543844401836
143,DESCEND,1,0.23180803656578064,0.6786706447601318,0.18652547895908356,1.327789306640625,0.0022793682292103767,-2.2496287499507162e-07,-0.5536040663719177,0.53830486536026,0.5337991118431091,-0.540507435798645,-0.15830372273921967,-0.3998318314552307,0.2475029081106186,-0.1651405394077301,0.034889787435531616,-0.018693193793296814,0.21565981209278107,-0.22024613618850708,-0.21684396266937256,0.2156597375869751,0.16990457475185394,0.5357049703598022,0.1028365045785904,-0.21187393367290497,0.0015195788582786918,-1.0,0.2104286253452301,-0.04518608748912811,0.016980336979031563,0.2127063274383545,-0.04122404009103775,0.037681423127651215,0.2104286253452301,-0.04518608748912811,0.011980337090790272
144,DESCEND,1,0.23179030418395996,0.6771140694618225,0.18874086439609528,1.3241512775421143,0.0022548926062881947,-2.1890657819767512e-07,-0.5563019514083862,0.5397908687591553,0.5361201167106628,-0.5445650815963745,-0.1530873030424118,-0.39867937564849854,0.24678277969360352,-0.1640922874212265,0.03425074741244316,-0.01848018541932106,0.20928947627544403,-0.21384498476982117,-0.21041283011436462,0.20928955078125,0.16992178559303284,0.5347707867622375,0.10421313345432281,-0.21434275805950165,0.001503261737525463,-1.0,0.21042923629283905,-0.04518597200512886,0.01698053628206253,0.21268124878406525,-0.041214894503355026,0.037659138441085815,0.21042923629283905,-0.04518597200512886,0.011980535462498665
145,DESCEND,1,0.23178084194660187,0.6755574941635132,0.19096286594867706,1.3205106258392334,0.0022307774052023888,-2.2403204980037117e-07,-0.5588429570198059,0.5410668253898621,0.5383755564689636,-0.5482582449913025,-0.1578947901725769,-0.4035891890525818,0.24868682026863098,-0.1643024981021881,0.03494489938020706,-0.018374819308519363,0.2289237678050995,-0.23268291354179382,-0.23009821772575378,0.22892379760742188,0.16994093358516693,0.5338385105133057,0.10559229552745819,-0.21681475639343262,0.001487185014411807,-1.0,0.21042922139167786,-0.04518608748912811,0.01698034256696701,0.21265505254268646,-0.04120693728327751,0.03763677552342415,0.21042922139167786,-0.04518608748912811,0.011980341747403145
146,DESCEND,1,0.23175786435604095,0.6740041375160217,0.19318844377994537,1.3168666362762451,0.0022059099283069372,-2.2211528971638472e-07,-0.5612359046936035,0.5423225164413452,0.5404563546180725,-0.5518906712532043,-0.15654082596302032,-0.4042896330356598,0.2486363649368286,-0.16409805417060852,0.03486203774809837,-0.018501799553632736,0.22975116968154907,-0.23332348465919495,-0.23089301586151123,0.22975116968154907,0.16995787620544434,0.5329083800315857,0.10696960985660553,-0.2192908227443695,0.0014706066576763988,-1.0,0.21042977273464203,-0.04518580436706543,0.016980480402708054,0.21262876689434052,-0.041196566075086594,0.037613846361637115,0.21042977273464203,-0.04518580436706543,0.011980480514466763
147,DESCEND,1,0.23175129294395447,0.672446608543396,0.19541800022125244,1.3132197856903076,0.002180971670895815,-2.2211361283552833e-07,-0.5634898543357849,0.5434937477111816,0.542452871799469,-0.5553218126296997,-0.15659019351005554,-0.4056944251060486,0.2484102100133896,-0.1646004021167755,0.03485241159796715,-0.01809181645512581,0.2380262315273285,-0.24101194739341736,-0.23918086290359497,0.23802617192268372,0.16997872292995453,0.5319773554801941,0.10835018008947372,-0.22176878154277802,0.0014539811527356505,-1.0,0.21042972803115845,-0.04518628865480423,0.0169803686439991,0.21260185539722443,-0.04118892550468445,0.037591591477394104,0.21042972803115845,-0.04518628865480423,0.011980368755757809
148,DESCEND,1,0.231729656457901,0.6708937287330627,0.19764676690101624,1.3095691204071045,0.0021557752043008804,-2.2407952826597466e-07,-0.5656126141548157,0.5445727705955505,0.5443274974822998,-0.5585837960243225,-0.15907767415046692,-0.40659409761428833,0.24831487238407135,-0.1646541953086853,0.0351235456764698,-0.018239613622426987,0.24565868079662323,-0.24828705191612244,-0.24681201577186584,0.2456587255001068,0.1699964851140976,0.531048595905304,0.10972873866558075,-0.22424912452697754,0.0014371834695339203,-1.0,0.21043023467063904,-0.04518624022603035,0.016980424523353577,0.2125755250453949,-0.04117877036333084,0.03756893426179886,0.21043023467063904,-0.04518624022603035,0.011980424635112286
149,DESCEND,1,0.23172049224376678,0.6693408489227295,0.19987539947032928,1.3059146404266357,0.002130175242200494,-2.2213775707768946e-07,-0.5676119327545166,0.5456478595733643,0.5460941195487976,-0.5617630481719971,-0.15709124505519867,-0.40837061405181885,0.24806901812553406,-0.16506129503250122,0.03489655256271362,-0.017843307927250862,0.2485199272632599,-0.2507345676422119,-0.24966610968112946,0.24851998686790466,0.17001669108867645,0.5301212072372437,0.11110788583755493,-0.22673162817955017,0.0014201168669387698,-1.0,0.21043045818805695,-0.045186642557382584,0.016980398446321487,0.21254892647266388,-0.04117083549499512,0.03754633665084839,0.21043045818805695,-0.045186642557382584,0.011980397626757622
150,DESCEND,1,0.2317027896642685,0.6677893400192261,0.20210616290569305,1.3022571802139282,0.0021045461762696505,-2.2504593744088197e-07,-0.5694949626922607,0.5466216206550598,0.5477743148803711,-0.5647441744804382,-0.16015440225601196,-0.40911978483200073,0.24790030717849731,-0.16548357903957367,0.03519698232412338,-0.017872747033834457,0.2576175630092621,-0.2593822479248047,-0.25877439975738525,0.2576175928115845,0.1700354665517807,0.5291945934295654,0.11248713731765747,-0.22921626269817352,0.0014030308229848742,-1.0,0.2104307860136032,-0.04518671706318855,0.016980372369289398,0.21252240240573883,-0.041161298751831055,0.037523746490478516,0.2104307860136032,-0.04518671706318855,0.011980371549725533
151,DESCEND,1,0.23150773346424103,0.6665803790092468,0.203765869140625,1.2985589504241943,0.0020785522647202015,-2.2011913358710444e-07,-0.5712682604789734,0.5477951169013977,0.5491099953651428,-0.568093478679657,-0.1616072952747345,-0.3310074210166931,0.22538717091083527,-0.1619529128074646,0.03425651788711548,-0.021614620462059975,0.20738667249679565,-0.21035325527191162,-0.20819668471813202,0.20738667249679565,0.17004704475402832,0.5283798575401306,0.11373594403266907,-0.23152637481689453,0.0013857015874236822,-1.0,0.2104301154613495,-0.04518572613596916,0.016981715336441994,0.2125624418258667,-0.04113500565290451,0.037481531500816345,0.2104301154613495,-0.04518572613596916,0.011981715448200703
152,DESCEND,1,0.23162372410297394,0.6649496555328369,0.2059943825006485,1.2949081659317017,0.0020522752311080694,-2.1499091928944836e-07,-0.5729384422302246,0.548749566078186,0.5507278442382812,-0.5707939267158508,-0.1482175886631012,-0.40565890073776245,0.2504757344722748,-0.17098955810070038,0.03364286199212074,-0.015685928985476494,0.2568906545639038,-0.2569263279438019,-0.25804901123046875,0.25689059495925903,0.1700773537158966,0.5274118781089783,0.11513786017894745,-0.23399703204631805,0.0013681835262104869,-1.0,0.21042846143245697,-0.04518963024020195,0.016979841515421867,0.21253667771816254,-0.041150227189064026,0.037471652030944824,0.21042846143245697,-0.04518963024020195,0.011979841627180576
153,DESCEND,1,0.23150695860385895,0.6634635329246521,0.2081519067287445,1.2912499904632568,0.0020263968035578728,-2.3471064025670785e-07,-0.5745113492012024,0.5492876172065735,0.5521318912506104,-0.5730887055397034,-0.17184728384017944,-0.39755779504776,0.24710939824581146,-0.16691800951957703,0.03694868087768555,-0.020051032304763794,0.27503442764282227,-0.2759416699409485,-0.2761395573616028,0.27503442764282227,0.17007717490196228,0.5265113711357117,0.11648451536893845,-0.23646299540996552,0.0013509312411770225,-1.0,0.21043254435062408,-0.04518566653132439,0.016981011256575584,0.21252021193504333,-0.04112488776445389,0.037444524466991425,0.21043254435062408,-0.04518566653132439,0.011981011368334293
154,DESCEND,1,0.23156723380088806,0.6619334816932678,0.21035082638263702,1.2875925302505493,0.0019987982232123613,-2.1077515555134596e-07,-0.5759928226470947,0.5504034161567688,0.5534541606903076,-0.5759206414222717,-0.14419353008270264,-0.4061494469642639,0.24917706847190857,-0.16783976554870605,0.03401559591293335,-0.01679508201777935,0.2505580484867096,-0.2507562041282654,-0.2516167163848877,0.2505580186843872,0.17010948061943054,0.5256038904190063,0.11785649508237839,-0.23893944919109344,0.0013325321488082409,-1.0,0.21043069660663605,-0.045187998563051224,0.016980476677417755,0.21249383687973022,-0.04112972319126129,0.03742188215255737,0.21043069660663605,-0.045187998563051224,0.01198047585785389
155,DESCEND,1,0.2314956933259964,0.6603938341140747,0.2125808298587799,1.283934235572815,0.001973131438717246,-2.3700668805304304e-07,-0.5773880481719971,0.5508307814598083,0.5547917485237122,-0.5778821110725403,-0.17340418696403503,-0.4059032201766968,0.2502029538154602,-0.1634560525417328,0.03714069351553917,-0.01890563778579235,0.29352718591690063,-0.2932419776916504,-0.2946838140487671,0.29352712631225586,0.17011557519435883,0.524681568145752,0.11923325061798096,-0.2414216250181198,0.0013154209591448307,-1.0,0.21043172478675842,-0.045185353606939316,0.016980629414319992,0.21246904134750366,-0.041110821068286896,0.037399131804704666,0.21043172478675842,-0.045185353606939316,0.011980628594756126
156,DESCEND,1,0.2315138727426529,0.6588537693023682,0.2147817313671112,1.2802702188491821,0.0019450035179033875,-2.1658028970250598e-07,-0.5787021517753601,0.5517334938049316,0.555931568145752,-0.5803914070129395,-0.15068191289901733,-0.42482247948646545,0.25509732961654663,-0.16143406927585602,0.03499707207083702,-0.01670607179403305,0.2714821398258209,-0.2711631655693054,-0.27257826924324036,0.27148208022117615,0.17013731598854065,0.5237648487091064,0.1206037625670433,-0.2439018189907074,0.0012966690119355917,-1.0,0.21043233573436737,-0.04518609121441841,0.016980517655611038,0.21244527399539948,-0.04110845550894737,0.037378277629613876,0.21043233573436737,-0.04518609121441841,0.011980516836047173
157,DESCEND,1,0.23147928714752197,0.6573076844215393,0.21701788902282715,1.2766062021255493,0.0019187199650332332,-2.354125427928011e-07,-0.579939603805542,0.5521725416183472,0.5571354031562805,-0.5822320580482483,-0.17094668745994568,-0.42731645703315735,0.25570476055145264,-0.15772593021392822,0.03702371567487717,-0.017309077084064484,0.30824974179267883,-0.30715814232826233,-0.3094542324542999,0.308249831199646,0.17015103995800018,0.5228431224822998,0.12198429554700851,-0.2463890016078949,0.0012791466433554888,-1.0,0.21043244004249573,-0.045185115188360214,0.016980309039354324,0.21241897344589233,-0.04109595715999603,0.0373566709458828,0.21043244004249573,-0.045185115188360214,0.011980308219790459
158,DESCEND,1,0.2314680516719818,0.6557695865631104,0.2192482054233551,1.2729382514953613,0.0018905121833086014,-2.2079574080180464e-07,-0.5811052322387695,0.5529996156692505,0.5581398606300354,-0.5845358967781067,-0.15657877922058105,-0.4296371340751648,0.25409752130508423,-0.15465563535690308,0.03531331196427345,-0.016295116394758224,0.28537717461586,-0.2845098376274109,-0.2864859104156494,0.28537717461586,0.17017042636871338,0.5219296216964722,0.12335937470197678,-0.24888023734092712,0.0012603414943441749,-1.0,0.21043278276920319,-0.04518517479300499,0.016980484127998352,0.212392196059227,-0.04108757525682449,0.03733440488576889,0.21043278276920319,-0.04518517479300499,0.011980483308434486
159,DESCEND,1,0.23145774006843567,0.6542282104492188,0.22148708999156952,1.2692677974700928,0.001863572048023343,-2.317189569112088e-07,-0.5822029113769531,0.5535500645637512,0.5592008233070374,-0.5863803625106812,-0.16750827431678772,-0.4303843080997467,0.25326237082481384,-0.15205107629299164,0.036203533411026,-0.015917625278234482,0.3104730248451233,-0.3087577521800995,-0.31166696548461914,0.31047308444976807,0.17019055783748627,0.5210146307945251,0.12473960965871811,-0.251373291015625,0.0012423814041540027,-1.0,0.2104322463274002,-0.045185431838035583,0.016980160027742386,0.2123645842075348,-0.04107921943068504,0.03731241077184677,0.2104322463274002,-0.045185431838035583,0.01198015920817852
160,DESCEND,1,0.23143157362937927,0.6526962518692017,0.22371803224086761,1.2655928134918213,0.0018354725325480103,-2.2646717923180404e-07,-0.583236575126648,0.5542619228363037,0.5601053833961487,-0.5884189605712891,-0.1632889062166214,-0.43130889534950256,0.25205856561660767,-0.14850834012031555,0.0355956107378006,-0.01568773202598095,0.30148425698280334,-0.299877405166626,-0.30262136459350586,0.30148422718048096,0.1702078878879547,0.5201044082641602,0.1261136531829834,-0.2538685202598572,0.0012236484326422215,-1.0,0.21043282747268677,-0.04518502205610275,0.016980353742837906,0.21233825385570526,-0.04106820374727249,0.03728954493999481,0.21043282747268677,-0.04518502205610275,0.01198035478591919
161,DESCEND,1,0.23142920434474945,0.6511614322662354,0.2259529083967209,1.2619152069091797,0.001807784428820014,-2.2887176953645394e-07,-0.5842101573944092,0.5549079179763794,0.5610171556472778,-0.5902689099311829,-0.1651296317577362,-0.43218332529067993,0.25256437063217163,-0.15638378262519836,0.035766199231147766,-0.015509306453168392,0.3106828033924103,-0.30846771597862244,-0.31185978651046753,0.31068283319473267,0.17023007571697235,0.519195020198822,0.12749134004116058,-0.25636547803878784,0.0012051896192133427,-1.0,0.2104322910308838,-0.04518555849790573,0.016980133950710297,0.2123107612133026,-0.04106124863028526,0.03726717829704285,0.2104322910308838,-0.04518555849790573,0.011980134062469006
162,DESCEND,1,0.23141534626483917,0.6496456861495972,0.22816914319992065,1.2582327127456665,0.0017795955063775182,-2.2681682310121687e-07,-0.5851272344589233,0.5555583238601685,0.5618641376495361,-0.5920714735984802,-0.16254843771457672,-0.4285300374031067,0.2542797327041626,-0.18880483508110046,0.03599395975470543,-0.017290335148572922,0.30254700779914856,-0.3002861440181732,-0.3037020266056061,0.30254703760147095,0.17025475203990936,0.5182957649230957,0.12885552644729614,-0.2588643431663513,0.001186397043056786,-1.0,0.21043360233306885,-0.04518716037273407,0.016980264335870743,0.2122853845357895,-0.04105275124311447,0.03724334388971329,0.21043360233306885,-0.04518716037273407,0.011980265378952026
163,DESCEND,1,0.23142144083976746,0.6481245756149292,0.23036469519138336,1.254546046257019,0.0017514582723379135,-2.2789541276324599e-07,-0.5859910249710083,0.5561636090278625,0.56272292137146,-0.5937098860740662,-0.1644233763217926,-0.42642053961753845,0.24937593936920166,-0.18848012387752533,0.03557969629764557,-0.01604640670120716,0.3090021014213562,-0.30617013573646545,-0.31019484996795654,0.3090020418167114,0.17028045654296875,0.5173914432525635,0.13022005558013916,-0.2613564431667328,0.0011676389258354902,-1.0,0.21043457090854645,-0.045189276337623596,0.016980186104774475,0.21226274967193604,-0.0410485602915287,0.03722153604030609,0.21043457090854645,-0.045189276337623596,0.011980186216533184
164,DESCEND,1,0.2313910573720932,0.6466296315193176,0.23256367444992065,1.2508563995361328,0.0017231858801096678,-2.321663572502075e-07,-0.5868045091629028,0.5567952394485474,0.5634994506835938,-0.5953465700149536,-0.16899284720420837,-0.4283791184425354,0.25028955936431885,-0.1880055069923401,0.036323875188827515,-0.01672007329761982,0.3156144618988037,-0.3126411736011505,-0.31680262088775635,0.3156144618988037,0.1702989786863327,0.5165027379989624,0.13158018887043,-0.2638530135154724,0.0011487905867397785,-1.0,0.21043558418750763,-0.04518884792923927,0.016980404034256935,0.21223938465118408,-0.04103749245405197,0.037195976823568344,0.21043558418750763,-0.04518884792923927,0.011980404146015644
165,DESCEND,1,0.23139041662216187,0.6451308727264404,0.2347661405801773,1.247164249420166,0.0016944719245657325,-2.2745311412109004e-07,-0.5875706076622009,0.5575259923934937,0.5642332434654236,-0.5970238447189331,-0.16385740041732788,-0.42990508675575256,0.2506695091724396,-0.18793544173240662,0.03577487915754318,-0.016054878011345863,0.3120209574699402,-0.3087117671966553,-0.3131956458091736,0.31202101707458496,0.1703222393989563,0.5156154036521912,0.1329433023929596,-0.2663518786430359,0.0011296479497104883,-1.0,0.21043561398983002,-0.045189324766397476,0.016980327665805817,0.21221473813056946,-0.041031576693058014,0.03717111051082611,0.21043561398983002,-0.045189324766397476,0.0119803287088871
166,DESCEND,1,0.2313685566186905,0.643632173538208,0.23697227239608765,1.2434698343276978,0.001666083699092269,-2.3358073519830214e-07,-0.5882921814918518,0.5580952167510986,0.5649513006210327,-0.5984516143798828,-0.16998480260372162,-0.4307827353477478,0.2512395679950714,-0.18770456314086914,0.03655840829014778,-0.016378143802285194,0.3241424858570099,-0.3204736113548279,-0.32534319162368774,0.3241424560546875,0.17034149169921875,0.5147265195846558,0.1343075931072235,-0.26885175704956055,0.0011107225436717272,-1.0,0.2104359269142151,-0.04518893361091614,0.016980387270450592,0.21219055354595184,-0.041021861135959625,0.03714622184634209,0.2104359269142151,-0.04518893361091614,0.011980387382209301
167,DESCEND,1,0.23119468986988068,0.6424646377563477,0.23867207765579224,1.2397397756576538,0.001637286157347262,-2.269977414925961e-07,-0.5889716744422913,0.5589479804039001,0.5654206871986389,-0.6003215312957764,-0.16834530234336853,-0.36365121603012085,0.234315425157547,-0.18318460881710052,0.03585918992757797,-0.020257718861103058,0.2750919759273529,-0.2724767327308655,-0.2759590148925781,0.2750919759273529,0.17036426067352295,0.513950526714325,0.13555675745010376,-0.27119573950767517,0.0010915241437032819,-1.0,0.21043354272842407,-0.045188482850790024,0.016981512308120728,0.21222412586212158,-0.0409979410469532,0.03710096329450607,0.21043354272842407,-0.045188482850790024,0.011981511488556862
168,DESCEND,1,0.23132586479187012,0.6409085392951965,0.2408338040113449,1.2360491752624512,0.0016081125941127539,-2.1776631342618202e-07,-0.589611828327179,0.5595591068267822,0.5661675333976746,-0.601597011089325,-0.152356818318367,-0.4150078296661377,0.25374242663383484,-0.18994387984275818,0.03397056832909584,-0.01392101589590311,0.30336299538612366,-0.29842907190322876,-0.30450937151908875,0.30336296558380127,0.17039582133293152,0.5130329132080078,0.13692906498908997,-0.2736745774745941,0.0010720751015469432,-1.0,0.2104329764842987,-0.04519239440560341,0.016980048269033432,0.21220466494560242,-0.0410173274576664,0.03708798810839653,0.2104329764842987,-0.04519239440560341,0.011980047449469566
169,DESCEND,1,0.23115769028663635,0.6394267082214355,0.24302051961421967,1.232358455657959,0.0015792546328157187,-2.334463715669699e-07,-0.5902144312858582,0.5596070289611816,0.5667423605918884,-0.6023649573326111,-0.1720615178346634,-0.4226731061935425,0.25451046228408813,-0.18834823369979858,0.03815072774887085,-0.01922028698027134,0.3209983706474304,-0.3175308108329773,-0.3220762610435486,0.32099825143814087,0.17037808895111084,0.5121385455131531,0.13828742504119873,-0.27615898847579956,0.0010528364218771458,-1.0,0.21043656766414642,-0.04518388211727142,0.01698119565844536,0.21218810975551605,-0.04098266735672951,0.03706301748752594,0.21043656766414642,-0.04518388211727142,0.011981194838881493
170,DESCEND,1,0.23128396272659302,0.6378995180130005,0.24522468447685242,1.2286672592163086,0.001549522508867085,-2.1665290717010066e-07,-0.5907822251319885,0.5601615309715271,0.5674173831939697,-0.6035086512565613,-0.14994068443775177,-0.44053933024406433,0.25777730345726013,-0.1925765424966812,0.03486879914999008,-0.013764234259724617,0.3191129267215729,-0.3140915632247925,-0.3203126788139343,0.31911301612854004,0.17042657732963562,0.5112475156784058,0.13965359330177307,-0.2786601483821869,0.0010330150835216045,-1.0,0.21043485403060913,-0.04519103094935417,0.01697995886206627,0.21216033399105072,-0.040999289602041245,0.03704403340816498,0.21043485403060913,-0.04519103094935417,0.011979958042502403
171,DESCEND,1,0.23112055659294128,0.6364288330078125,0.2474181354045868,1.2249728441238403,0.0015212512807920575,-2.4515162522220635e-07,-0.591316819190979,0.5600450038909912,0.5679990649223328,-0.6039796471595764,-0.18307122588157654,-0.43689078092575073,0.2594538927078247,-0.1891167014837265,0.040205828845500946,-0.01941261626780033,0.3536973297595978,-0.34942662715911865,-0.3548799753189087,0.3536972999572754,0.17040705680847168,0.5103631019592285,0.14101466536521912,-0.28114795684814453,0.0010141675593331456,-1.0,0.21043698489665985,-0.04518110677599907,0.016980860382318497,0.2121419757604599,-0.040965013206005096,0.03701760619878769,0.21043698489665985,-0.04518110677599907,0.01198086142539978
172,DESCEND,1,0.23124320805072784,0.6349308490753174,0.24960613250732422,1.2212750911712646,0.0014900915557518601,-2.0652610999150056e-07,-0.5918205380439758,0.5607243180274963,0.5685262084007263,-0.6052749752998352,-0.13955089449882507,-0.4505486488342285,0.25920748710632324,-0.19254496693611145,0.03448416292667389,-0.01363369356840849,0.3089848458766937,-0.3042966425418854,-0.3101269006729126,0.3089848756790161,0.17046189308166504,0.5094901919364929,0.14236722886562347,-0.28365302085876465,0.0009933944093063474,-1.0,0.2104361206293106,-0.04518961161375046,0.016980230808258057,0.21211503446102142,-0.04098113626241684,0.036995772272348404,0.2104361206293106,-0.04518961161375046,0.011980229988694191
173,DESCEND,1,0.23110386729240417,0.6334717273712158,0.25179558992385864,1.2175756692886353,0.0014630897203460336,-2.590531948953867e-07,-0.5922942757606506,0.5603086352348328,0.5691757798194885,-0.605272650718689,-0.19700093567371368,-0.44376587867736816,0.26182329654693604,-0.18978135287761688,0.041954055428504944,-0.019003303721547127,0.3909158408641815,-0.3856359124183655,-0.39223137497901917,0.3909158706665039,0.17044810950756073,0.5086160898208618,0.14372679591178894,-0.28614339232444763,0.0009753931662999094,-1.0,0.2104371041059494,-0.04518063738942146,0.016980551183223724,0.2120957225561142,-0.04095110669732094,0.036968402564525604,0.2104371041059494,-0.04518063738942146,0.011980551294982433
174,DESCEND,1,0.231179878115654,0.6320065855979919,0.2539639472961426,1.2138714790344238,0.0014305450022220612,-2.0342218931546086e-07,-0.5927411913871765,0.5611271262168884,0.5695271492004395,-0.606776237487793,-0.13576984405517578,-0.4555577039718628,0.262391060590744,-0.18989475071430206,0.03540186956524849,-0.015020000748336315,0.3032049238681793,-0.29890239238739014,-0.30426573753356934,0.3032049536705017,0.17049074172973633,0.5077584981918335,0.14507266879081726,-0.2886447310447693,0.0009536966681480408,-1.0,0.21043623983860016,-0.0451853983104229,0.016980547457933426,0.21207143366336823,-0.040959302335977554,0.03694337606430054,0.21043623983860016,-0.0451853983104229,0.01198054663836956
175,DESCEND,1,0.23108917474746704,0.6305216550827026,0.2561747431755066,1.2101693153381348,0.001403873902745545,-2.6038890155177796e-07,-0.5931616425514221,0.5605733394622803,0.5702091455459595,-0.6065152287483215,-0.1960166096687317,-0.4510120153427124,0.2668611705303192,-0.18875426054000854,0.0426192432641983,-0.018445247784256935,0.4039265811443329,-0.39806312322616577,-0.40528181195259094,0.4039266109466553,0.17048346996307373,0.5068761110305786,0.14644229412078857,-0.29114216566085815,0.0009359159739688039,-1.0,0.2104361206293106,-0.04517812281847,0.016980264335870743,0.21204914152622223,-0.040937431156635284,0.036919206380844116,0.2104361206293106,-0.04517812281847,0.011980265378952026
176,DESCEND,1,0.23109880089759827,0.6290772557258606,0.25833970308303833,1.2064601182937622,0.001371084013953805,-2.0682702484009496e-07,-0.5935580730438232,0.5611642003059387,0.5704845786094666,-0.6077783703804016,-0.13819429278373718,-0.46031033992767334,0.26890259981155396,-0.18603207170963287,0.03754875063896179,-0.016927139833569527,0.3110899031162262,-0.30701276659965515,-0.31210988759994507,0.31108999252319336,0.17050878703594208,0.506026566028595,0.1477847546339035,-0.29364365339279175,0.0009140560287050903,-1.0,0.21043618023395538,-0.045178309082984924,0.01698070392012596,0.21202680468559265,-0.04093395546078682,0.03689192980527878,0.21043618023395538,-0.045178309082984924,0.01198070403188467
177,DESCEND,1,0.231076180934906,0.6275898218154907,0.26054951548576355,1.2027537822723389,0.0013438963796943426,-2.527955587083852e-07,-0.5939309597015381,0.5605329275131226,0.5711492896080017,-0.6073967814445496,-0.18541640043258667,-0.4575880467891693,0.2712920904159546,-0.18718869984149933,0.04252489656209946,-0.017732789739966393,0.4028179347515106,-0.39683061838150024,-0.4041614532470703,0.402817964553833,0.1705203503370285,0.5051504373550415,0.14915072917938232,-0.2961476743221283,0.0008959309197962284,-1.0,0.21043530106544495,-0.04517577961087227,0.016979999840259552,0.21200226247310638,-0.0409240648150444,0.03686877340078354,0.21043530106544495,-0.04517577961087227,0.011979999952018261
178,DESCEND,1,0.23103727400302887,0.6261603832244873,0.262714684009552,1.199040412902832,0.0013115500332787633,-2.15125112390524e-07,-0.5942825078964233,0.5607513785362244,0.5714150071144104,-0.6082383394241333,-0.14646321535110474,-0.4617793560028076,0.27306434512138367,-0.18355979025363922,0.03934163227677345,-0.017891276627779007,0.3265514373779297,-0.32253196835517883,-0.3275832533836365,0.3265514373779297,0.17053836584091187,0.5043072700500488,0.15048658847808838,-0.29865288734436035,0.0008743667276576161,-1.0,0.2104368805885315,-0.04517434909939766,0.016980770975351334,0.21198102831840515,-0.04091198369860649,0.036839865148067474,0.2104368805885315,-0.04517434909939766,0.011980770155787468
179,DESCEND,1,0.2310558408498764,0.6246758103370667,0.26491832733154297,1.195327877998352,0.0012833403889089823,-2.448498150897649e-07,-0.5946135520935059,0.5602671504020691,0.5720022320747375,-0.6080429553985596,-0.17490950226783752,-0.4631786644458771,0.27382197976112366,-0.18503037095069885,0.04218991845846176,-0.017404688522219658,0.39296454191207886,-0.3872034549713135,-0.39425113797187805,0.39296454191207886,0.17056213319301605,0.5034366846084595,0.15185001492500305,-0.3011602759361267,0.0008555602980777621,-1.0,0.2104354351758957,-0.04517471417784691,0.016980314627289772,0.2119559645652771,-0.04090944305062294,0.036817219108343124,0.2104354351758957,-0.04517471417784691,0.011980314739048481
180,DESCEND,1,0.2309931218624115,0.6232470273971558,0.26708826422691345,1.1916104555130005,0.0012517089489847422,-2.2405258448543464e-07,-0.5949253439903259,0.5602585673332214,0.5722842812538147,-0.608597993850708,-0.1556415855884552,-0.4637110233306885,0.2761489152908325,-0.18216237425804138,0.04070228710770607,-0.018206140026450157,0.3425605297088623,-0.33840441703796387,-0.34362342953681946,0.34256047010421753,0.170574352145195,0.5025929808616638,0.1531861126422882,-0.30366820096969604,0.0008344726520590484,-1.0,0.21043761074543,-0.045172106474637985,0.01698078028857708,0.21193523705005646,-0.040893130004405975,0.036788515746593475,0.21043761074543,-0.045172106474637985,0.011980780400335789
181,DESCEND,1,0.2310256063938141,0.6217716336250305,0.26928606629371643,1.187893033027649,0.0012224290985614061,-2.3688519945608277e-07,-0.5952189564704895,0.55999755859375,0.572776734828949,-0.6086810231208801,-0.16642040014266968,-0.46905651688575745,0.27562081813812256,-0.18331077694892883,0.04189775884151459,-0.017283115535974503,0.38145747780799866,-0.3760216236114502,-0.38267824053764343,0.3814573884010315,0.17060357332229614,0.5017304420471191,0.15454372763633728,-0.3061792850494385,0.000814952771179378,-1.0,0.21043631434440613,-0.04517371580004692,0.0169808492064476,0.21190997958183289,-0.04089311510324478,0.03676538169384003,0.21043631434440613,-0.04517371580004692,0.011980848386883736
182,DESCEND,1,0.23077544569969177,0.6202556490898132,0.27112412452697754,1.1841508150100708,0.001194079639390111,-2.7555381620913977e-07,-0.5954949855804443,0.5589428544044495,0.5731565952301025,-0.6080559492111206,-0.22407063841819763,-0.44881507754325867,0.2507115602493286,-0.19706907868385315,0.044457003474235535,-0.017192181199789047,0.44588494300842285,-0.4399524927139282,-0.447365403175354,0.4458848834037781,0.17055544257164001,0.5007259249687195,0.15591150522232056,-0.30851221084594727,0.0007960530929267406,-1.0,0.21044060587882996,-0.045166246592998505,0.01697997748851776,0.21195517480373383,-0.04085802659392357,0.03676922619342804,0.21044060587882996,-0.045166246592998505,0.01197997760027647
183,DESCEND,1,0.23098783195018768,0.6190029382705688,0.27307164669036865,1.1804251670837402,0.0011590170906856656,-1.913850695700603e-07,-0.5957558155059814,0.5600342750549316,0.5732946395874023,-0.6098067760467529,-0.12095172703266144,-0.5126875638961792,0.27406737208366394,-0.1985272318124771,0.03561001271009445,-0.01128536369651556,0.32914990186691284,-0.324638307094574,-0.330342173576355,0.32914990186691284,0.17065569758415222,0.5000002384185791,0.15715035796165466,-0.31099313497543335,0.0007726780604571104,-1.0,0.21044191718101501,-0.045183517038822174,0.016979798674583435,0.21194376051425934,-0.04089416563510895,0.036728695034980774,0.21044191718101501,-0.045183517038822174,0.01197979785501957
184,DESCEND,1,0.23079289495944977,0.6176351308822632,0.2752341330051422,1.17671537399292,0.0011339804623275995,-2.904555174154666e-07,-0.5960006713867188,0.5588961839675903,0.5739330053329468,-0.6087692975997925,-0.2270756959915161,-0.4876084327697754,0.27948373556137085,-0.18791915476322174,0.049713384360075,-0.020782142877578735,0.4890127182006836,-0.4826015830039978,-0.49052417278289795,0.48901277780532837,0.1706378161907196,0.4991840124130249,0.15847885608673096,-0.31348976492881775,0.0007559870136901736,-1.0,0.21044373512268066,-0.045170847326517105,0.016984401270747185,0.21192461252212524,-0.04085396230220795,0.03669331967830658,0.21044373512268066,-0.045170847326517105,0.011984401382505894
185,DESCEND,1,0.23085929453372955,0.6162609457969666,0.27734988927841187,1.172998309135437,0.001098747132346034,-2.048152794031921e-07,-0.5962319374084473,0.5599676370620728,0.5739752054214478,-0.6105395555496216,-0.13067635893821716,-0.4943028390407562,0.2855169177055359,-0.1814574897289276,0.04063091427087784,-0.01783929020166397,0.32829123735427856,-0.32407674193382263,-0.32925304770469666,0.3282911777496338,0.17067459225654602,0.4983855187892914,0.1597987711429596,-0.3159865736961365,0.0007324981270357966,-1.0,0.21044138073921204,-0.04517193138599396,0.016985267400741577,0.21190275251865387,-0.04086101055145264,0.03666170313954353,0.21044138073921204,-0.04517193138599396,0.011985266581177711
186,DESCEND,1,0.23080191016197205,0.6148371696472168,0.2795291543006897,1.1692856550216675,0.0010711837094277143,-2.526113007661479e-07,-0.5964493155479431,0.5591524839401245,0.5745009779930115,-0.6098964214324951,-0.18249787390232086,-0.47847041487693787,0.2858225405216217,-0.181787371635437,0.04607151076197624,-0.019590063020586967,0.4179018437862396,-0.4123510718345642,-0.41914159059524536,0.41790181398391724,0.17068731784820557,0.49754950404167175,0.1611354649066925,-0.31849297881126404,0.0007141224923543632,-1.0,0.21044230461120605,-0.04516935721039772,0.016984591260552406,0.21188004314899445,-0.04084514454007149,0.036634210497140884,0.21044230461120605,-0.04516935721039772,0.011984591372311115
187,DESCEND,1,0.23081214725971222,0.6134096384048462,0.2816850543022156,1.165568232536316,0.0010387190850451589,-2.2322755910408887e-07,-0.5966541171073914,0.5591905117034912,0.5747256278991699,-0.610406219959259,-0.1509099006652832,-0.4874764680862427,0.2871081829071045,-0.18047821521759033,0.04297614470124245,-0.01844906620681286,0.3634904623031616,-0.35889285802841187,-0.36454516649246216,0.3634905219078064,0.17071478068828583,0.49671441316604614,0.16246885061264038,-0.3209962248802185,0.0006924794288352132,-1.0,0.21044260263442993,-0.04517051577568054,0.01698518544435501,0.2118586003780365,-0.040842048823833466,0.03660881146788597,0.21044260263442993,-0.04517051577568054,0.011985186487436295
188,DESCEND,1,0.23078760504722595,0.6119826436042786,0.2838594317436218,1.1618505716323853,0.0010090850992128253,-2.413576112303417e-07,-0.5968469977378845,0.5587283968925476,0.5751121640205383,-0.6102363467216492,-0.17047390341758728,-0.48543745279312134,0.2869254946708679,-0.18107931315898895,0.045107822865247726,-0.018973808735609055,0.3991127014160156,-0.3939860463142395,-0.4002764821052551,0.3991127014160156,0.17073647677898407,0.4958789050579071,0.16380558907985687,-0.3235038220882416,0.0006727233994752169,-1.0,0.21044300496578217,-0.04517022892832756,0.016985027119517326,0.21183589100837708,-0.04083217307925224,0.03658270090818405,0.21044300496578217,-0.04517022892832756,0.011985027231276035
189,DESCEND,1,0.23078186810016632,0.6105628609657288,0.286021888256073,1.1581298112869263,0.000977610470727086,-2.309956954604786e-07,-0.5970287919044495,0.5586495399475098,0.5753765106201172,-0.6105598211288452,-0.15938878059387207,-0.48961305618286133,0.287488728761673,-0.1804240494966507,0.04406418651342392,-0.018590200692415237,0.3786650002002716,-0.37391895055770874,-0.3797520101070404,0.3786649703979492,0.1707620918750763,0.4950491189956665,0.1651381105184555,-0.3260110318660736,0.0006517403526231647,-1.0,0.21044327318668365,-0.04517083615064621,0.01698531024158001,0.2118137627840042,-0.040825989097356796,0.03655652701854706,0.21044327318668365,-0.04517083615064621,0.011985310353338718
190,DESCEND,1,0.23076584935188293,0.6091422438621521,0.288190096616745,1.1544076204299927,0.0009471462690271437,-2.376319514496572e-07,-0.5971999764442444,0.5584388971328735,0.5756933093070984,-0.6106787323951721,-0.16653552651405334,-0.4897971749305725,0.2873324155807495,-0.18067678809165955,0.04484762251377106,-0.01867138408124447,0.39176177978515625,-0.38678836822509766,-0.3928849697113037,0.3917617201805115,0.1707853525876999,0.4942191541194916,0.1664709895849228,-0.3285207152366638,0.0006314308848232031,-1.0,0.21044370532035828,-0.0451708659529686,0.01698535680770874,0.2117912620306015,-0.0408177524805069,0.03653036803007126,0.21044370532035828,-0.0451708659529686,0.011985357850790024
191,DESCEND,1,0.23075616359710693,0.6077273488044739,0.2903526723384857,1.150682806968689,0.0009159726905636489,-2.3363415380117658e-07,-0.597361147403717,0.5583953261375427,0.5759592056274414,-0.6109938621520996,-0.1624942272901535,-0.4925074279308319,0.2876463830471039,-0.180356964468956,0.044531356543302536,-0.018475541844964027,0.3846818208694458,-0.37982428073883057,-0.38577353954315186,0.3846818208694458,0.17081061005592346,0.49339303374290466,0.16780221462249756,-0.33103013038635254,0.0006106484797783196,-1.0,0.21044401824474335,-0.045171309262514114,0.016985539346933365,0.2117692083120346,-0.04081078618764877,0.036504101008176804,0.21044401824474335,-0.045171309262514114,0.011985540390014648
192,DESCEND,1,0.2307453751564026,0.6063303351402283,0.2924964725971222,1.146955132484436,0.0008852708851918578,-2.3692733464031335e-07,-0.5975130200386047,0.5582919120788574,0.5762462615966797,-0.6112030148506165,-0.16655376553535461,-0.4923400282859802,0.2885059118270874,-0.17951449751853943,0.04500154033303261,-0.01829208992421627,0.3927847146987915,-0.3877200484275818,-0.393899142742157,0.3927847743034363,0.1708330512046814,0.49257713556289673,0.16912683844566345,-0.3335365653038025,0.0005901806289330125,-1.0,0.2104443609714508,-0.045170772820711136,0.016985490918159485,0.21174874901771545,-0.04080400615930557,0.03647657483816147,0.2104443609714508,-0.045170772820711136,0.01198549009859562
193,DESCEND,1,0.23073045909404755,0.6049290299415588,0.294649600982666,1.1432263851165771,0.0008540045819245279,-2.333051298819555e-07,-0.5976558327674866,0.5582783222198486,0.5764917731285095,-0.6115185618400574,-0.16305705904960632,-0.49479541182518005,0.2897743582725525,-0.17882679402828217,0.04483615607023239,-0.01821828819811344,0.386039674282074,-0.3811161518096924,-0.38712090253829956,0.386039674282074,0.17084793746471405,0.49171778559684753,0.17046472430229187,-0.3360222280025482,0.0005693364073522389,-1.0,0.21044504642486572,-0.04517059773206711,0.01698569767177105,0.211727574467659,-0.04079637676477432,0.036449577659368515,0.21044504642486572,-0.04517059773206711,0.011985697783529758
194,DESCEND,1,0.2307192087173462,0.6035265922546387,0.2968083620071411,1.139497995376587,0.0008230735547840595,-2.3558185091587802e-07,-0.5977905988693237,0.5582258701324463,0.5767555236816406,-0.6117521524429321,-0.16540008783340454,-0.49574798345565796,0.2897242605686188,-0.17882800102233887,0.04518308490514755,-0.018109923228621483,0.3924606442451477,-0.38736891746520996,-0.3935578465461731,0.39246058464050293,0.17085015773773193,0.490786075592041,0.17182490229606628,-0.3384668827056885,0.000548715703189373,-1.0,0.21044543385505676,-0.04517067223787308,0.016985740512609482,0.21170541644096375,-0.04078909382224083,0.0364227220416069,0.21044543385505676,-0.04517067223787308,0.011985741555690765
195,DESCEND,1,0.23070885241031647,0.6021303534507751,0.298963338136673,1.1357719898223877,0.0007918199989944696,-2.337833677756862e-07,-0.5979175567626953,0.5582199692726135,0.5769971013069153,-0.6120295524597168,-0.16370534896850586,-0.4969198405742645,0.2896174490451813,-0.17829683423042297,0.045128658413887024,-0.017984293401241302,0.390350878238678,-0.3852865695953369,-0.3914329707622528,0.39035093784332275,0.1708534061908722,0.48985716700553894,0.17318318784236908,-0.3409087061882019,0.0005278800381347537,-1.0,0.21044562757015228,-0.04517098143696785,0.01698586717247963,0.2116832584142685,-0.04078197479248047,0.03639567643404007,0.21044562757015228,-0.04517098143696785,0.011985866352915764
196,DESCEND,1,0.23069719970226288,0.6007370948791504,0.3011157214641571,1.132049798965454,0.0007606932776980102,-2.3475016064367082e-07,-0.59803706407547,0.5581887364387512,0.577242910861969,-0.6122530698776245,-0.16527628898620605,-0.4974238872528076,0.28915268182754517,-0.17807285487651825,0.045355815440416336,-0.017882075160741806,0.3944327235221863,-0.38927221298217773,-0.3955219089984894,0.3944327235221863,0.17085608839988708,0.48893165588378906,0.1745384931564331,-0.3433489203453064,0.0005071288906037807,-1.0,0.21044586598873138,-0.045171208679676056,0.016985926777124405,0.21166099607944489,-0.04077465087175369,0.036368802189826965,0.21044586598873138,-0.045171208679676056,0.011985927820205688
197,DESCEND,1,0.2306872308254242,0.5993492603302002,0.30326324701309204,1.128330111503601,0.0007293570670299232,-2.3384816927318752e-07,-0.5981494784355164,0.5581941604614258,0.5774738192558289,-0.6125044822692871,-0.16444824635982513,-0.49858319759368896,0.28886717557907104,-0.17770330607891083,0.04535145312547684,-0.017733987420797348,0.39405953884124756,-0.38888585567474365,-0.39514076709747314,0.39405959844589233,0.17085954546928406,0.48800915479660034,0.17589184641838074,-0.34578603506088257,0.00048623804468661547,-1.0,0.2104460746049881,-0.045171573758125305,0.016986066475510597,0.21163904666900635,-0.04076763987541199,0.03634195029735565,0.2104460746049881,-0.045171573758125305,0.011986066587269306
198,DESCEND,1,0.23051445186138153,0.5983585119247437,0.30479905009269714,1.1245753765106201,0.0006950817769393325,-1.764478838595096e-07,-0.5982556939125061,0.5588808655738831,0.5773991942405701,-0.6137232184410095,-0.11413164436817169,-0.4071110486984253,0.26701828837394714,-0.17039833962917328,0.03770183399319649,-0.01851998269557953,0.22454674541950226,-0.22242385149002075,-0.22496119141578674,0.22454670071601868,0.17085961997509003,0.48715096712112427,0.1771335005760193,-0.3479907512664795,0.00046338787069544196,-1.0,0.21044296026229858,-0.04517212510108948,0.016986094415187836,0.21168825030326843,-0.04074767604470253,0.03629317134618759,0.21044296026229858,-0.04517212510108948,0.01198609545826912
199,DESCEND,1,0.23063834011554718,0.5968388915061951,0.3069186210632324,1.120879888534546,0.0006681988597847521,-2.4708126034056477e-07,-0.598355233669281,0.5578681826591492,0.5780103206634521,-0.6125538349151611,-0.17932894825935364,-0.4854719042778015,0.2869371473789215,-0.1854192018508911,0.045300986617803574,-0.015246521681547165,0.4403405785560608,-0.4332961440086365,-0.4416395425796509,0.440340518951416,0.17087337374687195,0.48622840642929077,0.17848140001296997,-0.35044044256210327,0.0004454659065231681,-1.0,0.21044693887233734,-0.04517652094364166,0.01698652282357216,0.2116742581129074,-0.040767014026641846,0.03628881275653839,0.21044693887233734,-0.04517652094364166,0.011986523866653442
